autor_1,autor_2,videos_compartidos
/@inge_vergueta,/@Jel.Awesh.M,2
/@Alejandro00710,/@hashojea7348,2
/@JorgeMunoz-gd9et,/@AlbertoMancilla-p9h,1
/@MegaKristenstewart,/@inge_vergueta,1
/@MegaKristenstewart,/@hectorcarranza3777,1
/@MegaKristenstewart,/@mdelcid01,1
/@MegaKristenstewart,/@eusebiovasquez4385,1
/@MegaKristenstewart,/@FranciscoRivera-sf7ne,1
/@MegaKristenstewart,/@davidisraelesquitsaquil,1
/@MegaKristenstewart,/@fredydomingo7062,1
/@MegaKristenstewart,/@edgarroldan5539,1
/@MegaKristenstewart,/@SuperVictor2005,1
/@MegaKristenstewart,/@CARLOSSTREMS51,1
/@MegaKristenstewart,/@Rogergh-nw4oj,1
/@MegaKristenstewart,/@amyherrera7352,1
/@MegaKristenstewart,/@edwingeovanymarroquinmarro6684,1
/@MegaKristenstewart,/@markoherrera,1
/@MegaKristenstewart,/@BenjaminLarios-jd8nk,1
/@MegaKristenstewart,/@JuanChang-r6k,1
/@MegaKristenstewart,/@SoniaMarroquin-y6e,1
/@MegaKristenstewart,/@RobertoZelaya-x1v,1
/@MegaKristenstewart,/@anaaguirre8985,1
/@MegaKristenstewart,/@carlosaguilar-kz7ml,1
/@MegaKristenstewart,/@mariasamo8637,1
/@Ripped-Yoda,/@eugeneramirez4405,1
/@Ripped-Yoda,/@RosaMontesdeOca777,1
/@Ripped-Yoda,/@WilR-s8r,1
/@Ripped-Yoda,/@Paul-gf7ec,1
/@MegaKristenstewart,/@MacarioMartinezruiz,1
/@MegaKristenstewart,/@JavierBecerra-h6x,1
/@MegaKristenstewart,/@belarminavillatoro6474,1
/@MegaKristenstewart,/@GilmarMaldonado-q9m,1
/@MegaKristenstewart,/@josehidalgo4875,1
/@MegaKristenstewart,/@ARGELIATELON,1
/@MegaKristenstewart,/@JacintaTzoy,1
/@MegaKristenstewart,/@gorrarota,1
/@MegaKristenstewart,/@mynorrodas8591,1
/@MegaKristenstewart,/@OseasSamayoa-ol5rz,1
/@MegaKristenstewart,/@pablochitay46,1
/@MegaKristenstewart,/@josecarrera9623,1
/@MegaKristenstewart,/@victorarturoruanobautista7588,1
/@MegaKristenstewart,/@VidalVillatoro-p4w,1
/@MegaKristenstewart,/@nestorlorenzana1168,1
/@MegaKristenstewart,/@dantesarti4351,1
/@Ripped-Yoda,/@aurahernandez5646,1
/@MegaKristenstewart,/@monkchapin,1
/@MegaKristenstewart,/@romeolopezherrarte799,1
/@MegaKristenstewart,/@ricardofigueroa5720,1
/@MegaKristenstewart,/@SergioGarcia-z9c,1
/@MegaKristenstewart,/@domingopeneleu6457,1
/@MegaKristenstewart,/@ronyarana8849,1
/@MegaKristenstewart,/@mariorodas593,1
/@MegaKristenstewart,/@Iv%C3%A1nP%C3%A9rez-j4j,1
/@MegaKristenstewart,/@thelmamoran8565,1
/@MegaKristenstewart,/@fredygarcia9151,1
/@MegaKristenstewart,/@TeresaLucero-b5o,1
/@MegaKristenstewart,/@cesarandreas7824,1
/@MegaKristenstewart,/@oscarnavas9996,1
/@oscarnavas9996,/@MacarioMartinezruiz,1
/@oscarnavas9996,/@JavierBecerra-h6x,1
/@oscarnavas9996,/@belarminavillatoro6474,1
/@oscarnavas9996,/@GilmarMaldonado-q9m,1
/@oscarnavas9996,/@mariasamo8637,1
/@MegaKristenstewart,/@OdilioRodr%C3%ADguez-c5w,1
/@MegaKristenstewart,/@RolandoRaguay,1
/@MegaKristenstewart,/@beneficioelcaminovillacana8540,1
/@MegaKristenstewart,/@davidgaher9550,1
/@MegaKristenstewart,/@andyB5280,1
/@MegaKristenstewart,/@Jel.Awesh.M,1
/@MegaKristenstewart,/@byronpontaza,1
/@MegaKristenstewart,/@JosueRamirez-ey3ih,1
/@MegaKristenstewart,/@jor77cas,1
/@MegaKristenstewart,/@MrDuenderojo,1
/@MegaKristenstewart,/@Joseroland21,1
/@MegaKristenstewart,/@belvettzapeta1251,1
/@MegaKristenstewart,/@danyraymundo2942,1
/@MegaKristenstewart,/@edwinavila4876,1
/@MegaKristenstewart,/@yeniferaguirre4498,1
/@MegaKristenstewart,/@moisesvaldez4043,1
/@MegaKristenstewart,/@isaiaslopezvelasquez1539,1
/@MegaKristenstewart,/@alvaroesquivel563,1
/@MegaKristenstewart,/@nestormendez6216,1
/@MegaKristenstewart,/@marcomendez7509,1
/@Ripped-Yoda,/@jesusguzman2321,1
/@Ripped-Yoda,/@MarioCortez-o6v,1
/@oscarnavas9996,/@JacintaTzoy,1
/@AndresMedina-v1s,/@SoniaMarroquin-y6e,1
/@AndresMedina-v1s,/@carlosaguilar-kz7ml,1
/@AndresMedina-v1s,/@dantesarti4351,1
/@AndresMedina-v1s,/@monkchapin,1
/@AndresMedina-v1s,/@andyB5280,1
/@AndresMedina-v1s,/@Jel.Awesh.M,1
/@AndresMedina-v1s,/@byronpontaza,1
/@AndresMedina-v1s,/@JosueRamirez-ey3ih,1
/@AndresMedina-v1s,/@jor77cas,1
/@AndresMedina-v1s,/@MrDuenderojo,1
/@AndresMedina-v1s,/@Joseroland21,1
/@AndresMedina-v1s,/@davidgaher9550,1
/@AndresMedina-v1s,/@belvettzapeta1251,1
/@AndresMedina-v1s,/@edwinavila4876,1
/@AndresMedina-v1s,/@yeniferaguirre4498,1
/@AndresMedina-v1s,/@moisesvaldez4043,1
/@AndresMedina-v1s,/@isaiaslopezvelasquez1539,1
/@AndresMedina-v1s,/@alvaroesquivel563,1
/@AndresMedina-v1s,/@nestorlorenzana1168,1
/@AndresMedina-v1s,/@JuanChang-r6k,1
/@AndresMedina-v1s,/@marcomendez7509,1
/@AndresMedina-v1s,/@BenjaminLarios-jd8nk,1
/@AndresMedina-v1s,/@ARGELIATELON,1
/@AndresMedina-v1s,/@anaaguirre8985,1
/@AndresMedina-v1s,/@RobertoZelaya-x1v,1
/@AndresMedina-v1s,/@hectorcarranza3777,1
/@AndresMedina-v1s,/@mdelcid01,1
/@AndresMedina-v1s,/@eusebiovasquez4385,1
/@AndresMedina-v1s,/@FranciscoRivera-sf7ne,1
/@AndresMedina-v1s,/@davidisraelesquitsaquil,1
/@AndresMedina-v1s,/@fredydomingo7062,1
/@AndresMedina-v1s,/@edgarroldan5539,1
/@AndresMedina-v1s,/@inge_vergueta,1
/@AndresMedina-v1s,/@CARLOSSTREMS51,1
/@AndresMedina-v1s,/@SuperVictor2005,1
/@AndresMedina-v1s,/@Rogergh-nw4oj,1
/@AndresMedina-v1s,/@amyherrera7352,1
/@AndresMedina-v1s,/@edwingeovanymarroquinmarro6684,1
/@AndresMedina-v1s,/@markoherrera,1
/@AndresMedina-v1s,/@nestormendez6216,1
/@AndresMedina-v1s,/@danyraymundo2942,1
/@Ripped-Yoda,/@flornolberto2425,1
/@BelkisRodriguezRamirez,/@jesusguzman2321,1
/@BelkisRodriguezRamirez,/@RosaMontesdeOca777,1
/@BelkisRodriguezRamirez,/@WilR-s8r,1
/@BelkisRodriguezRamirez,/@Ripped-Yoda,1
/@BelkisRodriguezRamirez,/@Paul-gf7ec,1
/@kevinochoa3695,/@DennisseLopetegi,1
/@kevinochoa3695,/@ErmeP%C3%A9rez-q4s,1
/@kevinochoa3695,/@Luis-gn3fj,1
/@kevinochoa3695,/@pablobarrios7931,1
/@kevinochoa3695,/@herbertaguilar1387,1
/@kevinochoa3695,/@CarlosCortez-v5r,1
/@kevinochoa3695,/@aureliomaldonado4793,1
/@kevinochoa3695,/@ericapaz5406,1
/@kevinochoa3695,/@srms70,1
/@kevinochoa3695,/@josegil3813,1
/@lyacausa,/@ninettmartinez425,1
/@Ripped-Yoda,/@DoraSalas-j5o,1
/@Ripped-Yoda,/@MariaNavarroYT,1
/@BelkisRodriguezRamirez,/@eugeneramirez4405,1
/@BelkisRodriguezRamirez,/@aurahernandez5646,1
/@AndresMedina-v1s,/@beneficioelcaminovillacana8540,1
/@BelkisRodriguezRamirez,/@MarioCortez-o6v,1
/@AndresMedina-v1s,/@RolandoRaguay,1
/@AndresMedina-v1s,/@OdilioRodr%C3%ADguez-c5w,1
/@AndresMedina-v1s,/@romeolopezherrarte799,1
/@AndresMedina-v1s,/@ricardofigueroa5720,1
/@AndresMedina-v1s,/@SergioGarcia-z9c,1
/@AndresMedina-v1s,/@domingopeneleu6457,1
/@AndresMedina-v1s,/@ronyarana8849,1
/@AndresMedina-v1s,/@mariorodas593,1
/@AndresMedina-v1s,/@Iv%C3%A1nP%C3%A9rez-j4j,1
/@AndresMedina-v1s,/@thelmamoran8565,1
/@AndresMedina-v1s,/@fredygarcia9151,1
/@AndresMedina-v1s,/@TeresaLucero-b5o,1
/@AndresMedina-v1s,/@cesarandreas7824,1
/@AndresMedina-v1s,/@oscarnavas9996,1
/@BelkisRodriguezRamirez,/@DoraSalas-j5o,1
/@BelkisRodriguezRamirez,/@MariaNavarroYT,1
/@BelkisRodriguezRamirez,/@flornolberto2425,1
/@oscarnavas9996,/@josehidalgo4875,1
/@oscarnavas9996,/@gorrarota,1
/@AndresMedina-v1s,/@victorarturoruanobautista7588,1
/@isaiaslopezvelasquez1539,/@MrDuenderojo,1
/@isaiaslopezvelasquez1539,/@davidgaher9550,1
/@isaiaslopezvelasquez1539,/@belvettzapeta1251,1
/@isaiaslopezvelasquez1539,/@edwinavila4876,1
/@isaiaslopezvelasquez1539,/@yeniferaguirre4498,1
/@isaiaslopezvelasquez1539,/@moisesvaldez4043,1
/@isaiaslopezvelasquez1539,/@alvaroesquivel563,1
/@isaiaslopezvelasquez1539,/@nestormendez6216,1
/@isaiaslopezvelasquez1539,/@marcomendez7509,1
/@isaiaslopezvelasquez1539,/@danyraymundo2942,1
/@isaiaslopezvelasquez1539,/@beneficioelcaminovillacana8540,1
/@isaiaslopezvelasquez1539,/@RolandoRaguay,1
/@isaiaslopezvelasquez1539,/@OdilioRodr%C3%ADguez-c5w,1
/@isaiaslopezvelasquez1539,/@romeolopezherrarte799,1
/@isaiaslopezvelasquez1539,/@ricardofigueroa5720,1
/@isaiaslopezvelasquez1539,/@SergioGarcia-z9c,1
/@isaiaslopezvelasquez1539,/@domingopeneleu6457,1
/@isaiaslopezvelasquez1539,/@ronyarana8849,1
/@isaiaslopezvelasquez1539,/@Joseroland21,1
/@isaiaslopezvelasquez1539,/@jor77cas,1
/@isaiaslopezvelasquez1539,/@Iv%C3%A1nP%C3%A9rez-j4j,1
/@isaiaslopezvelasquez1539,/@JosueRamirez-ey3ih,1
/@isaiaslopezvelasquez1539,/@inge_vergueta,1
/@isaiaslopezvelasquez1539,/@CARLOSSTREMS51,1
/@isaiaslopezvelasquez1539,/@SuperVictor2005,1
/@isaiaslopezvelasquez1539,/@Rogergh-nw4oj,1
/@isaiaslopezvelasquez1539,/@amyherrera7352,1
/@isaiaslopezvelasquez1539,/@edwingeovanymarroquinmarro6684,1
/@isaiaslopezvelasquez1539,/@markoherrera,1
/@isaiaslopezvelasquez1539,/@BenjaminLarios-jd8nk,1
/@isaiaslopezvelasquez1539,/@JuanChang-r6k,1
/@isaiaslopezvelasquez1539,/@SoniaMarroquin-y6e,1
/@isaiaslopezvelasquez1539,/@nestorlorenzana1168,1
/@isaiaslopezvelasquez1539,/@carlosaguilar-kz7ml,1
/@isaiaslopezvelasquez1539,/@dantesarti4351,1
/@isaiaslopezvelasquez1539,/@monkchapin,1
/@isaiaslopezvelasquez1539,/@andyB5280,1
/@isaiaslopezvelasquez1539,/@Jel.Awesh.M,1
/@isaiaslopezvelasquez1539,/@byronpontaza,1
/@isaiaslopezvelasquez1539,/@mariorodas593,1
/@isaiaslopezvelasquez1539,/@thelmamoran8565,1
/@isaiaslopezvelasquez1539,/@fredydomingo7062,1
/@estuardoargueta137,/@mariocordon8873,1
/@estuardoargueta137,/@HectorElias-u2l,1
/@estuardoargueta137,/@gonzalo6075,1
/@estuardoargueta137,/@EcPerez-zz9oh,1
/@estuardoargueta137,/@sergiohinestroza9709,1
/@estuardoargueta137,/@RolandoCastroP%C3%A9rez-d7y,1
/@estuardoargueta137,/@javiercifuentesarchila6041,1
/@estuardoargueta137,/@armindapenados2841,1
/@estuardoargueta137,/@Silviazea,1
/@estuardoargueta137,/@AnaDiaz-re9sq,1
/@estuardoargueta137,/@rogeraldana4289,1
/@estuardoargueta137,/@carloslam5333,1
/@estuardoargueta137,/@ligiaguerra3057,1
/@nestormendez6216,/@MacarioMartinezruiz,1
/@nestormendez6216,/@JavierBecerra-h6x,1
/@nestormendez6216,/@belarminavillatoro6474,1
/@nestormendez6216,/@GilmarMaldonado-q9m,1
/@nestormendez6216,/@mariasamo8637,1
/@estuardoargueta137,/@EdgarcalderonCalderong,1
/@estuardoargueta137,/@OmarMartinez-vv8re,1
/@isaiaslopezvelasquez1539,/@fredygarcia9151,1
/@estuardoargueta137,/@quijotachapina1,1
/@isaiaslopezvelasquez1539,/@TeresaLucero-b5o,1
/@isaiaslopezvelasquez1539,/@cesarandreas7824,1
/@estuardoargueta137,/@NataliaRodriguez-rx5mr,1
/@estuardoargueta137,/@Lyrics_GT,1
/@estuardoargueta137,/@genarodelgado3929,1
/@estuardoargueta137,/@Jel.Awesh.M,1
/@estuardoargueta137,/@MarcosCarillo-b1r,1
/@estuardoargueta137,/@dinoraoroxon5771,1
/@estuardoargueta137,/@iamjimalesssa,1
/@estuardoargueta137,/@marlenareano-h4t,1
/@estuardoargueta137,/@FernandoGarcia-jg1fj,1
/@estuardoargueta137,/@AndresLemus-k2d,1
/@estuardoargueta137,/@inge_vergueta,1
/@estuardoargueta137,/@jorgeaguilar-bq3uj,1
/@estuardoargueta137,/@aguilar4254,1
/@estuardoargueta137,/@pedroros6358,1
/@estuardoargueta137,/@josecastillo4390,1
/@isaiaslopezvelasquez1539,/@edgarroldan5539,1
/@isaiaslopezvelasquez1539,/@davidisraelesquitsaquil,1
/@oscarnavas9996,/@mynorrodas8591,1
/@oscarnavas9996,/@amyherrera7352,1
/@oscarnavas9996,/@markoherrera,1
/@oscarnavas9996,/@BenjaminLarios-jd8nk,1
/@oscarnavas9996,/@JuanChang-r6k,1
/@oscarnavas9996,/@SoniaMarroquin-y6e,1
/@oscarnavas9996,/@nestorlorenzana1168,1
/@oscarnavas9996,/@carlosaguilar-kz7ml,1
/@oscarnavas9996,/@dantesarti4351,1
/@oscarnavas9996,/@monkchapin,1
/@oscarnavas9996,/@andyB5280,1
/@oscarnavas9996,/@Jel.Awesh.M,1
/@oscarnavas9996,/@byronpontaza,1
/@oscarnavas9996,/@JosueRamirez-ey3ih,1
/@oscarnavas9996,/@jor77cas,1
/@oscarnavas9996,/@MrDuenderojo,1
/@oscarnavas9996,/@Joseroland21,1
/@oscarnavas9996,/@davidgaher9550,1
/@oscarnavas9996,/@belvettzapeta1251,1
/@oscarnavas9996,/@edwingeovanymarroquinmarro6684,1
/@oscarnavas9996,/@Rogergh-nw4oj,1
/@oscarnavas9996,/@yeniferaguirre4498,1
/@oscarnavas9996,/@SuperVictor2005,1
/@oscarnavas9996,/@OseasSamayoa-ol5rz,1
/@oscarnavas9996,/@pablochitay46,1
/@oscarnavas9996,/@josecarrera9623,1
/@oscarnavas9996,/@victorarturoruanobautista7588,1
/@oscarnavas9996,/@VidalVillatoro-p4w,1
/@oscarnavas9996,/@ARGELIATELON,1
/@oscarnavas9996,/@anaaguirre8985,1
/@oscarnavas9996,/@RobertoZelaya-x1v,1
/@oscarnavas9996,/@hectorcarranza3777,1
/@oscarnavas9996,/@mdelcid01,1
/@oscarnavas9996,/@eusebiovasquez4385,1
/@oscarnavas9996,/@FranciscoRivera-sf7ne,1
/@oscarnavas9996,/@davidisraelesquitsaquil,1
/@oscarnavas9996,/@fredydomingo7062,1
/@oscarnavas9996,/@edgarroldan5539,1
/@oscarnavas9996,/@inge_vergueta,1
/@oscarnavas9996,/@CARLOSSTREMS51,1
/@oscarnavas9996,/@edwinavila4876,1
/@oscarnavas9996,/@moisesvaldez4043,1
/@isaiaslopezvelasquez1539,/@FranciscoRivera-sf7ne,1
/@isaiaslopezvelasquez1539,/@JavierBecerra-h6x,1
/@isaiaslopezvelasquez1539,/@GilmarMaldonado-q9m,1
/@isaiaslopezvelasquez1539,/@mariasamo8637,1
/@isaiaslopezvelasquez1539,/@josehidalgo4875,1
/@isaiaslopezvelasquez1539,/@JacintaTzoy,1
/@isaiaslopezvelasquez1539,/@gorrarota,1
/@isaiaslopezvelasquez1539,/@mynorrodas8591,1
/@isaiaslopezvelasquez1539,/@OseasSamayoa-ol5rz,1
/@isaiaslopezvelasquez1539,/@pablochitay46,1
/@isaiaslopezvelasquez1539,/@josecarrera9623,1
/@isaiaslopezvelasquez1539,/@victorarturoruanobautista7588,1
/@isaiaslopezvelasquez1539,/@VidalVillatoro-p4w,1
/@isaiaslopezvelasquez1539,/@ARGELIATELON,1
/@isaiaslopezvelasquez1539,/@anaaguirre8985,1
/@isaiaslopezvelasquez1539,/@RobertoZelaya-x1v,1
/@isaiaslopezvelasquez1539,/@hectorcarranza3777,1
/@isaiaslopezvelasquez1539,/@mdelcid01,1
/@isaiaslopezvelasquez1539,/@eusebiovasquez4385,1
/@isaiaslopezvelasquez1539,/@belarminavillatoro6474,1
/@isaiaslopezvelasquez1539,/@MacarioMartinezruiz,1
/@oscarnavas9996,/@isaiaslopezvelasquez1539,1
/@oscarnavas9996,/@cesarandreas7824,1
/@oscarnavas9996,/@alvaroesquivel563,1
/@oscarnavas9996,/@nestormendez6216,1
/@oscarnavas9996,/@marcomendez7509,1
/@oscarnavas9996,/@danyraymundo2942,1
/@oscarnavas9996,/@beneficioelcaminovillacana8540,1
/@oscarnavas9996,/@RolandoRaguay,1
/@oscarnavas9996,/@OdilioRodr%C3%ADguez-c5w,1
/@oscarnavas9996,/@romeolopezherrarte799,1
/@oscarnavas9996,/@ricardofigueroa5720,1
/@oscarnavas9996,/@SergioGarcia-z9c,1
/@oscarnavas9996,/@domingopeneleu6457,1
/@oscarnavas9996,/@ronyarana8849,1
/@oscarnavas9996,/@mariorodas593,1
/@oscarnavas9996,/@Iv%C3%A1nP%C3%A9rez-j4j,1
/@oscarnavas9996,/@thelmamoran8565,1
/@oscarnavas9996,/@fredygarcia9151,1
/@oscarnavas9996,/@TeresaLucero-b5o,1
/@AndresMedina-v1s,/@VidalVillatoro-p4w,1
/@AndresMedina-v1s,/@pablochitay46,1
/@AndresMedina-v1s,/@josecarrera9623,1
/@eustaquiogomez9975,/@carloslam5333,1
/@elsalvador3605,/@MacoMorales-i2i2d,1
/@elsalvador3605,/@HonwayLee-z5g,1
/@elsalvador3605,/@JessicaHuaz-96,1
/@elsalvador3605,/@edithsan7688,1
/@elsalvador3605,/@MariaSantos-c8y3h,1
/@elsalvador3605,/@franciscoflores3120,1
/@elsalvador3605,/@Historia-wm4os,1
/@elsalvador3605,/@RaulPerez-cw2vi,1
/@nicelol5241,/@ZabalaXabier,1
/@nicelol5241,/@jorgegomez2237,1
/@nicelol5241,/@blogarteplus,1
/@nicelol5241,/@hashojea7348,1
/@welfrealdana5559,/@MacarioMartinezruiz,1
/@welfrealdana5559,/@JavierBecerra-h6x,1
/@welfrealdana5559,/@belarminavillatoro6474,1
/@welfrealdana5559,/@GilmarMaldonado-q9m,1
/@welfrealdana5559,/@mariasamo8637,1
/@eustaquiogomez9975,/@ligiaguerra3057,1
/@eustaquiogomez9975,/@rogeraldana4289,1
/@welfrealdana5559,/@JacintaTzoy,1
/@eustaquiogomez9975,/@AnaDiaz-re9sq,1
/@eustaquiogomez9975,/@jorgeaguilar-bq3uj,1
/@eustaquiogomez9975,/@aguilar4254,1
/@eustaquiogomez9975,/@pedroros6358,1
/@eustaquiogomez9975,/@josecastillo4390,1
/@eustaquiogomez9975,/@quijotachapina1,1
/@eustaquiogomez9975,/@OmarMartinez-vv8re,1
/@eustaquiogomez9975,/@mariocordon8873,1
/@eustaquiogomez9975,/@EdgarcalderonCalderong,1
/@eustaquiogomez9975,/@HectorElias-u2l,1
/@eustaquiogomez9975,/@gonzalo6075,1
/@eustaquiogomez9975,/@EcPerez-zz9oh,1
/@eustaquiogomez9975,/@sergiohinestroza9709,1
/@eustaquiogomez9975,/@RolandoCastroP%C3%A9rez-d7y,1
/@eustaquiogomez9975,/@javiercifuentesarchila6041,1
/@eustaquiogomez9975,/@estuardoargueta137,1
/@eustaquiogomez9975,/@armindapenados2841,1
/@eustaquiogomez9975,/@Silviazea,1
/@welfrealdana5559,/@josehidalgo4875,1
/@welfrealdana5559,/@MegaKristenstewart,1
/@eustaquiogomez9975,/@AndresLemus-k2d,1
/@welfrealdana5559,/@SuperVictor2005,1
/@welfrealdana5559,/@amyherrera7352,1
/@welfrealdana5559,/@edwingeovanymarroquinmarro6684,1
/@welfrealdana5559,/@markoherrera,1
/@welfrealdana5559,/@BenjaminLarios-jd8nk,1
/@welfrealdana5559,/@JuanChang-r6k,1
/@welfrealdana5559,/@SoniaMarroquin-y6e,1
/@welfrealdana5559,/@nestorlorenzana1168,1
/@welfrealdana5559,/@carlosaguilar-kz7ml,1
/@welfrealdana5559,/@dantesarti4351,1
/@welfrealdana5559,/@monkchapin,1
/@welfrealdana5559,/@andyB5280,1
/@welfrealdana5559,/@Jel.Awesh.M,1
/@welfrealdana5559,/@byronpontaza,1
/@welfrealdana5559,/@JosueRamirez-ey3ih,1
/@welfrealdana5559,/@jor77cas,1
/@welfrealdana5559,/@MrDuenderojo,1
/@welfrealdana5559,/@Joseroland21,1
/@welfrealdana5559,/@Rogergh-nw4oj,1
/@welfrealdana5559,/@CARLOSSTREMS51,1
/@welfrealdana5559,/@gorrarota,1
/@welfrealdana5559,/@inge_vergueta,1
/@welfrealdana5559,/@mynorrodas8591,1
/@welfrealdana5559,/@OseasSamayoa-ol5rz,1
/@welfrealdana5559,/@pablochitay46,1
/@welfrealdana5559,/@josecarrera9623,1
/@welfrealdana5559,/@victorarturoruanobautista7588,1
/@welfrealdana5559,/@VidalVillatoro-p4w,1
/@welfrealdana5559,/@ARGELIATELON,1
/@welfrealdana5559,/@anaaguirre8985,1
/@welfrealdana5559,/@RobertoZelaya-x1v,1
/@welfrealdana5559,/@hectorcarranza3777,1
/@welfrealdana5559,/@OscarHernandez-q8y,1
/@welfrealdana5559,/@mdelcid01,1
/@welfrealdana5559,/@eusebiovasquez4385,1
/@welfrealdana5559,/@FranciscoRivera-sf7ne,1
/@welfrealdana5559,/@davidisraelesquitsaquil,1
/@welfrealdana5559,/@fredydomingo7062,1
/@welfrealdana5559,/@edgarroldan5539,1
/@eustaquiogomez9975,/@inge_vergueta,1
/@eustaquiogomez9975,/@FernandoGarcia-jg1fj,1
/@nestormendez6216,/@JacintaTzoy,1
/@vanigomez492,/@eusebiovasquez4385,1
/@vanigomez492,/@davidisraelesquitsaquil,1
/@vanigomez492,/@fredydomingo7062,1
/@vanigomez492,/@edgarroldan5539,1
/@vanigomez492,/@inge_vergueta,1
/@vanigomez492,/@CARLOSSTREMS51,1
/@vanigomez492,/@SuperVictor2005,1
/@vanigomez492,/@Rogergh-nw4oj,1
/@vanigomez492,/@amyherrera7352,1
/@vanigomez492,/@edwingeovanymarroquinmarro6684,1
/@vanigomez492,/@markoherrera,1
/@vanigomez492,/@BenjaminLarios-jd8nk,1
/@vanigomez492,/@JuanChang-r6k,1
/@vanigomez492,/@SoniaMarroquin-y6e,1
/@vanigomez492,/@nestorlorenzana1168,1
/@vanigomez492,/@carlosaguilar-kz7ml,1
/@vanigomez492,/@dantesarti4351,1
/@vanigomez492,/@monkchapin,1
/@vanigomez492,/@FranciscoRivera-sf7ne,1
/@vanigomez492,/@mdelcid01,1
/@vanigomez492,/@Jel.Awesh.M,1
/@vanigomez492,/@OscarHernandez-q8y,1
/@vanigomez492,/@belarminavillatoro6474,1
/@vanigomez492,/@GilmarMaldonado-q9m,1
/@vanigomez492,/@mariasamo8637,1
/@vanigomez492,/@josehidalgo4875,1
/@vanigomez492,/@JacintaTzoy,1
/@vanigomez492,/@MegaKristenstewart,1
/@vanigomez492,/@gorrarota,1
/@vanigomez492,/@mynorrodas8591,1
/@vanigomez492,/@OseasSamayoa-ol5rz,1
/@vanigomez492,/@pablochitay46,1
/@vanigomez492,/@josecarrera9623,1
/@vanigomez492,/@victorarturoruanobautista7588,1
/@vanigomez492,/@VidalVillatoro-p4w,1
/@vanigomez492,/@ARGELIATELON,1
/@vanigomez492,/@anaaguirre8985,1
/@vanigomez492,/@RobertoZelaya-x1v,1
/@vanigomez492,/@hectorcarranza3777,1
/@vanigomez492,/@andyB5280,1
/@vanigomez492,/@byronpontaza,1
/@eustaquiogomez9975,/@marlenareano-h4t,1
/@vanigomez492,/@AndresMedina-v1s,1
/@vanigomez492,/@domingopeneleu6457,1
/@vanigomez492,/@ronyarana8849,1
/@vanigomez492,/@mariorodas593,1
/@vanigomez492,/@Iv%C3%A1nP%C3%A9rez-j4j,1
/@vanigomez492,/@thelmamoran8565,1
/@vanigomez492,/@fredygarcia9151,1
/@vanigomez492,/@TeresaLucero-b5o,1
/@vanigomez492,/@cesarandreas7824,1
/@vanigomez492,/@oscarnavas9996,1
/@eustaquiogomez9975,/@NataliaRodriguez-rx5mr,1
/@eustaquiogomez9975,/@Lyrics_GT,1
/@eustaquiogomez9975,/@genarodelgado3929,1
/@eustaquiogomez9975,/@Jel.Awesh.M,1
/@eustaquiogomez9975,/@MarcosCarillo-b1r,1
/@eustaquiogomez9975,/@dinoraoroxon5771,1
/@eustaquiogomez9975,/@hendersonlopez3864,1
/@eustaquiogomez9975,/@iamjimalesssa,1
/@vanigomez492,/@SergioGarcia-z9c,1
/@vanigomez492,/@ricardofigueroa5720,1
/@vanigomez492,/@JosueRamirez-ey3ih,1
/@vanigomez492,/@romeolopezherrarte799,1
/@vanigomez492,/@jor77cas,1
/@vanigomez492,/@welfrealdana5559,1
/@vanigomez492,/@MrDuenderojo,1
/@vanigomez492,/@Joseroland21,1
/@vanigomez492,/@davidgaher9550,1
/@vanigomez492,/@belvettzapeta1251,1
/@vanigomez492,/@edwinavila4876,1
/@vanigomez492,/@yeniferaguirre4498,1
/@vanigomez492,/@moisesvaldez4043,1
/@vanigomez492,/@isaiaslopezvelasquez1539,1
/@vanigomez492,/@alvaroesquivel563,1
/@vanigomez492,/@nestormendez6216,1
/@vanigomez492,/@marcomendez7509,1
/@vanigomez492,/@danyraymundo2942,1
/@vanigomez492,/@beneficioelcaminovillacana8540,1
/@vanigomez492,/@RolandoRaguay,1
/@vanigomez492,/@OdilioRodr%C3%ADguez-c5w,1
/@welfrealdana5559,/@davidgaher9550,1
/@welfrealdana5559,/@belvettzapeta1251,1
/@welfrealdana5559,/@edwinavila4876,1
/@OscarHernandez-q8y,/@fredygarcia9151,1
/@OscarHernandez-q8y,/@cesarandreas7824,1
/@OscarHernandez-q8y,/@oscarnavas9996,1
/@franciscorodas9686,/@DenisRMC,1
/@franciscorodas9686,/@Alejandro00710,1
/@franciscorodas9686,/@rockyscarlet,1
/@franciscorodas9686,/@sparkvalkov,1
/@franciscorodas9686,/@marioramirez299,1
/@franciscorodas9686,/@jabriz8152,1
/@franciscorodas9686,/@JBFlute92,1
/@franciscorodas9686,/@3762Jorge,1
/@franciscorodas9686,/@miguelbran1268,1
/@franciscorodas9686,/@angelmartinez9523,1
/@franciscorodas9686,/@hashojea7348,1
/@franciscorodas9686,/@herminiasaquimux7565,1
/@franciscorodas9686,/@11223344An,1
/@franciscorodas9686,/@capitanfrans,1
/@hendersonlopez3864,/@NataliaRodriguez-rx5mr,1
/@OscarHernandez-q8y,/@TeresaLucero-b5o,1
/@OscarHernandez-q8y,/@thelmamoran8565,1
/@hendersonlopez3864,/@genarodelgado3929,1
/@OscarHernandez-q8y,/@Iv%C3%A1nP%C3%A9rez-j4j,1
/@OscarHernandez-q8y,/@yeniferaguirre4498,1
/@OscarHernandez-q8y,/@moisesvaldez4043,1
/@OscarHernandez-q8y,/@isaiaslopezvelasquez1539,1
/@OscarHernandez-q8y,/@alvaroesquivel563,1
/@OscarHernandez-q8y,/@nestormendez6216,1
/@OscarHernandez-q8y,/@marcomendez7509,1
/@OscarHernandez-q8y,/@danyraymundo2942,1
/@OscarHernandez-q8y,/@beneficioelcaminovillacana8540,1
/@OscarHernandez-q8y,/@RolandoRaguay,1
/@OscarHernandez-q8y,/@OdilioRodr%C3%ADguez-c5w,1
/@OscarHernandez-q8y,/@romeolopezherrarte799,1
/@OscarHernandez-q8y,/@ricardofigueroa5720,1
/@OscarHernandez-q8y,/@AndresMedina-v1s,1
/@OscarHernandez-q8y,/@SergioGarcia-z9c,1
/@OscarHernandez-q8y,/@domingopeneleu6457,1
/@OscarHernandez-q8y,/@ronyarana8849,1
/@OscarHernandez-q8y,/@mariorodas593,1
/@hendersonlopez3864,/@Lyrics_GT,1
/@hendersonlopez3864,/@Jel.Awesh.M,1
/@welfrealdana5559,/@yeniferaguirre4498,1
/@hendersonlopez3864,/@javiercifuentesarchila6041,1
/@hendersonlopez3864,/@armindapenados2841,1
/@hendersonlopez3864,/@Silviazea,1
/@hendersonlopez3864,/@AnaDiaz-re9sq,1
/@hendersonlopez3864,/@rogeraldana4289,1
/@hendersonlopez3864,/@carloslam5333,1
/@hendersonlopez3864,/@ligiaguerra3057,1
/@AndresMedina-v1s,/@MacarioMartinezruiz,1
/@AndresMedina-v1s,/@JavierBecerra-h6x,1
/@AndresMedina-v1s,/@belarminavillatoro6474,1
/@AndresMedina-v1s,/@GilmarMaldonado-q9m,1
/@AndresMedina-v1s,/@mariasamo8637,1
/@AndresMedina-v1s,/@josehidalgo4875,1
/@AndresMedina-v1s,/@JacintaTzoy,1
/@AndresMedina-v1s,/@MegaKristenstewart,1
/@AndresMedina-v1s,/@gorrarota,1
/@AndresMedina-v1s,/@mynorrodas8591,1
/@AndresMedina-v1s,/@OseasSamayoa-ol5rz,1
/@hendersonlopez3864,/@estuardoargueta137,1
/@hendersonlopez3864,/@RolandoCastroP%C3%A9rez-d7y,1
/@hendersonlopez3864,/@MarcosCarillo-b1r,1
/@hendersonlopez3864,/@sergiohinestroza9709,1
/@hendersonlopez3864,/@dinoraoroxon5771,1
/@hendersonlopez3864,/@iamjimalesssa,1
/@hendersonlopez3864,/@marlenareano-h4t,1
/@hendersonlopez3864,/@FernandoGarcia-jg1fj,1
/@hendersonlopez3864,/@AndresLemus-k2d,1
/@hendersonlopez3864,/@inge_vergueta,1
/@hendersonlopez3864,/@jorgeaguilar-bq3uj,1
/@hendersonlopez3864,/@aguilar4254,1
/@hendersonlopez3864,/@pedroros6358,1
/@hendersonlopez3864,/@josecastillo4390,1
/@hendersonlopez3864,/@quijotachapina1,1
/@hendersonlopez3864,/@OmarMartinez-vv8re,1
/@hendersonlopez3864,/@mariocordon8873,1
/@hendersonlopez3864,/@EdgarcalderonCalderong,1
/@hendersonlopez3864,/@HectorElias-u2l,1
/@hendersonlopez3864,/@gonzalo6075,1
/@hendersonlopez3864,/@EcPerez-zz9oh,1
/@OscarHernandez-q8y,/@edwinavila4876,1
/@OscarHernandez-q8y,/@belvettzapeta1251,1
/@OscarHernandez-q8y,/@davidgaher9550,1
/@welfrealdana5559,/@TeresaLucero-b5o,1
/@welfrealdana5559,/@oscarnavas9996,1
/@luisroldan7374,/@DoraSalas-j5o,1
/@luisroldan7374,/@MariaNavarroYT,1
/@luisroldan7374,/@flornolberto2425,1
/@luisroldan7374,/@MarioCortez-o6v,1
/@luisroldan7374,/@aurahernandez5646,1
/@luisroldan7374,/@jesusguzman2321,1
/@luisroldan7374,/@eugeneramirez4405,1
/@luisroldan7374,/@BelkisRodriguezRamirez,1
/@luisroldan7374,/@RosaMontesdeOca777,1
/@luisroldan7374,/@WilR-s8r,1
/@luisroldan7374,/@Ripped-Yoda,1
/@luisroldan7374,/@Paul-gf7ec,1
/@OscarHernandez-q8y,/@MacarioMartinezruiz,1
/@OscarHernandez-q8y,/@JavierBecerra-h6x,1
/@OscarHernandez-q8y,/@belarminavillatoro6474,1
/@OscarHernandez-q8y,/@GilmarMaldonado-q9m,1
/@welfrealdana5559,/@cesarandreas7824,1
/@welfrealdana5559,/@fredygarcia9151,1
/@OscarHernandez-q8y,/@Joseroland21,1
/@welfrealdana5559,/@thelmamoran8565,1
/@welfrealdana5559,/@moisesvaldez4043,1
/@welfrealdana5559,/@isaiaslopezvelasquez1539,1
/@welfrealdana5559,/@alvaroesquivel563,1
/@welfrealdana5559,/@nestormendez6216,1
/@welfrealdana5559,/@marcomendez7509,1
/@welfrealdana5559,/@danyraymundo2942,1
/@welfrealdana5559,/@beneficioelcaminovillacana8540,1
/@welfrealdana5559,/@RolandoRaguay,1
/@welfrealdana5559,/@OdilioRodr%C3%ADguez-c5w,1
/@welfrealdana5559,/@romeolopezherrarte799,1
/@welfrealdana5559,/@ricardofigueroa5720,1
/@welfrealdana5559,/@AndresMedina-v1s,1
/@welfrealdana5559,/@SergioGarcia-z9c,1
/@welfrealdana5559,/@domingopeneleu6457,1
/@welfrealdana5559,/@ronyarana8849,1
/@welfrealdana5559,/@mariorodas593,1
/@welfrealdana5559,/@Iv%C3%A1nP%C3%A9rez-j4j,1
/@OscarHernandez-q8y,/@mariasamo8637,1
/@OscarHernandez-q8y,/@josehidalgo4875,1
/@OscarHernandez-q8y,/@JacintaTzoy,1
/@OscarHernandez-q8y,/@MegaKristenstewart,1
/@OscarHernandez-q8y,/@Rogergh-nw4oj,1
/@OscarHernandez-q8y,/@amyherrera7352,1
/@OscarHernandez-q8y,/@edwingeovanymarroquinmarro6684,1
/@OscarHernandez-q8y,/@markoherrera,1
/@OscarHernandez-q8y,/@BenjaminLarios-jd8nk,1
/@OscarHernandez-q8y,/@JuanChang-r6k,1
/@OscarHernandez-q8y,/@SoniaMarroquin-y6e,1
/@OscarHernandez-q8y,/@nestorlorenzana1168,1
/@OscarHernandez-q8y,/@carlosaguilar-kz7ml,1
/@OscarHernandez-q8y,/@dantesarti4351,1
/@OscarHernandez-q8y,/@monkchapin,1
/@OscarHernandez-q8y,/@andyB5280,1
/@OscarHernandez-q8y,/@Jel.Awesh.M,1
/@OscarHernandez-q8y,/@byronpontaza,1
/@OscarHernandez-q8y,/@JosueRamirez-ey3ih,1
/@OscarHernandez-q8y,/@jor77cas,1
/@OscarHernandez-q8y,/@MrDuenderojo,1
/@OscarHernandez-q8y,/@SuperVictor2005,1
/@OscarHernandez-q8y,/@CARLOSSTREMS51,1
/@OscarHernandez-q8y,/@inge_vergueta,1
/@OscarHernandez-q8y,/@ARGELIATELON,1
/@OscarHernandez-q8y,/@gorrarota,1
/@OscarHernandez-q8y,/@mynorrodas8591,1
/@OscarHernandez-q8y,/@OseasSamayoa-ol5rz,1
/@OscarHernandez-q8y,/@pablochitay46,1
/@OscarHernandez-q8y,/@josecarrera9623,1
/@OscarHernandez-q8y,/@victorarturoruanobautista7588,1
/@OscarHernandez-q8y,/@VidalVillatoro-p4w,1
/@OscarHernandez-q8y,/@anaaguirre8985,1
/@OscarHernandez-q8y,/@edgarroldan5539,1
/@OscarHernandez-q8y,/@RobertoZelaya-x1v,1
/@OscarHernandez-q8y,/@hectorcarranza3777,1
/@OscarHernandez-q8y,/@mdelcid01,1
/@OscarHernandez-q8y,/@eusebiovasquez4385,1
/@OscarHernandez-q8y,/@FranciscoRivera-sf7ne,1
/@OscarHernandez-q8y,/@davidisraelesquitsaquil,1
/@OscarHernandez-q8y,/@fredydomingo7062,1
/@nestormendez6216,/@josehidalgo4875,1
/@nestormendez6216,/@gorrarota,1
/@vanigomez492,/@MacarioMartinezruiz,1
/@ligiaguerra3057,/@rogeraldana4289,1
/@jimmygomez724,/@alexandrevasquez4135,1
/@jimmygomez724,/@carlosoliva9249,1
/@jimmygomez724,/@TheAlexX_C,1
/@jimmygomez724,/@ChRiStOpHeR7969,1
/@jimmygomez724,/@melvinperez6710,1
/@jimmygomez724,/@rolandojuchuna484,1
/@jimmygomez724,/@perritojuega1,1
/@jimmygomez724,/@mynorgudiel8646,1
/@jimmygomez724,/@alexarcos8349,1
/@jimmygomez724,/@zetag,1
/@jimmygomez724,/@kingr4706,1
/@jimmygomez724,/@elenaluarca9377,1
/@jimmygomez724,/@maynorcalel1442,1
/@jimmygomez724,/@bryansicasales4280,1
/@TheAlexX_C,/@alexandrevasquez4135,1
/@TheAlexX_C,/@carlosoliva9249,1
/@TheAlexX_C,/@ChRiStOpHeR7969,1
/@ligiaguerra3057,/@carloslam5333,1
/@ligiaguerra3057,/@AnaDiaz-re9sq,1
/@TheAlexX_C,/@rolandojuchuna484,1
/@ligiaguerra3057,/@Silviazea,1
/@ligiaguerra3057,/@FernandoGarcia-jg1fj,1
/@ligiaguerra3057,/@AndresLemus-k2d,1
/@ligiaguerra3057,/@inge_vergueta,1
/@ligiaguerra3057,/@jorgeaguilar-bq3uj,1
/@ligiaguerra3057,/@pedroros6358,1
/@ligiaguerra3057,/@josecastillo4390,1
/@ligiaguerra3057,/@quijotachapina1,1
/@ligiaguerra3057,/@OmarMartinez-vv8re,1
/@ligiaguerra3057,/@mariocordon8873,1
/@ligiaguerra3057,/@EdgarcalderonCalderong,1
/@ligiaguerra3057,/@HectorElias-u2l,1
/@ligiaguerra3057,/@gonzalo6075,1
/@ligiaguerra3057,/@EcPerez-zz9oh,1
/@ligiaguerra3057,/@sergiohinestroza9709,1
/@ligiaguerra3057,/@RolandoCastroP%C3%A9rez-d7y,1
/@ligiaguerra3057,/@javiercifuentesarchila6041,1
/@ligiaguerra3057,/@armindapenados2841,1
/@TheAlexX_C,/@melvinperez6710,1
/@TheAlexX_C,/@perritojuega1,1
/@ligiaguerra3057,/@dinoraoroxon5771,1
/@FranciscoRivera-sf7ne,/@ARGELIATELON,1
/@FranciscoRivera-sf7ne,/@RobertoZelaya-x1v,1
/@FranciscoRivera-sf7ne,/@hectorcarranza3777,1
/@FranciscoRivera-sf7ne,/@mdelcid01,1
/@FranciscoRivera-sf7ne,/@eusebiovasquez4385,1
/@FranciscoRivera-sf7ne,/@davidisraelesquitsaquil,1
/@FranciscoRivera-sf7ne,/@fredydomingo7062,1
/@FranciscoRivera-sf7ne,/@edgarroldan5539,1
/@FranciscoRivera-sf7ne,/@inge_vergueta,1
/@FranciscoRivera-sf7ne,/@CARLOSSTREMS51,1
/@FranciscoRivera-sf7ne,/@SuperVictor2005,1
/@FranciscoRivera-sf7ne,/@Rogergh-nw4oj,1
/@FranciscoRivera-sf7ne,/@amyherrera7352,1
/@FranciscoRivera-sf7ne,/@edwingeovanymarroquinmarro6684,1
/@FranciscoRivera-sf7ne,/@markoherrera,1
/@FranciscoRivera-sf7ne,/@BenjaminLarios-jd8nk,1
/@FranciscoRivera-sf7ne,/@JuanChang-r6k,1
/@FranciscoRivera-sf7ne,/@SoniaMarroquin-y6e,1
/@FranciscoRivera-sf7ne,/@anaaguirre8985,1
/@FranciscoRivera-sf7ne,/@VidalVillatoro-p4w,1
/@TheAlexX_C,/@mynorgudiel8646,1
/@FranciscoRivera-sf7ne,/@victorarturoruanobautista7588,1
/@TheAlexX_C,/@alexarcos8349,1
/@TheAlexX_C,/@zetag,1
/@TheAlexX_C,/@kingr4706,1
/@TheAlexX_C,/@elenaluarca9377,1
/@TheAlexX_C,/@maynorcalel1442,1
/@TheAlexX_C,/@bryansicasales4280,1
/@FranciscoRivera-sf7ne,/@JavierBecerra-h6x,1
/@FranciscoRivera-sf7ne,/@belarminavillatoro6474,1
/@FranciscoRivera-sf7ne,/@GilmarMaldonado-q9m,1
/@FranciscoRivera-sf7ne,/@mariasamo8637,1
/@FranciscoRivera-sf7ne,/@josehidalgo4875,1
/@FranciscoRivera-sf7ne,/@JacintaTzoy,1
/@FranciscoRivera-sf7ne,/@gorrarota,1
/@FranciscoRivera-sf7ne,/@mynorrodas8591,1
/@FranciscoRivera-sf7ne,/@OseasSamayoa-ol5rz,1
/@FranciscoRivera-sf7ne,/@pablochitay46,1
/@FranciscoRivera-sf7ne,/@josecarrera9623,1
/@ligiaguerra3057,/@marlenareano-h4t,1
/@ligiaguerra3057,/@MarcosCarillo-b1r,1
/@FranciscoRivera-sf7ne,/@carlosaguilar-kz7ml,1
/@ronyarana8849,/@JacintaTzoy,1
/@ronyarana8849,/@mynorrodas8591,1
/@ronyarana8849,/@OseasSamayoa-ol5rz,1
/@ronyarana8849,/@pablochitay46,1
/@ronyarana8849,/@josecarrera9623,1
/@ronyarana8849,/@victorarturoruanobautista7588,1
/@ronyarana8849,/@VidalVillatoro-p4w,1
/@ronyarana8849,/@ARGELIATELON,1
/@ronyarana8849,/@anaaguirre8985,1
/@ronyarana8849,/@RobertoZelaya-x1v,1
/@ronyarana8849,/@hectorcarranza3777,1
/@ronyarana8849,/@mdelcid01,1
/@ronyarana8849,/@eusebiovasquez4385,1
/@ronyarana8849,/@FranciscoRivera-sf7ne,1
/@ronyarana8849,/@davidisraelesquitsaquil,1
/@ronyarana8849,/@fredydomingo7062,1
/@ronyarana8849,/@edgarroldan5539,1
/@ronyarana8849,/@inge_vergueta,1
/@ronyarana8849,/@gorrarota,1
/@ronyarana8849,/@josehidalgo4875,1
/@ronyarana8849,/@SuperVictor2005,1
/@ronyarana8849,/@mariasamo8637,1
/@BernerSoza-mg3vx,/@josegil3813,1
/@BernerSoza-mg3vx,/@AntonioChiyal-x5s,1
/@BernerSoza-mg3vx,/@hectormaaz5523,1
/@BernerSoza-mg3vx,/@elmilenial4064,1
/@BernerSoza-mg3vx,/@maydamorales4395,1
/@BernerSoza-mg3vx,/@rosaoliva9389,1
/@BernerSoza-mg3vx,/@franciscojuarez9223,1
/@BernerSoza-mg3vx,/@carlosgranados9875,1
/@BernerSoza-mg3vx,/@pattyfigueroa5609,1
/@BernerSoza-mg3vx,/@mariogonzalezorellana8956,1
/@BernerSoza-mg3vx,/@vic-bonivideos,1
/@BernerSoza-mg3vx,/@franciscoflores3120,1
/@BernerSoza-mg3vx,/@albertoshernandez5251,1
/@BernerSoza-mg3vx,/@RolandoGonzalez-o7g,1
/@ronyarana8849,/@JavierBecerra-h6x,1
/@ronyarana8849,/@belarminavillatoro6474,1
/@ronyarana8849,/@GilmarMaldonado-q9m,1
/@ronyarana8849,/@CARLOSSTREMS51,1
/@ronyarana8849,/@Rogergh-nw4oj,1
/@ligiaguerra3057,/@Jel.Awesh.M,1
/@ronyarana8849,/@moisesvaldez4043,1
/@ronyarana8849,/@marcomendez7509,1
/@ronyarana8849,/@beneficioelcaminovillacana8540,1
/@ronyarana8849,/@RolandoRaguay,1
/@ronyarana8849,/@OdilioRodr%C3%ADguez-c5w,1
/@ronyarana8849,/@romeolopezherrarte799,1
/@ronyarana8849,/@ricardofigueroa5720,1
/@ronyarana8849,/@SergioGarcia-z9c,1
/@ronyarana8849,/@domingopeneleu6457,1
/@ronyarana8849,/@mariorodas593,1
/@ronyarana8849,/@Iv%C3%A1nP%C3%A9rez-j4j,1
/@ronyarana8849,/@thelmamoran8565,1
/@ronyarana8849,/@fredygarcia9151,1
/@ronyarana8849,/@TeresaLucero-b5o,1
/@ronyarana8849,/@cesarandreas7824,1
/@ligiaguerra3057,/@NataliaRodriguez-rx5mr,1
/@ligiaguerra3057,/@Lyrics_GT,1
/@ligiaguerra3057,/@genarodelgado3929,1
/@ronyarana8849,/@alvaroesquivel563,1
/@ronyarana8849,/@yeniferaguirre4498,1
/@ronyarana8849,/@amyherrera7352,1
/@ronyarana8849,/@edwinavila4876,1
/@ronyarana8849,/@edwingeovanymarroquinmarro6684,1
/@ronyarana8849,/@markoherrera,1
/@ronyarana8849,/@BenjaminLarios-jd8nk,1
/@ronyarana8849,/@JuanChang-r6k,1
/@ronyarana8849,/@SoniaMarroquin-y6e,1
/@ronyarana8849,/@nestorlorenzana1168,1
/@ronyarana8849,/@carlosaguilar-kz7ml,1
/@ronyarana8849,/@dantesarti4351,1
/@ronyarana8849,/@monkchapin,1
/@ronyarana8849,/@andyB5280,1
/@ronyarana8849,/@Jel.Awesh.M,1
/@ronyarana8849,/@byronpontaza,1
/@ronyarana8849,/@JosueRamirez-ey3ih,1
/@ronyarana8849,/@jor77cas,1
/@ronyarana8849,/@MrDuenderojo,1
/@ronyarana8849,/@davidgaher9550,1
/@ronyarana8849,/@belvettzapeta1251,1
/@FranciscoRivera-sf7ne,/@nestorlorenzana1168,1
/@FranciscoRivera-sf7ne,/@dantesarti4351,1
/@nestormendez6216,/@mynorrodas8591,1
/@RobertoZelaya-x1v,/@mdelcid01,1
/@RobertoZelaya-x1v,/@davidisraelesquitsaquil,1
/@RobertoZelaya-x1v,/@fredydomingo7062,1
/@RobertoZelaya-x1v,/@edgarroldan5539,1
/@RobertoZelaya-x1v,/@inge_vergueta,1
/@RobertoZelaya-x1v,/@CARLOSSTREMS51,1
/@RobertoZelaya-x1v,/@SuperVictor2005,1
/@RobertoZelaya-x1v,/@Rogergh-nw4oj,1
/@RobertoZelaya-x1v,/@amyherrera7352,1
/@RobertoZelaya-x1v,/@edwingeovanymarroquinmarro6684,1
/@RobertoZelaya-x1v,/@markoherrera,1
/@RobertoZelaya-x1v,/@BenjaminLarios-jd8nk,1
/@RobertoZelaya-x1v,/@SoniaMarroquin-y6e,1
/@RobertoZelaya-x1v,/@nestorlorenzana1168,1
/@RobertoZelaya-x1v,/@carlosaguilar-kz7ml,1
/@RobertoZelaya-x1v,/@dantesarti4351,1
/@RobertoZelaya-x1v,/@monkchapin,1
/@RobertoZelaya-x1v,/@andyB5280,1
/@RobertoZelaya-x1v,/@eusebiovasquez4385,1
/@RobertoZelaya-x1v,/@hectorcarranza3777,1
/@RobertoZelaya-x1v,/@byronpontaza,1
/@RobertoZelaya-x1v,/@anaaguirre8985,1
/@JuanChang-r6k,/@fredygarcia9151,1
/@JuanChang-r6k,/@TeresaLucero-b5o,1
/@JuanChang-r6k,/@cesarandreas7824,1
/@RobertoZelaya-x1v,/@JavierBecerra-h6x,1
/@RobertoZelaya-x1v,/@belarminavillatoro6474,1
/@RobertoZelaya-x1v,/@GilmarMaldonado-q9m,1
/@RobertoZelaya-x1v,/@mariasamo8637,1
/@RobertoZelaya-x1v,/@josehidalgo4875,1
/@RobertoZelaya-x1v,/@JacintaTzoy,1
/@RobertoZelaya-x1v,/@gorrarota,1
/@RobertoZelaya-x1v,/@mynorrodas8591,1
/@RobertoZelaya-x1v,/@OseasSamayoa-ol5rz,1
/@RobertoZelaya-x1v,/@pablochitay46,1
/@RobertoZelaya-x1v,/@josecarrera9623,1
/@RobertoZelaya-x1v,/@victorarturoruanobautista7588,1
/@RobertoZelaya-x1v,/@VidalVillatoro-p4w,1
/@RobertoZelaya-x1v,/@ARGELIATELON,1
/@RobertoZelaya-x1v,/@Jel.Awesh.M,1
/@RobertoZelaya-x1v,/@JosueRamirez-ey3ih,1
/@JuanChang-r6k,/@Iv%C3%A1nP%C3%A9rez-j4j,1
/@RobertoZelaya-x1v,/@TeresaLucero-b5o,1
/@3762Jorge,/@DenisRMC,1
/@3762Jorge,/@Alejandro00710,1
/@3762Jorge,/@rockyscarlet,1
/@3762Jorge,/@sparkvalkov,1
/@3762Jorge,/@marioramirez299,1
/@3762Jorge,/@jabriz8152,1
/@3762Jorge,/@JBFlute92,1
/@3762Jorge,/@miguelbran1268,1
/@3762Jorge,/@angelmartinez9523,1
/@3762Jorge,/@hashojea7348,1
/@3762Jorge,/@herminiasaquimux7565,1
/@3762Jorge,/@11223344An,1
/@3762Jorge,/@capitanfrans,1
/@thelmamoran8565,/@JavierBecerra-h6x,1
/@thelmamoran8565,/@belarminavillatoro6474,1
/@thelmamoran8565,/@GilmarMaldonado-q9m,1
/@thelmamoran8565,/@mariasamo8637,1
/@RobertoZelaya-x1v,/@cesarandreas7824,1
/@RobertoZelaya-x1v,/@fredygarcia9151,1
/@RobertoZelaya-x1v,/@jor77cas,1
/@RobertoZelaya-x1v,/@thelmamoran8565,1
/@RobertoZelaya-x1v,/@MrDuenderojo,1
/@RobertoZelaya-x1v,/@davidgaher9550,1
/@RobertoZelaya-x1v,/@belvettzapeta1251,1
/@RobertoZelaya-x1v,/@edwinavila4876,1
/@RobertoZelaya-x1v,/@yeniferaguirre4498,1
/@RobertoZelaya-x1v,/@moisesvaldez4043,1
/@RobertoZelaya-x1v,/@alvaroesquivel563,1
/@RobertoZelaya-x1v,/@marcomendez7509,1
/@RobertoZelaya-x1v,/@beneficioelcaminovillacana8540,1
/@RobertoZelaya-x1v,/@RolandoRaguay,1
/@RobertoZelaya-x1v,/@OdilioRodr%C3%ADguez-c5w,1
/@RobertoZelaya-x1v,/@romeolopezherrarte799,1
/@RobertoZelaya-x1v,/@ricardofigueroa5720,1
/@RobertoZelaya-x1v,/@SergioGarcia-z9c,1
/@RobertoZelaya-x1v,/@domingopeneleu6457,1
/@RobertoZelaya-x1v,/@mariorodas593,1
/@RobertoZelaya-x1v,/@Iv%C3%A1nP%C3%A9rez-j4j,1
/@JuanChang-r6k,/@thelmamoran8565,1
/@JuanChang-r6k,/@mariorodas593,1
/@FranciscoRivera-sf7ne,/@monkchapin,1
/@FranciscoRivera-sf7ne,/@domingopeneleu6457,1
/@FranciscoRivera-sf7ne,/@Iv%C3%A1nP%C3%A9rez-j4j,1
/@FranciscoRivera-sf7ne,/@thelmamoran8565,1
/@FranciscoRivera-sf7ne,/@fredygarcia9151,1
/@FranciscoRivera-sf7ne,/@TeresaLucero-b5o,1
/@FranciscoRivera-sf7ne,/@cesarandreas7824,1
/@JuanChang-r6k,/@JavierBecerra-h6x,1
/@JuanChang-r6k,/@belarminavillatoro6474,1
/@JuanChang-r6k,/@GilmarMaldonado-q9m,1
/@JuanChang-r6k,/@mariasamo8637,1
/@JuanChang-r6k,/@josehidalgo4875,1
/@JuanChang-r6k,/@JacintaTzoy,1
/@JuanChang-r6k,/@gorrarota,1
/@JuanChang-r6k,/@mynorrodas8591,1
/@JuanChang-r6k,/@OseasSamayoa-ol5rz,1
/@JuanChang-r6k,/@pablochitay46,1
/@JuanChang-r6k,/@josecarrera9623,1
/@JuanChang-r6k,/@victorarturoruanobautista7588,1
/@FranciscoRivera-sf7ne,/@mariorodas593,1
/@FranciscoRivera-sf7ne,/@SergioGarcia-z9c,1
/@JuanChang-r6k,/@ARGELIATELON,1
/@FranciscoRivera-sf7ne,/@ricardofigueroa5720,1
/@FranciscoRivera-sf7ne,/@andyB5280,1
/@FranciscoRivera-sf7ne,/@Jel.Awesh.M,1
/@FranciscoRivera-sf7ne,/@byronpontaza,1
/@FranciscoRivera-sf7ne,/@JosueRamirez-ey3ih,1
/@FranciscoRivera-sf7ne,/@jor77cas,1
/@FranciscoRivera-sf7ne,/@MrDuenderojo,1
/@FranciscoRivera-sf7ne,/@davidgaher9550,1
/@FranciscoRivera-sf7ne,/@belvettzapeta1251,1
/@FranciscoRivera-sf7ne,/@edwinavila4876,1
/@FranciscoRivera-sf7ne,/@yeniferaguirre4498,1
/@FranciscoRivera-sf7ne,/@moisesvaldez4043,1
/@FranciscoRivera-sf7ne,/@alvaroesquivel563,1
/@FranciscoRivera-sf7ne,/@marcomendez7509,1
/@FranciscoRivera-sf7ne,/@beneficioelcaminovillacana8540,1
/@FranciscoRivera-sf7ne,/@RolandoRaguay,1
/@FranciscoRivera-sf7ne,/@OdilioRodr%C3%ADguez-c5w,1
/@FranciscoRivera-sf7ne,/@romeolopezherrarte799,1
/@JuanChang-r6k,/@VidalVillatoro-p4w,1
/@JuanChang-r6k,/@anaaguirre8985,1
/@JuanChang-r6k,/@domingopeneleu6457,1
/@JuanChang-r6k,/@andyB5280,1
/@JuanChang-r6k,/@byronpontaza,1
/@JuanChang-r6k,/@JosueRamirez-ey3ih,1
/@JuanChang-r6k,/@jor77cas,1
/@JuanChang-r6k,/@MrDuenderojo,1
/@JuanChang-r6k,/@davidgaher9550,1
/@JuanChang-r6k,/@belvettzapeta1251,1
/@JuanChang-r6k,/@edwinavila4876,1
/@JuanChang-r6k,/@yeniferaguirre4498,1
/@JuanChang-r6k,/@moisesvaldez4043,1
/@JuanChang-r6k,/@alvaroesquivel563,1
/@JuanChang-r6k,/@marcomendez7509,1
/@JuanChang-r6k,/@beneficioelcaminovillacana8540,1
/@JuanChang-r6k,/@RolandoRaguay,1
/@JuanChang-r6k,/@OdilioRodr%C3%ADguez-c5w,1
/@JuanChang-r6k,/@romeolopezherrarte799,1
/@JuanChang-r6k,/@ricardofigueroa5720,1
/@JuanChang-r6k,/@SergioGarcia-z9c,1
/@JuanChang-r6k,/@Jel.Awesh.M,1
/@JuanChang-r6k,/@monkchapin,1
/@JuanChang-r6k,/@RobertoZelaya-x1v,1
/@JuanChang-r6k,/@dantesarti4351,1
/@JuanChang-r6k,/@hectorcarranza3777,1
/@JuanChang-r6k,/@mdelcid01,1
/@JuanChang-r6k,/@eusebiovasquez4385,1
/@JuanChang-r6k,/@davidisraelesquitsaquil,1
/@JuanChang-r6k,/@fredydomingo7062,1
/@JuanChang-r6k,/@edgarroldan5539,1
/@JuanChang-r6k,/@inge_vergueta,1
/@JuanChang-r6k,/@CARLOSSTREMS51,1
/@JuanChang-r6k,/@SuperVictor2005,1
/@JuanChang-r6k,/@Rogergh-nw4oj,1
/@JuanChang-r6k,/@amyherrera7352,1
/@JuanChang-r6k,/@edwingeovanymarroquinmarro6684,1
/@JuanChang-r6k,/@markoherrera,1
/@JuanChang-r6k,/@BenjaminLarios-jd8nk,1
/@JuanChang-r6k,/@SoniaMarroquin-y6e,1
/@JuanChang-r6k,/@nestorlorenzana1168,1
/@JuanChang-r6k,/@carlosaguilar-kz7ml,1
/@BernerSoza-mg3vx,/@robertoescobar5507,1
/@BernerSoza-mg3vx,/@Murmullodelbarrio,1
/@BernerSoza-mg3vx,/@cristianescobedo8296,1
/@MacarioMartinezruiz,/@belvettzapeta1251,1
/@MacarioMartinezruiz,/@yeniferaguirre4498,1
/@MacarioMartinezruiz,/@moisesvaldez4043,1
/@MacarioMartinezruiz,/@alvaroesquivel563,1
/@MacarioMartinezruiz,/@marcomendez7509,1
/@MacarioMartinezruiz,/@danyraymundo2942,1
/@MacarioMartinezruiz,/@beneficioelcaminovillacana8540,1
/@MacarioMartinezruiz,/@RolandoRaguay,1
/@MacarioMartinezruiz,/@OdilioRodr%C3%ADguez-c5w,1
/@MacarioMartinezruiz,/@romeolopezherrarte799,1
/@MacarioMartinezruiz,/@ricardofigueroa5720,1
/@MacarioMartinezruiz,/@SergioGarcia-z9c,1
/@MacarioMartinezruiz,/@domingopeneleu6457,1
/@MacarioMartinezruiz,/@ronyarana8849,1
/@MacarioMartinezruiz,/@mariorodas593,1
/@MacarioMartinezruiz,/@Iv%C3%A1nP%C3%A9rez-j4j,1
/@MacarioMartinezruiz,/@thelmamoran8565,1
/@MacarioMartinezruiz,/@fredygarcia9151,1
/@MacarioMartinezruiz,/@edwinavila4876,1
/@MacarioMartinezruiz,/@davidgaher9550,1
/@MacarioMartinezruiz,/@cesarandreas7824,1
/@MacarioMartinezruiz,/@Joseroland21,1
/@MacarioMartinezruiz,/@Rogergh-nw4oj,1
/@MacarioMartinezruiz,/@amyherrera7352,1
/@MacarioMartinezruiz,/@edwingeovanymarroquinmarro6684,1
/@MacarioMartinezruiz,/@markoherrera,1
/@MacarioMartinezruiz,/@BenjaminLarios-jd8nk,1
/@MacarioMartinezruiz,/@JuanChang-r6k,1
/@MacarioMartinezruiz,/@SoniaMarroquin-y6e,1
/@MacarioMartinezruiz,/@nestorlorenzana1168,1
/@MacarioMartinezruiz,/@carlosaguilar-kz7ml,1
/@MacarioMartinezruiz,/@dantesarti4351,1
/@MacarioMartinezruiz,/@monkchapin,1
/@MacarioMartinezruiz,/@andyB5280,1
/@MacarioMartinezruiz,/@Jel.Awesh.M,1
/@MacarioMartinezruiz,/@byronpontaza,1
/@MacarioMartinezruiz,/@JosueRamirez-ey3ih,1
/@MacarioMartinezruiz,/@jor77cas,1
/@MacarioMartinezruiz,/@MrDuenderojo,1
/@MacarioMartinezruiz,/@TeresaLucero-b5o,1
/@aguilar4254,/@NataliaRodriguez-rx5mr,1
/@MacarioMartinezruiz,/@CARLOSSTREMS51,1
/@aguilar4254,/@sergiohinestroza9709,1
/@aguilar4254,/@javiercifuentesarchila6041,1
/@aguilar4254,/@armindapenados2841,1
/@aguilar4254,/@Silviazea,1
/@aguilar4254,/@AnaDiaz-re9sq,1
/@aguilar4254,/@rogeraldana4289,1
/@aguilar4254,/@carloslam5333,1
/@aguilar4254,/@ligiaguerra3057,1
/@iamjimalesssa,/@NataliaRodriguez-rx5mr,1
/@iamjimalesssa,/@Lyrics_GT,1
/@iamjimalesssa,/@genarodelgado3929,1
/@iamjimalesssa,/@Jel.Awesh.M,1
/@iamjimalesssa,/@MarcosCarillo-b1r,1
/@iamjimalesssa,/@dinoraoroxon5771,1
/@iamjimalesssa,/@marlenareano-h4t,1
/@iamjimalesssa,/@FernandoGarcia-jg1fj,1
/@iamjimalesssa,/@AndresLemus-k2d,1
/@iamjimalesssa,/@inge_vergueta,1
/@aguilar4254,/@RolandoCastroP%C3%A9rez-d7y,1
/@aguilar4254,/@EcPerez-zz9oh,1
/@aguilar4254,/@Lyrics_GT,1
/@aguilar4254,/@gonzalo6075,1
/@aguilar4254,/@genarodelgado3929,1
/@aguilar4254,/@Jel.Awesh.M,1
/@aguilar4254,/@MarcosCarillo-b1r,1
/@aguilar4254,/@dinoraoroxon5771,1
/@aguilar4254,/@iamjimalesssa,1
/@aguilar4254,/@marlenareano-h4t,1
/@aguilar4254,/@FernandoGarcia-jg1fj,1
/@aguilar4254,/@AndresLemus-k2d,1
/@aguilar4254,/@inge_vergueta,1
/@aguilar4254,/@jorgeaguilar-bq3uj,1
/@aguilar4254,/@pedroros6358,1
/@aguilar4254,/@josecastillo4390,1
/@aguilar4254,/@quijotachapina1,1
/@aguilar4254,/@OmarMartinez-vv8re,1
/@aguilar4254,/@mariocordon8873,1
/@aguilar4254,/@EdgarcalderonCalderong,1
/@aguilar4254,/@HectorElias-u2l,1
/@MacarioMartinezruiz,/@SuperVictor2005,1
/@MacarioMartinezruiz,/@inge_vergueta,1
/@BernerSoza-mg3vx,/@Israel-u5i7i,1
/@nestormendez6216,/@amyherrera7352,1
/@nestormendez6216,/@markoherrera,1
/@nestormendez6216,/@BenjaminLarios-jd8nk,1
/@nestormendez6216,/@JuanChang-r6k,1
/@nestormendez6216,/@SoniaMarroquin-y6e,1
/@nestormendez6216,/@nestorlorenzana1168,1
/@nestormendez6216,/@carlosaguilar-kz7ml,1
/@nestormendez6216,/@dantesarti4351,1
/@nestormendez6216,/@monkchapin,1
/@nestormendez6216,/@andyB5280,1
/@nestormendez6216,/@Jel.Awesh.M,1
/@nestormendez6216,/@byronpontaza,1
/@nestormendez6216,/@JosueRamirez-ey3ih,1
/@nestormendez6216,/@jor77cas,1
/@nestormendez6216,/@MrDuenderojo,1
/@nestormendez6216,/@Joseroland21,1
/@nestormendez6216,/@davidgaher9550,1
/@nestormendez6216,/@belvettzapeta1251,1
/@nestormendez6216,/@edwingeovanymarroquinmarro6684,1
/@nestormendez6216,/@Rogergh-nw4oj,1
/@nestormendez6216,/@yeniferaguirre4498,1
/@nestormendez6216,/@SuperVictor2005,1
/@nestormendez6216,/@OseasSamayoa-ol5rz,1
/@nestormendez6216,/@pablochitay46,1
/@nestormendez6216,/@josecarrera9623,1
/@nestormendez6216,/@victorarturoruanobautista7588,1
/@nestormendez6216,/@VidalVillatoro-p4w,1
/@nestormendez6216,/@ARGELIATELON,1
/@nestormendez6216,/@anaaguirre8985,1
/@nestormendez6216,/@RobertoZelaya-x1v,1
/@nestormendez6216,/@hectorcarranza3777,1
/@nestormendez6216,/@mdelcid01,1
/@nestormendez6216,/@eusebiovasquez4385,1
/@nestormendez6216,/@FranciscoRivera-sf7ne,1
/@nestormendez6216,/@davidisraelesquitsaquil,1
/@nestormendez6216,/@fredydomingo7062,1
/@nestormendez6216,/@edgarroldan5539,1
/@nestormendez6216,/@inge_vergueta,1
/@nestormendez6216,/@CARLOSSTREMS51,1
/@nestormendez6216,/@edwinavila4876,1
/@nestormendez6216,/@moisesvaldez4043,1
/@MacarioMartinezruiz,/@edgarroldan5539,1
/@MacarioMartinezruiz,/@mariasamo8637,1
/@MacarioMartinezruiz,/@JacintaTzoy,1
/@MacarioMartinezruiz,/@gorrarota,1
/@MacarioMartinezruiz,/@mynorrodas8591,1
/@MacarioMartinezruiz,/@OseasSamayoa-ol5rz,1
/@MacarioMartinezruiz,/@pablochitay46,1
/@MacarioMartinezruiz,/@josecarrera9623,1
/@MacarioMartinezruiz,/@victorarturoruanobautista7588,1
/@MacarioMartinezruiz,/@VidalVillatoro-p4w,1
/@MacarioMartinezruiz,/@ARGELIATELON,1
/@MacarioMartinezruiz,/@anaaguirre8985,1
/@MacarioMartinezruiz,/@RobertoZelaya-x1v,1
/@MacarioMartinezruiz,/@hectorcarranza3777,1
/@MacarioMartinezruiz,/@mdelcid01,1
/@MacarioMartinezruiz,/@eusebiovasquez4385,1
/@MacarioMartinezruiz,/@FranciscoRivera-sf7ne,1
/@MacarioMartinezruiz,/@davidisraelesquitsaquil,1
/@MacarioMartinezruiz,/@fredydomingo7062,1
/@MacarioMartinezruiz,/@josehidalgo4875,1
/@MacarioMartinezruiz,/@GilmarMaldonado-q9m,1
/@nestormendez6216,/@alvaroesquivel563,1
/@MacarioMartinezruiz,/@belarminavillatoro6474,1
/@nestormendez6216,/@marcomendez7509,1
/@nestormendez6216,/@danyraymundo2942,1
/@nestormendez6216,/@beneficioelcaminovillacana8540,1
/@nestormendez6216,/@RolandoRaguay,1
/@nestormendez6216,/@OdilioRodr%C3%ADguez-c5w,1
/@nestormendez6216,/@romeolopezherrarte799,1
/@nestormendez6216,/@ricardofigueroa5720,1
/@nestormendez6216,/@SergioGarcia-z9c,1
/@nestormendez6216,/@domingopeneleu6457,1
/@nestormendez6216,/@ronyarana8849,1
/@nestormendez6216,/@mariorodas593,1
/@nestormendez6216,/@Iv%C3%A1nP%C3%A9rez-j4j,1
/@nestormendez6216,/@thelmamoran8565,1
/@nestormendez6216,/@fredygarcia9151,1
/@nestormendez6216,/@TeresaLucero-b5o,1
/@nestormendez6216,/@cesarandreas7824,1
/@MacarioMartinezruiz,/@JavierBecerra-h6x,1
/@iamjimalesssa,/@jorgeaguilar-bq3uj,1
/@iamjimalesssa,/@pedroros6358,1
/@iamjimalesssa,/@josecastillo4390,1
/@danyraymundo2942,/@mynorrodas8591,1
/@danyraymundo2942,/@pablochitay46,1
/@danyraymundo2942,/@josecarrera9623,1
/@danyraymundo2942,/@victorarturoruanobautista7588,1
/@danyraymundo2942,/@VidalVillatoro-p4w,1
/@danyraymundo2942,/@ARGELIATELON,1
/@danyraymundo2942,/@anaaguirre8985,1
/@danyraymundo2942,/@RobertoZelaya-x1v,1
/@danyraymundo2942,/@hectorcarranza3777,1
/@danyraymundo2942,/@mdelcid01,1
/@danyraymundo2942,/@eusebiovasquez4385,1
/@danyraymundo2942,/@FranciscoRivera-sf7ne,1
/@danyraymundo2942,/@davidisraelesquitsaquil,1
/@danyraymundo2942,/@fredydomingo7062,1
/@danyraymundo2942,/@edgarroldan5539,1
/@danyraymundo2942,/@inge_vergueta,1
/@danyraymundo2942,/@CARLOSSTREMS51,1
/@danyraymundo2942,/@SuperVictor2005,1
/@danyraymundo2942,/@OseasSamayoa-ol5rz,1
/@danyraymundo2942,/@gorrarota,1
/@danyraymundo2942,/@amyherrera7352,1
/@danyraymundo2942,/@JacintaTzoy,1
/@WalksandSuch,/@ChRiStOpHeR7969,1
/@WalksandSuch,/@melvinperez6710,1
/@WalksandSuch,/@rolandojuchuna484,1
/@WalksandSuch,/@perritojuega1,1
/@WalksandSuch,/@mynorgudiel8646,1
/@WalksandSuch,/@jimmygomez724,1
/@WalksandSuch,/@alexarcos8349,1
/@WalksandSuch,/@zetag,1
/@WalksandSuch,/@kingr4706,1
/@WalksandSuch,/@elenaluarca9377,1
/@WalksandSuch,/@maynorcalel1442,1
/@WalksandSuch,/@bryansicasales4280,1
/@danyraymundo2942,/@JavierBecerra-h6x,1
/@danyraymundo2942,/@belarminavillatoro6474,1
/@danyraymundo2942,/@GilmarMaldonado-q9m,1
/@danyraymundo2942,/@mariasamo8637,1
/@danyraymundo2942,/@josehidalgo4875,1
/@danyraymundo2942,/@Rogergh-nw4oj,1
/@danyraymundo2942,/@edwingeovanymarroquinmarro6684,1
/@iamjimalesssa,/@quijotachapina1,1
/@danyraymundo2942,/@marcomendez7509,1
/@danyraymundo2942,/@RolandoRaguay,1
/@danyraymundo2942,/@OdilioRodr%C3%ADguez-c5w,1
/@danyraymundo2942,/@romeolopezherrarte799,1
/@danyraymundo2942,/@ricardofigueroa5720,1
/@danyraymundo2942,/@SergioGarcia-z9c,1
/@danyraymundo2942,/@domingopeneleu6457,1
/@danyraymundo2942,/@ronyarana8849,1
/@danyraymundo2942,/@mariorodas593,1
/@danyraymundo2942,/@Iv%C3%A1nP%C3%A9rez-j4j,1
/@danyraymundo2942,/@thelmamoran8565,1
/@danyraymundo2942,/@fredygarcia9151,1
/@danyraymundo2942,/@TeresaLucero-b5o,1
/@danyraymundo2942,/@cesarandreas7824,1
/@BernerSoza-mg3vx,/@AlejandroP%C3%A9rez-b6r,1
/@BernerSoza-mg3vx,/@luisricardo9671,1
/@BernerSoza-mg3vx,/@lara11roberto,1
/@BernerSoza-mg3vx,/@elsasalguero6914,1
/@danyraymundo2942,/@beneficioelcaminovillacana8540,1
/@danyraymundo2942,/@alvaroesquivel563,1
/@danyraymundo2942,/@markoherrera,1
/@danyraymundo2942,/@moisesvaldez4043,1
/@danyraymundo2942,/@BenjaminLarios-jd8nk,1
/@danyraymundo2942,/@JuanChang-r6k,1
/@danyraymundo2942,/@SoniaMarroquin-y6e,1
/@danyraymundo2942,/@nestorlorenzana1168,1
/@danyraymundo2942,/@carlosaguilar-kz7ml,1
/@danyraymundo2942,/@dantesarti4351,1
/@danyraymundo2942,/@monkchapin,1
/@danyraymundo2942,/@andyB5280,1
/@danyraymundo2942,/@Jel.Awesh.M,1
/@danyraymundo2942,/@byronpontaza,1
/@danyraymundo2942,/@JosueRamirez-ey3ih,1
/@danyraymundo2942,/@jor77cas,1
/@danyraymundo2942,/@MrDuenderojo,1
/@danyraymundo2942,/@davidgaher9550,1
/@danyraymundo2942,/@belvettzapeta1251,1
/@danyraymundo2942,/@edwinavila4876,1
/@danyraymundo2942,/@yeniferaguirre4498,1
/@WalksandSuch,/@TheAlexX_C,1
/@WalksandSuch,/@carlosoliva9249,1
/@WalksandSuch,/@alexandrevasquez4135,1
/@Joseroland21,/@josehidalgo4875,1
/@Joseroland21,/@gorrarota,1
/@Joseroland21,/@mynorrodas8591,1
/@Joseroland21,/@OseasSamayoa-ol5rz,1
/@Joseroland21,/@pablochitay46,1
/@Joseroland21,/@josecarrera9623,1
/@Joseroland21,/@victorarturoruanobautista7588,1
/@Joseroland21,/@VidalVillatoro-p4w,1
/@Joseroland21,/@ARGELIATELON,1
/@Joseroland21,/@anaaguirre8985,1
/@Joseroland21,/@RobertoZelaya-x1v,1
/@Joseroland21,/@hectorcarranza3777,1
/@Joseroland21,/@mdelcid01,1
/@Joseroland21,/@eusebiovasquez4385,1
/@Joseroland21,/@FranciscoRivera-sf7ne,1
/@Joseroland21,/@davidisraelesquitsaquil,1
/@Joseroland21,/@fredydomingo7062,1
/@Joseroland21,/@edgarroldan5539,1
/@Joseroland21,/@JacintaTzoy,1
/@Joseroland21,/@mariasamo8637,1
/@Joseroland21,/@cesarandreas7824,1
/@Joseroland21,/@GilmarMaldonado-q9m,1
/@iamjimalesssa,/@OmarMartinez-vv8re,1
/@iamjimalesssa,/@mariocordon8873,1
/@iamjimalesssa,/@EdgarcalderonCalderong,1
/@iamjimalesssa,/@HectorElias-u2l,1
/@iamjimalesssa,/@gonzalo6075,1
/@iamjimalesssa,/@EcPerez-zz9oh,1
/@iamjimalesssa,/@sergiohinestroza9709,1
/@iamjimalesssa,/@RolandoCastroP%C3%A9rez-d7y,1
/@iamjimalesssa,/@javiercifuentesarchila6041,1
/@iamjimalesssa,/@armindapenados2841,1
/@iamjimalesssa,/@Silviazea,1
/@iamjimalesssa,/@AnaDiaz-re9sq,1
/@iamjimalesssa,/@rogeraldana4289,1
/@iamjimalesssa,/@carloslam5333,1
/@iamjimalesssa,/@ligiaguerra3057,1
/@Joseroland21,/@JavierBecerra-h6x,1
/@Joseroland21,/@belarminavillatoro6474,1
/@Joseroland21,/@inge_vergueta,1
/@Joseroland21,/@CARLOSSTREMS51,1
/@Joseroland21,/@SuperVictor2005,1
/@Joseroland21,/@Rogergh-nw4oj,1
/@Joseroland21,/@moisesvaldez4043,1
/@Joseroland21,/@alvaroesquivel563,1
/@Joseroland21,/@marcomendez7509,1
/@Joseroland21,/@danyraymundo2942,1
/@Joseroland21,/@beneficioelcaminovillacana8540,1
/@Joseroland21,/@RolandoRaguay,1
/@Joseroland21,/@OdilioRodr%C3%ADguez-c5w,1
/@Joseroland21,/@romeolopezherrarte799,1
/@Joseroland21,/@ricardofigueroa5720,1
/@Joseroland21,/@SergioGarcia-z9c,1
/@Joseroland21,/@domingopeneleu6457,1
/@Joseroland21,/@ronyarana8849,1
/@Joseroland21,/@mariorodas593,1
/@Joseroland21,/@Iv%C3%A1nP%C3%A9rez-j4j,1
/@Joseroland21,/@thelmamoran8565,1
/@Joseroland21,/@fredygarcia9151,1
/@Joseroland21,/@TeresaLucero-b5o,1
/@Joseroland21,/@yeniferaguirre4498,1
/@Joseroland21,/@edwinavila4876,1
/@Joseroland21,/@belvettzapeta1251,1
/@Joseroland21,/@carlosaguilar-kz7ml,1
/@Joseroland21,/@amyherrera7352,1
/@Joseroland21,/@edwingeovanymarroquinmarro6684,1
/@Joseroland21,/@markoherrera,1
/@Joseroland21,/@BenjaminLarios-jd8nk,1
/@Joseroland21,/@JuanChang-r6k,1
/@Joseroland21,/@SoniaMarroquin-y6e,1
/@Joseroland21,/@nestorlorenzana1168,1
/@Joseroland21,/@dantesarti4351,1
/@Joseroland21,/@davidgaher9550,1
/@Joseroland21,/@monkchapin,1
/@Joseroland21,/@andyB5280,1
/@Joseroland21,/@Jel.Awesh.M,1
/@Joseroland21,/@byronpontaza,1
/@Joseroland21,/@JosueRamirez-ey3ih,1
/@Joseroland21,/@jor77cas,1
/@Joseroland21,/@MrDuenderojo,1
/@vanigomez492,/@JavierBecerra-h6x,1
/@Santiago.Nolasco,/@taniagabrielacelis8434,1
/@thelmamoran8565,/@JacintaTzoy,1
/@FidelZacarias-ph7dy,/@RolandoRaguay,1
/@FidelZacarias-ph7dy,/@OdilioRodr%C3%ADguez-c5w,1
/@FidelZacarias-ph7dy,/@carlosmedranovelasquez6380,1
/@FidelZacarias-ph7dy,/@romeolopezherrarte799,1
/@FidelZacarias-ph7dy,/@ricardofigueroa5720,1
/@FidelZacarias-ph7dy,/@AndresMedina-v1s,1
/@FidelZacarias-ph7dy,/@SergioGarcia-z9c,1
/@FidelZacarias-ph7dy,/@domingopeneleu6457,1
/@FidelZacarias-ph7dy,/@ronyarana8849,1
/@FidelZacarias-ph7dy,/@mariorodas593,1
/@FidelZacarias-ph7dy,/@Iv%C3%A1nP%C3%A9rez-j4j,1
/@FidelZacarias-ph7dy,/@thelmamoran8565,1
/@FidelZacarias-ph7dy,/@fredygarcia9151,1
/@FidelZacarias-ph7dy,/@TeresaLucero-b5o,1
/@FidelZacarias-ph7dy,/@vanigomez492,1
/@FidelZacarias-ph7dy,/@cesarandreas7824,1
/@FidelZacarias-ph7dy,/@oscarnavas9996,1
/@noemiherrera3152,/@ninettmartinez425,1
/@FidelZacarias-ph7dy,/@mireyamorales6595,1
/@FidelZacarias-ph7dy,/@beneficioelcaminovillacana8540,1
/@crislexrubi4387,/@alexandrevasquez4135,1
/@FidelZacarias-ph7dy,/@danyraymundo2942,1
/@FidelZacarias-ph7dy,/@Jel.Awesh.M,1
/@FidelZacarias-ph7dy,/@byronpontaza,1
/@FidelZacarias-ph7dy,/@JosueRamirez-ey3ih,1
/@FidelZacarias-ph7dy,/@jor77cas,1
/@FidelZacarias-ph7dy,/@welfrealdana5559,1
/@FidelZacarias-ph7dy,/@MrDuenderojo,1
/@FidelZacarias-ph7dy,/@Joseroland21,1
/@FidelZacarias-ph7dy,/@davidgaher9550,1
/@FidelZacarias-ph7dy,/@belvettzapeta1251,1
/@FidelZacarias-ph7dy,/@edwinavila4876,1
/@FidelZacarias-ph7dy,/@yeniferaguirre4498,1
/@FidelZacarias-ph7dy,/@moisesvaldez4043,1
/@FidelZacarias-ph7dy,/@isaiaslopezvelasquez1539,1
/@FidelZacarias-ph7dy,/@alvaroesquivel563,1
/@FidelZacarias-ph7dy,/@nestormendez6216,1
/@FidelZacarias-ph7dy,/@marcomendez7509,1
/@FidelZacarias-ph7dy,/@elmorodriguez6978,1
/@noemiherrera3152,/@lyacausa,1
/@crislexrubi4387,/@carlosoliva9249,1
/@FidelZacarias-ph7dy,/@monkchapin,1
/@virgiliogarcia3039,/@GilmarMaldonado-q9m,1
/@virgiliogarcia3039,/@josehidalgo4875,1
/@virgiliogarcia3039,/@JacintaTzoy,1
/@virgiliogarcia3039,/@guillermogonzalez5153,1
/@virgiliogarcia3039,/@MegaKristenstewart,1
/@virgiliogarcia3039,/@gorrarota,1
/@virgiliogarcia3039,/@mynorrodas8591,1
/@virgiliogarcia3039,/@OseasSamayoa-ol5rz,1
/@virgiliogarcia3039,/@pablochitay46,1
/@virgiliogarcia3039,/@josecarrera9623,1
/@virgiliogarcia3039,/@victorarturoruanobautista7588,1
/@virgiliogarcia3039,/@VidalVillatoro-p4w,1
/@virgiliogarcia3039,/@raquelprado3643,1
/@virgiliogarcia3039,/@ARGELIATELON,1
/@virgiliogarcia3039,/@anaaguirre8985,1
/@virgiliogarcia3039,/@RobertoZelaya-x1v,1
/@virgiliogarcia3039,/@hectorcarranza3777,1
/@virgiliogarcia3039,/@OscarHernandez-q8y,1
/@virgiliogarcia3039,/@mariasamo8637,1
/@virgiliogarcia3039,/@belarminavillatoro6474,1
/@crislexrubi4387,/@TheAlexX_C,1
/@virgiliogarcia3039,/@kanterra4584,1
/@crislexrubi4387,/@ChRiStOpHeR7969,1
/@crislexrubi4387,/@melvinperez6710,1
/@crislexrubi4387,/@rolandojuchuna484,1
/@crislexrubi4387,/@perritojuega1,1
/@crislexrubi4387,/@mynorgudiel8646,1
/@crislexrubi4387,/@jimmygomez724,1
/@crislexrubi4387,/@alexarcos8349,1
/@crislexrubi4387,/@WalksandSuch,1
/@crislexrubi4387,/@zetag,1
/@crislexrubi4387,/@jeanmorales1677,1
/@crislexrubi4387,/@kingr4706,1
/@crislexrubi4387,/@elenaluarca9377,1
/@crislexrubi4387,/@maynorcalel1442,1
/@crislexrubi4387,/@JoseReyes-rn6sh,1
/@crislexrubi4387,/@bryansicasales4280,1
/@virgiliogarcia3039,/@MacarioMartinezruiz,1
/@virgiliogarcia3039,/@JavierBecerra-h6x,1
/@FidelZacarias-ph7dy,/@andyB5280,1
/@FidelZacarias-ph7dy,/@dantesarti4351,1
/@virgiliogarcia3039,/@mdelcid01,1
/@samuelaguilar529,/@carlosoliva9249,1
/@samuelaguilar529,/@ChRiStOpHeR7969,1
/@samuelaguilar529,/@melvinperez6710,1
/@samuelaguilar529,/@rolandojuchuna484,1
/@samuelaguilar529,/@perritojuega1,1
/@samuelaguilar529,/@mynorgudiel8646,1
/@samuelaguilar529,/@jimmygomez724,1
/@samuelaguilar529,/@alexarcos8349,1
/@samuelaguilar529,/@WalksandSuch,1
/@samuelaguilar529,/@zetag,1
/@samuelaguilar529,/@crislexrubi4387,1
/@samuelaguilar529,/@jeanmorales1677,1
/@samuelaguilar529,/@kingr4706,1
/@samuelaguilar529,/@elenaluarca9377,1
/@samuelaguilar529,/@maynorcalel1442,1
/@samuelaguilar529,/@JoseReyes-rn6sh,1
/@samuelaguilar529,/@bryansicasales4280,1
/@FidelZacarias-ph7dy,/@MacarioMartinezruiz,1
/@samuelaguilar529,/@TheAlexX_C,1
/@samuelaguilar529,/@alexandrevasquez4135,1
/@FidelZacarias-ph7dy,/@kanterra4584,1
/@Jos%C3%A9Lopez-g6k,/@Hernandez-i1o,1
/@pasionpornada,/@MarioCortez-o6v,1
/@pasionpornada,/@aurahernandez5646,1
/@pasionpornada,/@jesusguzman2321,1
/@pasionpornada,/@eugeneramirez4405,1
/@pasionpornada,/@BelkisRodriguezRamirez,1
/@pasionpornada,/@RosaMontesdeOca777,1
/@pasionpornada,/@luisroldan7374,1
/@pasionpornada,/@WilR-s8r,1
/@pasionpornada,/@susievidal4134,1
/@pasionpornada,/@Ripped-Yoda,1
/@pasionpornada,/@Paul-gf7ec,1
/@juliogutierrez492,/@ZabalaXabier,1
/@juliogutierrez492,/@jorgegomez2237,1
/@juliogutierrez492,/@nicelol5241,1
/@juliogutierrez492,/@blogarteplus,1
/@juliogutierrez492,/@hashojea7348,1
/@Jos%C3%A9Lopez-g6k,/@moisesvaldez4043,1
/@FidelZacarias-ph7dy,/@JavierBecerra-h6x,1
/@FidelZacarias-ph7dy,/@belarminavillatoro6474,1
/@FidelZacarias-ph7dy,/@carlosaguilar-kz7ml,1
/@FidelZacarias-ph7dy,/@eusebiovasquez4385,1
/@FidelZacarias-ph7dy,/@davidisraelesquitsaquil,1
/@FidelZacarias-ph7dy,/@fredydomingo7062,1
/@FidelZacarias-ph7dy,/@edgarroldan5539,1
/@FidelZacarias-ph7dy,/@inge_vergueta,1
/@FidelZacarias-ph7dy,/@CARLOSSTREMS51,1
/@FidelZacarias-ph7dy,/@SuperVictor2005,1
/@FidelZacarias-ph7dy,/@Rogergh-nw4oj,1
/@FidelZacarias-ph7dy,/@amyherrera7352,1
/@FidelZacarias-ph7dy,/@edwingeovanymarroquinmarro6684,1
/@FidelZacarias-ph7dy,/@virgiliogarcia3039,1
/@FidelZacarias-ph7dy,/@markoherrera,1
/@FidelZacarias-ph7dy,/@BenjaminLarios-jd8nk,1
/@FidelZacarias-ph7dy,/@JuanChang-r6k,1
/@FidelZacarias-ph7dy,/@LE_A22,1
/@FidelZacarias-ph7dy,/@SoniaMarroquin-y6e,1
/@FidelZacarias-ph7dy,/@fredymendez1786,1
/@FidelZacarias-ph7dy,/@nestorlorenzana1168,1
/@FidelZacarias-ph7dy,/@FranciscoRivera-sf7ne,1
/@FidelZacarias-ph7dy,/@mdelcid01,1
/@FidelZacarias-ph7dy,/@GilmarMaldonado-q9m,1
/@FidelZacarias-ph7dy,/@OscarHernandez-q8y,1
/@FidelZacarias-ph7dy,/@mariasamo8637,1
/@FidelZacarias-ph7dy,/@josehidalgo4875,1
/@FidelZacarias-ph7dy,/@JacintaTzoy,1
/@FidelZacarias-ph7dy,/@guillermogonzalez5153,1
/@FidelZacarias-ph7dy,/@MegaKristenstewart,1
/@FidelZacarias-ph7dy,/@gorrarota,1
/@FidelZacarias-ph7dy,/@mynorrodas8591,1
/@FidelZacarias-ph7dy,/@OseasSamayoa-ol5rz,1
/@FidelZacarias-ph7dy,/@pablochitay46,1
/@FidelZacarias-ph7dy,/@josecarrera9623,1
/@FidelZacarias-ph7dy,/@victorarturoruanobautista7588,1
/@FidelZacarias-ph7dy,/@VidalVillatoro-p4w,1
/@FidelZacarias-ph7dy,/@raquelprado3643,1
/@FidelZacarias-ph7dy,/@ARGELIATELON,1
/@FidelZacarias-ph7dy,/@anaaguirre8985,1
/@FidelZacarias-ph7dy,/@RobertoZelaya-x1v,1
/@FidelZacarias-ph7dy,/@hectorcarranza3777,1
/@virgiliogarcia3039,/@DennisseLopetegi,1
/@virgiliogarcia3039,/@eusebiovasquez4385,1
/@fredymendez1786,/@danyraymundo2942,1
/@fredymendez1786,/@MacarioMartinezruiz,1
/@fredymendez1786,/@kanterra4584,1
/@fredymendez1786,/@belarminavillatoro6474,1
/@fredymendez1786,/@GilmarMaldonado-q9m,1
/@fredymendez1786,/@mariasamo8637,1
/@fredymendez1786,/@josehidalgo4875,1
/@fredymendez1786,/@JacintaTzoy,1
/@fredymendez1786,/@guillermogonzalez5153,1
/@fredymendez1786,/@MegaKristenstewart,1
/@fredymendez1786,/@gorrarota,1
/@fredymendez1786,/@mynorrodas8591,1
/@fredymendez1786,/@OseasSamayoa-ol5rz,1
/@fredymendez1786,/@pablochitay46,1
/@fredymendez1786,/@josecarrera9623,1
/@fredymendez1786,/@victorarturoruanobautista7588,1
/@fredymendez1786,/@VidalVillatoro-p4w,1
/@fredymendez1786,/@raquelprado3643,1
/@fredymendez1786,/@ARGELIATELON,1
/@fredymendez1786,/@JavierBecerra-h6x,1
/@caminoseternos752,/@ligiaguerra3057,1
/@fredymendez1786,/@RobertoZelaya-x1v,1
/@caminoseternos752,/@carloslam5333,1
/@caminoseternos752,/@pedroros6358,1
/@caminoseternos752,/@josecastillo4390,1
/@caminoseternos752,/@quijotachapina1,1
/@caminoseternos752,/@OmarMartinez-vv8re,1
/@caminoseternos752,/@mariocordon8873,1
/@caminoseternos752,/@EdgarcalderonCalderong,1
/@caminoseternos752,/@HectorElias-u2l,1
/@caminoseternos752,/@gonzalo6075,1
/@caminoseternos752,/@EcPerez-zz9oh,1
/@caminoseternos752,/@sergiohinestroza9709,1
/@caminoseternos752,/@RolandoCastroP%C3%A9rez-d7y,1
/@caminoseternos752,/@javiercifuentesarchila6041,1
/@caminoseternos752,/@estuardoargueta137,1
/@caminoseternos752,/@armindapenados2841,1
/@caminoseternos752,/@Silviazea,1
/@caminoseternos752,/@AnaDiaz-re9sq,1
/@caminoseternos752,/@rogeraldana4289,1
/@fredymendez1786,/@anaaguirre8985,1
/@fredymendez1786,/@hectorcarranza3777,1
/@caminoseternos752,/@jorgeaguilar-bq3uj,1
/@fredymendez1786,/@dantesarti4351,1
/@fredymendez1786,/@andyB5280,1
/@fredymendez1786,/@Jel.Awesh.M,1
/@fredymendez1786,/@byronpontaza,1
/@fredymendez1786,/@JosueRamirez-ey3ih,1
/@fredymendez1786,/@jor77cas,1
/@fredymendez1786,/@welfrealdana5559,1
/@fredymendez1786,/@MrDuenderojo,1
/@fredymendez1786,/@Joseroland21,1
/@fredymendez1786,/@davidgaher9550,1
/@fredymendez1786,/@belvettzapeta1251,1
/@fredymendez1786,/@edwinavila4876,1
/@fredymendez1786,/@yeniferaguirre4498,1
/@fredymendez1786,/@moisesvaldez4043,1
/@fredymendez1786,/@isaiaslopezvelasquez1539,1
/@fredymendez1786,/@alvaroesquivel563,1
/@fredymendez1786,/@nestormendez6216,1
/@fredymendez1786,/@marcomendez7509,1
/@fredymendez1786,/@monkchapin,1
/@fredymendez1786,/@carlosaguilar-kz7ml,1
/@fredymendez1786,/@OscarHernandez-q8y,1
/@fredymendez1786,/@nestorlorenzana1168,1
/@fredymendez1786,/@mdelcid01,1
/@fredymendez1786,/@eusebiovasquez4385,1
/@fredymendez1786,/@FranciscoRivera-sf7ne,1
/@fredymendez1786,/@davidisraelesquitsaquil,1
/@fredymendez1786,/@fredydomingo7062,1
/@fredymendez1786,/@edgarroldan5539,1
/@fredymendez1786,/@inge_vergueta,1
/@fredymendez1786,/@CARLOSSTREMS51,1
/@fredymendez1786,/@SuperVictor2005,1
/@fredymendez1786,/@Rogergh-nw4oj,1
/@fredymendez1786,/@amyherrera7352,1
/@fredymendez1786,/@edwingeovanymarroquinmarro6684,1
/@fredymendez1786,/@markoherrera,1
/@fredymendez1786,/@BenjaminLarios-jd8nk,1
/@fredymendez1786,/@JuanChang-r6k,1
/@fredymendez1786,/@LE_A22,1
/@fredymendez1786,/@SoniaMarroquin-y6e,1
/@caminoseternos752,/@aguilar4254,1
/@caminoseternos752,/@inge_vergueta,1
/@virgiliogarcia3039,/@FranciscoRivera-sf7ne,1
/@virgiliogarcia3039,/@dantesarti4351,1
/@virgiliogarcia3039,/@andyB5280,1
/@virgiliogarcia3039,/@Jel.Awesh.M,1
/@virgiliogarcia3039,/@byronpontaza,1
/@virgiliogarcia3039,/@Luis-gn3fj,1
/@virgiliogarcia3039,/@pablobarrios7931,1
/@virgiliogarcia3039,/@JosueRamirez-ey3ih,1
/@virgiliogarcia3039,/@jor77cas,1
/@virgiliogarcia3039,/@ericapaz5406,1
/@virgiliogarcia3039,/@welfrealdana5559,1
/@virgiliogarcia3039,/@josegil3813,1
/@virgiliogarcia3039,/@MrDuenderojo,1
/@virgiliogarcia3039,/@Joseroland21,1
/@virgiliogarcia3039,/@davidgaher9550,1
/@virgiliogarcia3039,/@belvettzapeta1251,1
/@virgiliogarcia3039,/@edwinavila4876,1
/@virgiliogarcia3039,/@yeniferaguirre4498,1
/@virgiliogarcia3039,/@moisesvaldez4043,1
/@virgiliogarcia3039,/@monkchapin,1
/@virgiliogarcia3039,/@carlosaguilar-kz7ml,1
/@virgiliogarcia3039,/@alvaroesquivel563,1
/@virgiliogarcia3039,/@nestorlorenzana1168,1
/@virgiliogarcia3039,/@davidisraelesquitsaquil,1
/@virgiliogarcia3039,/@fredydomingo7062,1
/@virgiliogarcia3039,/@edgarroldan5539,1
/@virgiliogarcia3039,/@inge_vergueta,1
/@virgiliogarcia3039,/@CARLOSSTREMS51,1
/@virgiliogarcia3039,/@herbertaguilar1387,1
/@virgiliogarcia3039,/@SuperVictor2005,1
/@virgiliogarcia3039,/@Rogergh-nw4oj,1
/@virgiliogarcia3039,/@amyherrera7352,1
/@virgiliogarcia3039,/@edwingeovanymarroquinmarro6684,1
/@virgiliogarcia3039,/@markoherrera,1
/@virgiliogarcia3039,/@BenjaminLarios-jd8nk,1
/@virgiliogarcia3039,/@CarlosCortez-v5r,1
/@virgiliogarcia3039,/@JuanChang-r6k,1
/@virgiliogarcia3039,/@LE_A22,1
/@virgiliogarcia3039,/@SoniaMarroquin-y6e,1
/@virgiliogarcia3039,/@fredymendez1786,1
/@virgiliogarcia3039,/@isaiaslopezvelasquez1539,1
/@virgiliogarcia3039,/@kevinochoa3695,1
/@caminoseternos752,/@AndresLemus-k2d,1
/@virgiliogarcia3039,/@aureliomaldonado4793,1
/@virgiliogarcia3039,/@danielantoniogonzalezflore4901,1
/@virgiliogarcia3039,/@fredygarcia9151,1
/@virgiliogarcia3039,/@TeresaLucero-b5o,1
/@virgiliogarcia3039,/@vanigomez492,1
/@virgiliogarcia3039,/@cesarandreas7824,1
/@virgiliogarcia3039,/@oscarnavas9996,1
/@caminoseternos752,/@NataliaRodriguez-rx5mr,1
/@caminoseternos752,/@Lyrics_GT,1
/@caminoseternos752,/@genarodelgado3929,1
/@caminoseternos752,/@eustaquiogomez9975,1
/@caminoseternos752,/@Jel.Awesh.M,1
/@caminoseternos752,/@MarcosCarillo-b1r,1
/@caminoseternos752,/@dinoraoroxon5771,1
/@caminoseternos752,/@hendersonlopez3864,1
/@caminoseternos752,/@iamjimalesssa,1
/@caminoseternos752,/@marlenareano-h4t,1
/@caminoseternos752,/@FernandoGarcia-jg1fj,1
/@virgiliogarcia3039,/@thelmamoran8565,1
/@virgiliogarcia3039,/@Iv%C3%A1nP%C3%A9rez-j4j,1
/@virgiliogarcia3039,/@srms70,1
/@virgiliogarcia3039,/@mariorodas593,1
/@virgiliogarcia3039,/@nestormendez6216,1
/@virgiliogarcia3039,/@marcomendez7509,1
/@virgiliogarcia3039,/@ErmeP%C3%A9rez-q4s,1
/@virgiliogarcia3039,/@elmorodriguez6978,1
/@virgiliogarcia3039,/@danyraymundo2942,1
/@virgiliogarcia3039,/@beneficioelcaminovillacana8540,1
/@virgiliogarcia3039,/@RolandoRaguay,1
/@virgiliogarcia3039,/@mireyamorales6595,1
/@virgiliogarcia3039,/@OdilioRodr%C3%ADguez-c5w,1
/@virgiliogarcia3039,/@carlosmedranovelasquez6380,1
/@virgiliogarcia3039,/@romeolopezherrarte799,1
/@virgiliogarcia3039,/@ricardofigueroa5720,1
/@virgiliogarcia3039,/@AndresMedina-v1s,1
/@virgiliogarcia3039,/@SergioGarcia-z9c,1
/@virgiliogarcia3039,/@domingopeneleu6457,1
/@virgiliogarcia3039,/@juandeleon9060,1
/@virgiliogarcia3039,/@ronyarana8849,1
/@pasionpornada,/@flornolberto2425,1
/@pasionpornada,/@MariaNavarroYT,1
/@pasionpornada,/@DoraSalas-j5o,1
/@eddymunoz9789,/@josecarrera9623,1
/@eddymunoz9789,/@VidalVillatoro-p4w,1
/@eddymunoz9789,/@raquelprado3643,1
/@eddymunoz9789,/@ARGELIATELON,1
/@eddymunoz9789,/@anaaguirre8985,1
/@eddymunoz9789,/@RobertoZelaya-x1v,1
/@eddymunoz9789,/@hectorcarranza3777,1
/@eddymunoz9789,/@OscarHernandez-q8y,1
/@eddymunoz9789,/@mdelcid01,1
/@eddymunoz9789,/@eusebiovasquez4385,1
/@eddymunoz9789,/@FranciscoRivera-sf7ne,1
/@eddymunoz9789,/@davidisraelesquitsaquil,1
/@eddymunoz9789,/@fredydomingo7062,1
/@eddymunoz9789,/@edgarroldan5539,1
/@eddymunoz9789,/@inge_vergueta,1
/@eddymunoz9789,/@CARLOSSTREMS51,1
/@eddymunoz9789,/@SuperVictor2005,1
/@eddymunoz9789,/@Rogergh-nw4oj,1
/@eddymunoz9789,/@victorarturoruanobautista7588,1
/@eddymunoz9789,/@pablochitay46,1
/@eddymunoz9789,/@JuanDavila-qd7qj,1
/@eddymunoz9789,/@OseasSamayoa-ol5rz,1
/@HaroldoCastillo-rh9iw,/@fredygarcia9151,1
/@HaroldoCastillo-rh9iw,/@TeresaLucero-b5o,1
/@HaroldoCastillo-rh9iw,/@vanigomez492,1
/@HaroldoCastillo-rh9iw,/@cesarandreas7824,1
/@HaroldoCastillo-rh9iw,/@oscarnavas9996,1
/@eddymunoz9789,/@MacarioMartinezruiz,1
/@eddymunoz9789,/@JavierBecerra-h6x,1
/@eddymunoz9789,/@kanterra4584,1
/@eddymunoz9789,/@belarminavillatoro6474,1
/@eddymunoz9789,/@GilmarMaldonado-q9m,1
/@eddymunoz9789,/@mariasamo8637,1
/@eddymunoz9789,/@josehidalgo4875,1
/@eddymunoz9789,/@JacintaTzoy,1
/@eddymunoz9789,/@guillermogonzalez5153,1
/@eddymunoz9789,/@MegaKristenstewart,1
/@eddymunoz9789,/@gorrarota,1
/@eddymunoz9789,/@mynorrodas8591,1
/@eddymunoz9789,/@amyherrera7352,1
/@eddymunoz9789,/@edwingeovanymarroquinmarro6684,1
/@HaroldoCastillo-rh9iw,/@Iv%C3%A1nP%C3%A9rez-j4j,1
/@eddymunoz9789,/@belvettzapeta1251,1
/@eddymunoz9789,/@yeniferaguirre4498,1
/@eddymunoz9789,/@moisesvaldez4043,1
/@eddymunoz9789,/@isaiaslopezvelasquez1539,1
/@eddymunoz9789,/@alvaroesquivel563,1
/@eddymunoz9789,/@nestormendez6216,1
/@eddymunoz9789,/@marcomendez7509,1
/@eddymunoz9789,/@elmorodriguez6978,1
/@eddymunoz9789,/@danyraymundo2942,1
/@eddymunoz9789,/@beneficioelcaminovillacana8540,1
/@eddymunoz9789,/@RolandoRaguay,1
/@eddymunoz9789,/@mireyamorales6595,1
/@eddymunoz9789,/@OdilioRodr%C3%ADguez-c5w,1
/@eddymunoz9789,/@carlosmedranovelasquez6380,1
/@eddymunoz9789,/@romeolopezherrarte799,1
/@eddymunoz9789,/@ricardofigueroa5720,1
/@eddymunoz9789,/@FidelZacarias-ph7dy,1
/@eddymunoz9789,/@AndresMedina-v1s,1
/@eddymunoz9789,/@edwinavila4876,1
/@eddymunoz9789,/@davidgaher9550,1
/@eddymunoz9789,/@virgiliogarcia3039,1
/@eddymunoz9789,/@Joseroland21,1
/@eddymunoz9789,/@markoherrera,1
/@eddymunoz9789,/@BenjaminLarios-jd8nk,1
/@eddymunoz9789,/@JuanChang-r6k,1
/@eddymunoz9789,/@LE_A22,1
/@eddymunoz9789,/@SoniaMarroquin-y6e,1
/@eddymunoz9789,/@fredymendez1786,1
/@eddymunoz9789,/@nestorlorenzana1168,1
/@eddymunoz9789,/@carlosaguilar-kz7ml,1
/@eddymunoz9789,/@dantesarti4351,1
/@eddymunoz9789,/@monkchapin,1
/@eddymunoz9789,/@andyB5280,1
/@eddymunoz9789,/@Jel.Awesh.M,1
/@eddymunoz9789,/@byronpontaza,1
/@eddymunoz9789,/@JosueRamirez-ey3ih,1
/@eddymunoz9789,/@jor77cas,1
/@eddymunoz9789,/@welfrealdana5559,1
/@eddymunoz9789,/@MrDuenderojo,1
/@HaroldoCastillo-rh9iw,/@thelmamoran8565,1
/@HaroldoCastillo-rh9iw,/@mariorodas593,1
/@ronaldgarcia8522,/@kevinochoa3695,1
/@HaroldoCastillo-rh9iw,/@raquelprado3643,1
/@HaroldoCastillo-rh9iw,/@anaaguirre8985,1
/@HaroldoCastillo-rh9iw,/@RobertoZelaya-x1v,1
/@HaroldoCastillo-rh9iw,/@hectorcarranza3777,1
/@HaroldoCastillo-rh9iw,/@OscarHernandez-q8y,1
/@HaroldoCastillo-rh9iw,/@eddymunoz9789,1
/@HaroldoCastillo-rh9iw,/@mdelcid01,1
/@HaroldoCastillo-rh9iw,/@eusebiovasquez4385,1
/@HaroldoCastillo-rh9iw,/@FranciscoRivera-sf7ne,1
/@HaroldoCastillo-rh9iw,/@davidisraelesquitsaquil,1
/@HaroldoCastillo-rh9iw,/@fredydomingo7062,1
/@HaroldoCastillo-rh9iw,/@edgarroldan5539,1
/@HaroldoCastillo-rh9iw,/@inge_vergueta,1
/@HaroldoCastillo-rh9iw,/@CARLOSSTREMS51,1
/@HaroldoCastillo-rh9iw,/@SuperVictor2005,1
/@HaroldoCastillo-rh9iw,/@Rogergh-nw4oj,1
/@HaroldoCastillo-rh9iw,/@amyherrera7352,1
/@HaroldoCastillo-rh9iw,/@JuanDavila-qd7qj,1
/@HaroldoCastillo-rh9iw,/@ARGELIATELON,1
/@HaroldoCastillo-rh9iw,/@VidalVillatoro-p4w,1
/@HaroldoCastillo-rh9iw,/@virgiliogarcia3039,1
/@HaroldoCastillo-rh9iw,/@victorarturoruanobautista7588,1
/@diegoalejandrolopezmendez205,/@cesarandreas7824,1
/@diegoalejandrolopezmendez205,/@oscarnavas9996,1
/@HaroldoCastillo-rh9iw,/@MacarioMartinezruiz,1
/@HaroldoCastillo-rh9iw,/@JavierBecerra-h6x,1
/@HaroldoCastillo-rh9iw,/@kanterra4584,1
/@HaroldoCastillo-rh9iw,/@belarminavillatoro6474,1
/@HaroldoCastillo-rh9iw,/@GilmarMaldonado-q9m,1
/@HaroldoCastillo-rh9iw,/@mariasamo8637,1
/@HaroldoCastillo-rh9iw,/@josehidalgo4875,1
/@HaroldoCastillo-rh9iw,/@JacintaTzoy,1
/@HaroldoCastillo-rh9iw,/@guillermogonzalez5153,1
/@HaroldoCastillo-rh9iw,/@MegaKristenstewart,1
/@HaroldoCastillo-rh9iw,/@gorrarota,1
/@HaroldoCastillo-rh9iw,/@mynorrodas8591,1
/@HaroldoCastillo-rh9iw,/@OseasSamayoa-ol5rz,1
/@HaroldoCastillo-rh9iw,/@pablochitay46,1
/@HaroldoCastillo-rh9iw,/@josecarrera9623,1
/@HaroldoCastillo-rh9iw,/@edwingeovanymarroquinmarro6684,1
/@HaroldoCastillo-rh9iw,/@markoherrera,1
/@HaroldoCastillo-rh9iw,/@ronyarana8849,1
/@HaroldoCastillo-rh9iw,/@yeniferaguirre4498,1
/@HaroldoCastillo-rh9iw,/@isaiaslopezvelasquez1539,1
/@HaroldoCastillo-rh9iw,/@alvaroesquivel563,1
/@HaroldoCastillo-rh9iw,/@nestormendez6216,1
/@HaroldoCastillo-rh9iw,/@marcomendez7509,1
/@HaroldoCastillo-rh9iw,/@elmorodriguez6978,1
/@HaroldoCastillo-rh9iw,/@danyraymundo2942,1
/@HaroldoCastillo-rh9iw,/@beneficioelcaminovillacana8540,1
/@HaroldoCastillo-rh9iw,/@RolandoRaguay,1
/@HaroldoCastillo-rh9iw,/@mireyamorales6595,1
/@HaroldoCastillo-rh9iw,/@OdilioRodr%C3%ADguez-c5w,1
/@HaroldoCastillo-rh9iw,/@carlosmedranovelasquez6380,1
/@HaroldoCastillo-rh9iw,/@romeolopezherrarte799,1
/@HaroldoCastillo-rh9iw,/@ricardofigueroa5720,1
/@HaroldoCastillo-rh9iw,/@FidelZacarias-ph7dy,1
/@HaroldoCastillo-rh9iw,/@AndresMedina-v1s,1
/@HaroldoCastillo-rh9iw,/@SergioGarcia-z9c,1
/@HaroldoCastillo-rh9iw,/@domingopeneleu6457,1
/@HaroldoCastillo-rh9iw,/@moisesvaldez4043,1
/@HaroldoCastillo-rh9iw,/@edwinavila4876,1
/@HaroldoCastillo-rh9iw,/@BenjaminLarios-jd8nk,1
/@HaroldoCastillo-rh9iw,/@belvettzapeta1251,1
/@HaroldoCastillo-rh9iw,/@JuanChang-r6k,1
/@HaroldoCastillo-rh9iw,/@LE_A22,1
/@HaroldoCastillo-rh9iw,/@SoniaMarroquin-y6e,1
/@HaroldoCastillo-rh9iw,/@fredymendez1786,1
/@HaroldoCastillo-rh9iw,/@nestorlorenzana1168,1
/@HaroldoCastillo-rh9iw,/@carlosaguilar-kz7ml,1
/@HaroldoCastillo-rh9iw,/@dantesarti4351,1
/@HaroldoCastillo-rh9iw,/@monkchapin,1
/@HaroldoCastillo-rh9iw,/@andyB5280,1
/@HaroldoCastillo-rh9iw,/@Jel.Awesh.M,1
/@HaroldoCastillo-rh9iw,/@byronpontaza,1
/@HaroldoCastillo-rh9iw,/@JosueRamirez-ey3ih,1
/@HaroldoCastillo-rh9iw,/@jor77cas,1
/@HaroldoCastillo-rh9iw,/@welfrealdana5559,1
/@HaroldoCastillo-rh9iw,/@MrDuenderojo,1
/@HaroldoCastillo-rh9iw,/@Joseroland21,1
/@HaroldoCastillo-rh9iw,/@davidgaher9550,1
/@eddymunoz9789,/@SergioGarcia-z9c,1
/@eddymunoz9789,/@domingopeneleu6457,1
/@eddymunoz9789,/@ronyarana8849,1
/@vitalianochavez8382,/@AntonioChiyal-x5s,1
/@vitalianochavez8382,/@elmilenial4064,1
/@vitalianochavez8382,/@maydamorales4395,1
/@vitalianochavez8382,/@rosaoliva9389,1
/@vitalianochavez8382,/@franciscojuarez9223,1
/@vitalianochavez8382,/@carlosgranados9875,1
/@vitalianochavez8382,/@pattyfigueroa5609,1
/@vitalianochavez8382,/@mariogonzalezorellana8956,1
/@vitalianochavez8382,/@vic-bonivideos,1
/@vitalianochavez8382,/@franciscoflores3120,1
/@vitalianochavez8382,/@albertoshernandez5251,1
/@vitalianochavez8382,/@RolandoGonzalez-o7g,1
/@karensussetteleonvargas9794,/@NataliaRodriguez-rx5mr,1
/@karensussetteleonvargas9794,/@Lyrics_GT,1
/@karensussetteleonvargas9794,/@genarodelgado3929,1
/@karensussetteleonvargas9794,/@eustaquiogomez9975,1
/@karensussetteleonvargas9794,/@Jel.Awesh.M,1
/@karensussetteleonvargas9794,/@MarcosCarillo-b1r,1
/@vitalianochavez8382,/@hectormaaz5523,1
/@vitalianochavez8382,/@josegil3813,1
/@karensussetteleonvargas9794,/@hendersonlopez3864,1
/@vitalianochavez8382,/@robertoescobar5507,1
/@JuanDavila-qd7qj,/@ronyarana8849,1
/@JuanDavila-qd7qj,/@mariorodas593,1
/@JuanDavila-qd7qj,/@Iv%C3%A1nP%C3%A9rez-j4j,1
/@JuanDavila-qd7qj,/@thelmamoran8565,1
/@JuanDavila-qd7qj,/@fredygarcia9151,1
/@JuanDavila-qd7qj,/@TeresaLucero-b5o,1
/@JuanDavila-qd7qj,/@vanigomez492,1
/@JuanDavila-qd7qj,/@cesarandreas7824,1
/@JuanDavila-qd7qj,/@oscarnavas9996,1
/@vitalianochavez8382,/@BernerSoza-mg3vx,1
/@vitalianochavez8382,/@AlejandroP%C3%A9rez-b6r,1
/@vitalianochavez8382,/@luisricardo9671,1
/@vitalianochavez8382,/@lara11roberto,1
/@vitalianochavez8382,/@elsasalguero6914,1
/@vitalianochavez8382,/@Israel-u5i7i,1
/@vitalianochavez8382,/@cristianescobedo8296,1
/@vitalianochavez8382,/@Murmullodelbarrio,1
/@karensussetteleonvargas9794,/@dinoraoroxon5771,1
/@karensussetteleonvargas9794,/@iamjimalesssa,1
/@eddymunoz9789,/@mariorodas593,1
/@karensussetteleonvargas9794,/@armindapenados2841,1
/@karensussetteleonvargas9794,/@AnaDiaz-re9sq,1
/@karensussetteleonvargas9794,/@rogeraldana4289,1
/@karensussetteleonvargas9794,/@carloslam5333,1
/@karensussetteleonvargas9794,/@ligiaguerra3057,1
/@ronaldgarcia8522,/@DennisseLopetegi,1
/@ronaldgarcia8522,/@ErmeP%C3%A9rez-q4s,1
/@ronaldgarcia8522,/@Luis-gn3fj,1
/@ronaldgarcia8522,/@virgiliogarcia3039,1
/@ronaldgarcia8522,/@juandeleon9060,1
/@ronaldgarcia8522,/@pablobarrios7931,1
/@ronaldgarcia8522,/@herbertaguilar1387,1
/@ronaldgarcia8522,/@CarlosCortez-v5r,1
/@ronaldgarcia8522,/@aureliomaldonado4793,1
/@ronaldgarcia8522,/@danielantoniogonzalezflore4901,1
/@ronaldgarcia8522,/@ericapaz5406,1
/@ronaldgarcia8522,/@srms70,1
/@ronaldgarcia8522,/@josegil3813,1
/@karensussetteleonvargas9794,/@Silviazea,1
/@karensussetteleonvargas9794,/@estuardoargueta137,1
/@karensussetteleonvargas9794,/@marlenareano-h4t,1
/@karensussetteleonvargas9794,/@javiercifuentesarchila6041,1
/@karensussetteleonvargas9794,/@FernandoGarcia-jg1fj,1
/@karensussetteleonvargas9794,/@AndresLemus-k2d,1
/@karensussetteleonvargas9794,/@inge_vergueta,1
/@karensussetteleonvargas9794,/@jorgeaguilar-bq3uj,1
/@karensussetteleonvargas9794,/@aguilar4254,1
/@karensussetteleonvargas9794,/@pedroros6358,1
/@karensussetteleonvargas9794,/@josecastillo4390,1
/@karensussetteleonvargas9794,/@quijotachapina1,1
/@karensussetteleonvargas9794,/@caminoseternos752,1
/@karensussetteleonvargas9794,/@OmarMartinez-vv8re,1
/@karensussetteleonvargas9794,/@mariocordon8873,1
/@karensussetteleonvargas9794,/@EdgarcalderonCalderong,1
/@karensussetteleonvargas9794,/@HectorElias-u2l,1
/@karensussetteleonvargas9794,/@gonzalo6075,1
/@karensussetteleonvargas9794,/@EcPerez-zz9oh,1
/@karensussetteleonvargas9794,/@sergiohinestroza9709,1
/@karensussetteleonvargas9794,/@RolandoCastroP%C3%A9rez-d7y,1
/@JuanDavila-qd7qj,/@domingopeneleu6457,1
/@JuanDavila-qd7qj,/@SergioGarcia-z9c,1
/@JuanDavila-qd7qj,/@AndresMedina-v1s,1
/@JuanDavila-qd7qj,/@OseasSamayoa-ol5rz,1
/@JuanDavila-qd7qj,/@josecarrera9623,1
/@JuanDavila-qd7qj,/@victorarturoruanobautista7588,1
/@JuanDavila-qd7qj,/@VidalVillatoro-p4w,1
/@JuanDavila-qd7qj,/@raquelprado3643,1
/@JuanDavila-qd7qj,/@ARGELIATELON,1
/@JuanDavila-qd7qj,/@anaaguirre8985,1
/@JuanDavila-qd7qj,/@RobertoZelaya-x1v,1
/@JuanDavila-qd7qj,/@hectorcarranza3777,1
/@JuanDavila-qd7qj,/@OscarHernandez-q8y,1
/@JuanDavila-qd7qj,/@mdelcid01,1
/@JuanDavila-qd7qj,/@eusebiovasquez4385,1
/@JuanDavila-qd7qj,/@FranciscoRivera-sf7ne,1
/@JuanDavila-qd7qj,/@davidisraelesquitsaquil,1
/@JuanDavila-qd7qj,/@fredydomingo7062,1
/@JuanDavila-qd7qj,/@edgarroldan5539,1
/@JuanDavila-qd7qj,/@inge_vergueta,1
/@JuanDavila-qd7qj,/@CARLOSSTREMS51,1
/@JuanDavila-qd7qj,/@pablochitay46,1
/@JuanDavila-qd7qj,/@mynorrodas8591,1
/@JuanDavila-qd7qj,/@FidelZacarias-ph7dy,1
/@JuanDavila-qd7qj,/@gorrarota,1
/@eddymunoz9789,/@Iv%C3%A1nP%C3%A9rez-j4j,1
/@eddymunoz9789,/@thelmamoran8565,1
/@eddymunoz9789,/@fredygarcia9151,1
/@eddymunoz9789,/@TeresaLucero-b5o,1
/@eddymunoz9789,/@vanigomez492,1
/@eddymunoz9789,/@cesarandreas7824,1
/@eddymunoz9789,/@oscarnavas9996,1
/@JuanDavila-qd7qj,/@MacarioMartinezruiz,1
/@JuanDavila-qd7qj,/@JavierBecerra-h6x,1
/@JuanDavila-qd7qj,/@kanterra4584,1
/@JuanDavila-qd7qj,/@belarminavillatoro6474,1
/@JuanDavila-qd7qj,/@GilmarMaldonado-q9m,1
/@JuanDavila-qd7qj,/@mariasamo8637,1
/@JuanDavila-qd7qj,/@josehidalgo4875,1
/@JuanDavila-qd7qj,/@JacintaTzoy,1
/@JuanDavila-qd7qj,/@guillermogonzalez5153,1
/@JuanDavila-qd7qj,/@MegaKristenstewart,1
/@JuanDavila-qd7qj,/@SuperVictor2005,1
/@JuanDavila-qd7qj,/@Rogergh-nw4oj,1
/@JuanDavila-qd7qj,/@amyherrera7352,1
/@JuanDavila-qd7qj,/@edwingeovanymarroquinmarro6684,1
/@JuanDavila-qd7qj,/@belvettzapeta1251,1
/@JuanDavila-qd7qj,/@edwinavila4876,1
/@JuanDavila-qd7qj,/@yeniferaguirre4498,1
/@JuanDavila-qd7qj,/@moisesvaldez4043,1
/@JuanDavila-qd7qj,/@isaiaslopezvelasquez1539,1
/@JuanDavila-qd7qj,/@alvaroesquivel563,1
/@JuanDavila-qd7qj,/@nestormendez6216,1
/@JuanDavila-qd7qj,/@marcomendez7509,1
/@JuanDavila-qd7qj,/@elmorodriguez6978,1
/@JuanDavila-qd7qj,/@danyraymundo2942,1
/@JuanDavila-qd7qj,/@beneficioelcaminovillacana8540,1
/@JuanDavila-qd7qj,/@RolandoRaguay,1
/@JuanDavila-qd7qj,/@mireyamorales6595,1
/@JuanDavila-qd7qj,/@OdilioRodr%C3%ADguez-c5w,1
/@JuanDavila-qd7qj,/@carlosmedranovelasquez6380,1
/@JuanDavila-qd7qj,/@romeolopezherrarte799,1
/@JuanDavila-qd7qj,/@ricardofigueroa5720,1
/@JuanDavila-qd7qj,/@davidgaher9550,1
/@JuanDavila-qd7qj,/@Joseroland21,1
/@JuanDavila-qd7qj,/@MrDuenderojo,1
/@JuanDavila-qd7qj,/@nestorlorenzana1168,1
/@JuanDavila-qd7qj,/@virgiliogarcia3039,1
/@JuanDavila-qd7qj,/@markoherrera,1
/@JuanDavila-qd7qj,/@BenjaminLarios-jd8nk,1
/@JuanDavila-qd7qj,/@JuanChang-r6k,1
/@JuanDavila-qd7qj,/@LE_A22,1
/@JuanDavila-qd7qj,/@SoniaMarroquin-y6e,1
/@JuanDavila-qd7qj,/@fredymendez1786,1
/@JuanDavila-qd7qj,/@carlosaguilar-kz7ml,1
/@JuanDavila-qd7qj,/@welfrealdana5559,1
/@JuanDavila-qd7qj,/@dantesarti4351,1
/@JuanDavila-qd7qj,/@monkchapin,1
/@JuanDavila-qd7qj,/@andyB5280,1
/@JuanDavila-qd7qj,/@Jel.Awesh.M,1
/@JuanDavila-qd7qj,/@byronpontaza,1
/@JuanDavila-qd7qj,/@JosueRamirez-ey3ih,1
/@JuanDavila-qd7qj,/@jor77cas,1
/@fredymendez1786,/@elmorodriguez6978,1
/@fredymendez1786,/@beneficioelcaminovillacana8540,1
/@Santiago.Nolasco,/@sarahernandez3873,1
/@guillermogonzalez5153,/@edgarroldan5539,1
/@guillermogonzalez5153,/@CARLOSSTREMS51,1
/@guillermogonzalez5153,/@SuperVictor2005,1
/@guillermogonzalez5153,/@Rogergh-nw4oj,1
/@guillermogonzalez5153,/@amyherrera7352,1
/@guillermogonzalez5153,/@edwingeovanymarroquinmarro6684,1
/@guillermogonzalez5153,/@markoherrera,1
/@guillermogonzalez5153,/@BenjaminLarios-jd8nk,1
/@guillermogonzalez5153,/@JuanChang-r6k,1
/@guillermogonzalez5153,/@LE_A22,1
/@guillermogonzalez5153,/@SoniaMarroquin-y6e,1
/@guillermogonzalez5153,/@nestorlorenzana1168,1
/@guillermogonzalez5153,/@carlosaguilar-kz7ml,1
/@guillermogonzalez5153,/@dantesarti4351,1
/@guillermogonzalez5153,/@monkchapin,1
/@guillermogonzalez5153,/@andyB5280,1
/@guillermogonzalez5153,/@Jel.Awesh.M,1
/@guillermogonzalez5153,/@byronpontaza,1
/@guillermogonzalez5153,/@inge_vergueta,1
/@guillermogonzalez5153,/@fredydomingo7062,1
/@guillermogonzalez5153,/@jor77cas,1
/@guillermogonzalez5153,/@davidisraelesquitsaquil,1
/@guillermogonzalez5153,/@JacintaTzoy,1
/@guillermogonzalez5153,/@MegaKristenstewart,1
/@guillermogonzalez5153,/@gorrarota,1
/@guillermogonzalez5153,/@mynorrodas8591,1
/@guillermogonzalez5153,/@OseasSamayoa-ol5rz,1
/@guillermogonzalez5153,/@pablochitay46,1
/@guillermogonzalez5153,/@josecarrera9623,1
/@guillermogonzalez5153,/@victorarturoruanobautista7588,1
/@guillermogonzalez5153,/@VidalVillatoro-p4w,1
/@guillermogonzalez5153,/@ARGELIATELON,1
/@guillermogonzalez5153,/@anaaguirre8985,1
/@guillermogonzalez5153,/@RobertoZelaya-x1v,1
/@guillermogonzalez5153,/@hectorcarranza3777,1
/@guillermogonzalez5153,/@OscarHernandez-q8y,1
/@guillermogonzalez5153,/@mdelcid01,1
/@guillermogonzalez5153,/@eusebiovasquez4385,1
/@guillermogonzalez5153,/@FranciscoRivera-sf7ne,1
/@guillermogonzalez5153,/@JosueRamirez-ey3ih,1
/@guillermogonzalez5153,/@welfrealdana5559,1
/@guillermogonzalez5153,/@mariasamo8637,1
/@guillermogonzalez5153,/@domingopeneleu6457,1
/@guillermogonzalez5153,/@mariorodas593,1
/@guillermogonzalez5153,/@Iv%C3%A1nP%C3%A9rez-j4j,1
/@guillermogonzalez5153,/@thelmamoran8565,1
/@guillermogonzalez5153,/@fredygarcia9151,1
/@guillermogonzalez5153,/@TeresaLucero-b5o,1
/@guillermogonzalez5153,/@vanigomez492,1
/@guillermogonzalez5153,/@cesarandreas7824,1
/@guillermogonzalez5153,/@oscarnavas9996,1
/@JoelReynoso-d4r,/@lazarobarillas3575,1
/@JoelReynoso-d4r,/@Williams-Garcia67E,1
/@JoelReynoso-d4r,/@MarcosCarillo-b1r,1
/@danielantoniogonzalezflore4901,/@DennisseLopetegi,1
/@danielantoniogonzalezflore4901,/@ErmeP%C3%A9rez-q4s,1
/@danielantoniogonzalezflore4901,/@Luis-gn3fj,1
/@danielantoniogonzalezflore4901,/@juandeleon9060,1
/@danielantoniogonzalezflore4901,/@pablobarrios7931,1
/@danielantoniogonzalezflore4901,/@herbertaguilar1387,1
/@guillermogonzalez5153,/@ronyarana8849,1
/@guillermogonzalez5153,/@SergioGarcia-z9c,1
/@guillermogonzalez5153,/@MrDuenderojo,1
/@guillermogonzalez5153,/@AndresMedina-v1s,1
/@guillermogonzalez5153,/@Joseroland21,1
/@guillermogonzalez5153,/@davidgaher9550,1
/@guillermogonzalez5153,/@belvettzapeta1251,1
/@guillermogonzalez5153,/@edwinavila4876,1
/@guillermogonzalez5153,/@yeniferaguirre4498,1
/@guillermogonzalez5153,/@moisesvaldez4043,1
/@guillermogonzalez5153,/@isaiaslopezvelasquez1539,1
/@guillermogonzalez5153,/@alvaroesquivel563,1
/@guillermogonzalez5153,/@nestormendez6216,1
/@guillermogonzalez5153,/@marcomendez7509,1
/@guillermogonzalez5153,/@danyraymundo2942,1
/@guillermogonzalez5153,/@beneficioelcaminovillacana8540,1
/@guillermogonzalez5153,/@RolandoRaguay,1
/@guillermogonzalez5153,/@OdilioRodr%C3%ADguez-c5w,1
/@guillermogonzalez5153,/@carlosmedranovelasquez6380,1
/@guillermogonzalez5153,/@romeolopezherrarte799,1
/@guillermogonzalez5153,/@ricardofigueroa5720,1
/@guillermogonzalez5153,/@josehidalgo4875,1
/@guillermogonzalez5153,/@GilmarMaldonado-q9m,1
/@danielantoniogonzalezflore4901,/@aureliomaldonado4793,1
/@kanterra4584,/@CARLOSSTREMS51,1
/@kanterra4584,/@Rogergh-nw4oj,1
/@kanterra4584,/@amyherrera7352,1
/@kanterra4584,/@edwingeovanymarroquinmarro6684,1
/@kanterra4584,/@markoherrera,1
/@kanterra4584,/@BenjaminLarios-jd8nk,1
/@kanterra4584,/@JuanChang-r6k,1
/@kanterra4584,/@LE_A22,1
/@kanterra4584,/@SoniaMarroquin-y6e,1
/@kanterra4584,/@nestorlorenzana1168,1
/@kanterra4584,/@carlosaguilar-kz7ml,1
/@kanterra4584,/@dantesarti4351,1
/@kanterra4584,/@monkchapin,1
/@kanterra4584,/@andyB5280,1
/@kanterra4584,/@Jel.Awesh.M,1
/@kanterra4584,/@byronpontaza,1
/@kanterra4584,/@JosueRamirez-ey3ih,1
/@kanterra4584,/@jor77cas,1
/@kanterra4584,/@SuperVictor2005,1
/@kanterra4584,/@inge_vergueta,1
/@kanterra4584,/@MrDuenderojo,1
/@kanterra4584,/@edgarroldan5539,1
/@kanterra4584,/@gorrarota,1
/@kanterra4584,/@mynorrodas8591,1
/@kanterra4584,/@OseasSamayoa-ol5rz,1
/@kanterra4584,/@pablochitay46,1
/@kanterra4584,/@josecarrera9623,1
/@kanterra4584,/@victorarturoruanobautista7588,1
/@kanterra4584,/@VidalVillatoro-p4w,1
/@kanterra4584,/@ARGELIATELON,1
/@kanterra4584,/@anaaguirre8985,1
/@kanterra4584,/@RobertoZelaya-x1v,1
/@kanterra4584,/@hectorcarranza3777,1
/@kanterra4584,/@OscarHernandez-q8y,1
/@kanterra4584,/@mdelcid01,1
/@kanterra4584,/@eusebiovasquez4385,1
/@kanterra4584,/@FranciscoRivera-sf7ne,1
/@kanterra4584,/@davidisraelesquitsaquil,1
/@kanterra4584,/@fredydomingo7062,1
/@kanterra4584,/@welfrealdana5559,1
/@kanterra4584,/@Joseroland21,1
/@guillermogonzalez5153,/@belarminavillatoro6474,1
/@kanterra4584,/@mariorodas593,1
/@kanterra4584,/@thelmamoran8565,1
/@kanterra4584,/@fredygarcia9151,1
/@kanterra4584,/@TeresaLucero-b5o,1
/@kanterra4584,/@vanigomez492,1
/@kanterra4584,/@cesarandreas7824,1
/@kanterra4584,/@oscarnavas9996,1
/@jorgecifuentes-m5g,/@elsalvador3605,1
/@jorgecifuentes-m5g,/@MacoMorales-i2i2d,1
/@jorgecifuentes-m5g,/@HonwayLee-z5g,1
/@jorgecifuentes-m5g,/@JessicaHuaz-96,1
/@jorgecifuentes-m5g,/@edithsan7688,1
/@jorgecifuentes-m5g,/@MariaSantos-c8y3h,1
/@jorgecifuentes-m5g,/@franciscoflores3120,1
/@jorgecifuentes-m5g,/@Historia-wm4os,1
/@jorgecifuentes-m5g,/@RaulPerez-cw2vi,1
/@guillermogonzalez5153,/@MacarioMartinezruiz,1
/@guillermogonzalez5153,/@JavierBecerra-h6x,1
/@kanterra4584,/@Iv%C3%A1nP%C3%A9rez-j4j,1
/@kanterra4584,/@ronyarana8849,1
/@kanterra4584,/@davidgaher9550,1
/@kanterra4584,/@domingopeneleu6457,1
/@kanterra4584,/@belvettzapeta1251,1
/@kanterra4584,/@edwinavila4876,1
/@kanterra4584,/@yeniferaguirre4498,1
/@kanterra4584,/@moisesvaldez4043,1
/@kanterra4584,/@isaiaslopezvelasquez1539,1
/@kanterra4584,/@alvaroesquivel563,1
/@kanterra4584,/@nestormendez6216,1
/@kanterra4584,/@marcomendez7509,1
/@kanterra4584,/@danyraymundo2942,1
/@kanterra4584,/@beneficioelcaminovillacana8540,1
/@kanterra4584,/@RolandoRaguay,1
/@kanterra4584,/@OdilioRodr%C3%ADguez-c5w,1
/@kanterra4584,/@carlosmedranovelasquez6380,1
/@kanterra4584,/@romeolopezherrarte799,1
/@kanterra4584,/@ricardofigueroa5720,1
/@kanterra4584,/@AndresMedina-v1s,1
/@kanterra4584,/@SergioGarcia-z9c,1
/@danielantoniogonzalezflore4901,/@CarlosCortez-v5r,1
/@danielantoniogonzalezflore4901,/@ericapaz5406,1
/@fredymendez1786,/@RolandoRaguay,1
/@LE_A22,/@edgarroldan5539,1
/@LE_A22,/@CARLOSSTREMS51,1
/@LE_A22,/@SuperVictor2005,1
/@LE_A22,/@Rogergh-nw4oj,1
/@LE_A22,/@amyherrera7352,1
/@LE_A22,/@edwingeovanymarroquinmarro6684,1
/@LE_A22,/@markoherrera,1
/@LE_A22,/@BenjaminLarios-jd8nk,1
/@LE_A22,/@JuanChang-r6k,1
/@LE_A22,/@SoniaMarroquin-y6e,1
/@LE_A22,/@nestorlorenzana1168,1
/@LE_A22,/@carlosaguilar-kz7ml,1
/@LE_A22,/@dantesarti4351,1
/@LE_A22,/@monkchapin,1
/@LE_A22,/@andyB5280,1
/@LE_A22,/@Jel.Awesh.M,1
/@LE_A22,/@byronpontaza,1
/@LE_A22,/@JosueRamirez-ey3ih,1
/@LE_A22,/@inge_vergueta,1
/@LE_A22,/@fredydomingo7062,1
/@LE_A22,/@welfrealdana5559,1
/@LE_A22,/@davidisraelesquitsaquil,1
/@LE_A22,/@JacintaTzoy,1
/@LE_A22,/@MegaKristenstewart,1
/@LE_A22,/@gorrarota,1
/@LE_A22,/@mynorrodas8591,1
/@LE_A22,/@OseasSamayoa-ol5rz,1
/@LE_A22,/@pablochitay46,1
/@LE_A22,/@josecarrera9623,1
/@LE_A22,/@victorarturoruanobautista7588,1
/@LE_A22,/@VidalVillatoro-p4w,1
/@LE_A22,/@ARGELIATELON,1
/@LE_A22,/@anaaguirre8985,1
/@LE_A22,/@RobertoZelaya-x1v,1
/@LE_A22,/@hectorcarranza3777,1
/@LE_A22,/@OscarHernandez-q8y,1
/@LE_A22,/@mdelcid01,1
/@LE_A22,/@eusebiovasquez4385,1
/@LE_A22,/@FranciscoRivera-sf7ne,1
/@LE_A22,/@jor77cas,1
/@LE_A22,/@MrDuenderojo,1
/@LE_A22,/@mariasamo8637,1
/@LE_A22,/@mariorodas593,1
/@LE_A22,/@thelmamoran8565,1
/@LE_A22,/@fredygarcia9151,1
/@LE_A22,/@TeresaLucero-b5o,1
/@LE_A22,/@vanigomez492,1
/@LE_A22,/@cesarandreas7824,1
/@LE_A22,/@oscarnavas9996,1
/@juandeleon9060,/@DennisseLopetegi,1
/@juandeleon9060,/@ErmeP%C3%A9rez-q4s,1
/@juandeleon9060,/@Luis-gn3fj,1
/@juandeleon9060,/@pablobarrios7931,1
/@juandeleon9060,/@herbertaguilar1387,1
/@juandeleon9060,/@CarlosCortez-v5r,1
/@juandeleon9060,/@aureliomaldonado4793,1
/@juandeleon9060,/@ericapaz5406,1
/@juandeleon9060,/@srms70,1
/@juandeleon9060,/@josegil3813,1
/@juandeleon9060,/@kevinochoa3695,1
/@LE_A22,/@Iv%C3%A1nP%C3%A9rez-j4j,1
/@LE_A22,/@ronyarana8849,1
/@LE_A22,/@Joseroland21,1
/@LE_A22,/@domingopeneleu6457,1
/@LE_A22,/@davidgaher9550,1
/@LE_A22,/@belvettzapeta1251,1
/@LE_A22,/@edwinavila4876,1
/@LE_A22,/@yeniferaguirre4498,1
/@LE_A22,/@moisesvaldez4043,1
/@LE_A22,/@isaiaslopezvelasquez1539,1
/@LE_A22,/@alvaroesquivel563,1
/@LE_A22,/@nestormendez6216,1
/@LE_A22,/@marcomendez7509,1
/@LE_A22,/@danyraymundo2942,1
/@LE_A22,/@beneficioelcaminovillacana8540,1
/@LE_A22,/@RolandoRaguay,1
/@LE_A22,/@OdilioRodr%C3%ADguez-c5w,1
/@LE_A22,/@romeolopezherrarte799,1
/@LE_A22,/@ricardofigueroa5720,1
/@LE_A22,/@AndresMedina-v1s,1
/@LE_A22,/@SergioGarcia-z9c,1
/@LE_A22,/@josehidalgo4875,1
/@LE_A22,/@GilmarMaldonado-q9m,1
/@danielantoniogonzalezflore4901,/@srms70,1
/@carlosmedranovelasquez6380,/@RobertoZelaya-x1v,1
/@carlosmedranovelasquez6380,/@OscarHernandez-q8y,1
/@carlosmedranovelasquez6380,/@mdelcid01,1
/@carlosmedranovelasquez6380,/@eusebiovasquez4385,1
/@carlosmedranovelasquez6380,/@FranciscoRivera-sf7ne,1
/@carlosmedranovelasquez6380,/@davidisraelesquitsaquil,1
/@carlosmedranovelasquez6380,/@fredydomingo7062,1
/@carlosmedranovelasquez6380,/@edgarroldan5539,1
/@carlosmedranovelasquez6380,/@inge_vergueta,1
/@carlosmedranovelasquez6380,/@CARLOSSTREMS51,1
/@carlosmedranovelasquez6380,/@SuperVictor2005,1
/@carlosmedranovelasquez6380,/@Rogergh-nw4oj,1
/@carlosmedranovelasquez6380,/@amyherrera7352,1
/@carlosmedranovelasquez6380,/@edwingeovanymarroquinmarro6684,1
/@carlosmedranovelasquez6380,/@markoherrera,1
/@carlosmedranovelasquez6380,/@BenjaminLarios-jd8nk,1
/@carlosmedranovelasquez6380,/@JuanChang-r6k,1
/@carlosmedranovelasquez6380,/@LE_A22,1
/@carlosmedranovelasquez6380,/@hectorcarranza3777,1
/@carlosmedranovelasquez6380,/@anaaguirre8985,1
/@carlosmedranovelasquez6380,/@nestorlorenzana1168,1
/@carlosmedranovelasquez6380,/@ARGELIATELON,1
/@danielantoniogonzalezflore4901,/@josegil3813,1
/@danielantoniogonzalezflore4901,/@kevinochoa3695,1
/@carlosmedranovelasquez6380,/@MacarioMartinezruiz,1
/@carlosmedranovelasquez6380,/@JavierBecerra-h6x,1
/@carlosmedranovelasquez6380,/@belarminavillatoro6474,1
/@carlosmedranovelasquez6380,/@GilmarMaldonado-q9m,1
/@carlosmedranovelasquez6380,/@mariasamo8637,1
/@carlosmedranovelasquez6380,/@josehidalgo4875,1
/@carlosmedranovelasquez6380,/@JacintaTzoy,1
/@carlosmedranovelasquez6380,/@MegaKristenstewart,1
/@carlosmedranovelasquez6380,/@gorrarota,1
/@carlosmedranovelasquez6380,/@mynorrodas8591,1
/@carlosmedranovelasquez6380,/@OseasSamayoa-ol5rz,1
/@carlosmedranovelasquez6380,/@pablochitay46,1
/@carlosmedranovelasquez6380,/@josecarrera9623,1
/@carlosmedranovelasquez6380,/@victorarturoruanobautista7588,1
/@carlosmedranovelasquez6380,/@VidalVillatoro-p4w,1
/@carlosmedranovelasquez6380,/@SoniaMarroquin-y6e,1
/@carlosmedranovelasquez6380,/@carlosaguilar-kz7ml,1
/@LE_A22,/@belarminavillatoro6474,1
/@carlosmedranovelasquez6380,/@beneficioelcaminovillacana8540,1
/@carlosmedranovelasquez6380,/@OdilioRodr%C3%ADguez-c5w,1
/@carlosmedranovelasquez6380,/@romeolopezherrarte799,1
/@carlosmedranovelasquez6380,/@ricardofigueroa5720,1
/@carlosmedranovelasquez6380,/@AndresMedina-v1s,1
/@carlosmedranovelasquez6380,/@SergioGarcia-z9c,1
/@carlosmedranovelasquez6380,/@domingopeneleu6457,1
/@carlosmedranovelasquez6380,/@ronyarana8849,1
/@carlosmedranovelasquez6380,/@mariorodas593,1
/@carlosmedranovelasquez6380,/@Iv%C3%A1nP%C3%A9rez-j4j,1
/@carlosmedranovelasquez6380,/@thelmamoran8565,1
/@carlosmedranovelasquez6380,/@fredygarcia9151,1
/@carlosmedranovelasquez6380,/@TeresaLucero-b5o,1
/@carlosmedranovelasquez6380,/@vanigomez492,1
/@carlosmedranovelasquez6380,/@cesarandreas7824,1
/@carlosmedranovelasquez6380,/@oscarnavas9996,1
/@LE_A22,/@MacarioMartinezruiz,1
/@LE_A22,/@JavierBecerra-h6x,1
/@carlosmedranovelasquez6380,/@RolandoRaguay,1
/@carlosmedranovelasquez6380,/@danyraymundo2942,1
/@carlosmedranovelasquez6380,/@dantesarti4351,1
/@carlosmedranovelasquez6380,/@marcomendez7509,1
/@carlosmedranovelasquez6380,/@monkchapin,1
/@carlosmedranovelasquez6380,/@andyB5280,1
/@carlosmedranovelasquez6380,/@Jel.Awesh.M,1
/@carlosmedranovelasquez6380,/@byronpontaza,1
/@carlosmedranovelasquez6380,/@JosueRamirez-ey3ih,1
/@carlosmedranovelasquez6380,/@jor77cas,1
/@carlosmedranovelasquez6380,/@welfrealdana5559,1
/@carlosmedranovelasquez6380,/@MrDuenderojo,1
/@carlosmedranovelasquez6380,/@Joseroland21,1
/@carlosmedranovelasquez6380,/@davidgaher9550,1
/@carlosmedranovelasquez6380,/@belvettzapeta1251,1
/@carlosmedranovelasquez6380,/@edwinavila4876,1
/@carlosmedranovelasquez6380,/@yeniferaguirre4498,1
/@carlosmedranovelasquez6380,/@moisesvaldez4043,1
/@carlosmedranovelasquez6380,/@isaiaslopezvelasquez1539,1
/@carlosmedranovelasquez6380,/@alvaroesquivel563,1
/@carlosmedranovelasquez6380,/@nestormendez6216,1
/@kanterra4584,/@MegaKristenstewart,1
/@kanterra4584,/@guillermogonzalez5153,1
/@kanterra4584,/@JacintaTzoy,1
/@mireyamorales6595,/@RobertoZelaya-x1v,1
/@mireyamorales6595,/@OscarHernandez-q8y,1
/@mireyamorales6595,/@mdelcid01,1
/@mireyamorales6595,/@eusebiovasquez4385,1
/@mireyamorales6595,/@FranciscoRivera-sf7ne,1
/@mireyamorales6595,/@davidisraelesquitsaquil,1
/@mireyamorales6595,/@fredydomingo7062,1
/@mireyamorales6595,/@edgarroldan5539,1
/@mireyamorales6595,/@inge_vergueta,1
/@mireyamorales6595,/@CARLOSSTREMS51,1
/@mireyamorales6595,/@SuperVictor2005,1
/@mireyamorales6595,/@Rogergh-nw4oj,1
/@mireyamorales6595,/@amyherrera7352,1
/@mireyamorales6595,/@edwingeovanymarroquinmarro6684,1
/@mireyamorales6595,/@markoherrera,1
/@mireyamorales6595,/@BenjaminLarios-jd8nk,1
/@mireyamorales6595,/@JuanChang-r6k,1
/@mireyamorales6595,/@LE_A22,1
/@mireyamorales6595,/@hectorcarranza3777,1
/@mireyamorales6595,/@anaaguirre8985,1
/@mireyamorales6595,/@nestorlorenzana1168,1
/@mireyamorales6595,/@ARGELIATELON,1
/@mireyamorales6595,/@JavierBecerra-h6x,1
/@mireyamorales6595,/@kanterra4584,1
/@mireyamorales6595,/@belarminavillatoro6474,1
/@mireyamorales6595,/@GilmarMaldonado-q9m,1
/@mireyamorales6595,/@mariasamo8637,1
/@mireyamorales6595,/@josehidalgo4875,1
/@mireyamorales6595,/@JacintaTzoy,1
/@mireyamorales6595,/@guillermogonzalez5153,1
/@mireyamorales6595,/@MegaKristenstewart,1
/@mireyamorales6595,/@gorrarota,1
/@mireyamorales6595,/@mynorrodas8591,1
/@mireyamorales6595,/@OseasSamayoa-ol5rz,1
/@mireyamorales6595,/@pablochitay46,1
/@mireyamorales6595,/@josecarrera9623,1
/@mireyamorales6595,/@victorarturoruanobautista7588,1
/@mireyamorales6595,/@VidalVillatoro-p4w,1
/@mireyamorales6595,/@raquelprado3643,1
/@mireyamorales6595,/@SoniaMarroquin-y6e,1
/@mireyamorales6595,/@carlosaguilar-kz7ml,1
/@alfonsowilian9157,/@MiguelJordan-n3g,1
/@mireyamorales6595,/@danyraymundo2942,1
/@mireyamorales6595,/@RolandoRaguay,1
/@mireyamorales6595,/@OdilioRodr%C3%ADguez-c5w,1
/@mireyamorales6595,/@carlosmedranovelasquez6380,1
/@mireyamorales6595,/@romeolopezherrarte799,1
/@mireyamorales6595,/@ricardofigueroa5720,1
/@mireyamorales6595,/@AndresMedina-v1s,1
/@mireyamorales6595,/@SergioGarcia-z9c,1
/@mireyamorales6595,/@domingopeneleu6457,1
/@mireyamorales6595,/@ronyarana8849,1
/@mireyamorales6595,/@mariorodas593,1
/@mireyamorales6595,/@Iv%C3%A1nP%C3%A9rez-j4j,1
/@mireyamorales6595,/@thelmamoran8565,1
/@mireyamorales6595,/@fredygarcia9151,1
/@mireyamorales6595,/@TeresaLucero-b5o,1
/@mireyamorales6595,/@vanigomez492,1
/@mireyamorales6595,/@cesarandreas7824,1
/@mireyamorales6595,/@oscarnavas9996,1
/@mireyamorales6595,/@beneficioelcaminovillacana8540,1
/@mireyamorales6595,/@elmorodriguez6978,1
/@mireyamorales6595,/@dantesarti4351,1
/@mireyamorales6595,/@marcomendez7509,1
/@mireyamorales6595,/@monkchapin,1
/@mireyamorales6595,/@andyB5280,1
/@mireyamorales6595,/@Jel.Awesh.M,1
/@mireyamorales6595,/@byronpontaza,1
/@mireyamorales6595,/@JosueRamirez-ey3ih,1
/@mireyamorales6595,/@jor77cas,1
/@mireyamorales6595,/@welfrealdana5559,1
/@mireyamorales6595,/@MrDuenderojo,1
/@mireyamorales6595,/@Joseroland21,1
/@mireyamorales6595,/@davidgaher9550,1
/@mireyamorales6595,/@belvettzapeta1251,1
/@mireyamorales6595,/@edwinavila4876,1
/@mireyamorales6595,/@yeniferaguirre4498,1
/@mireyamorales6595,/@moisesvaldez4043,1
/@mireyamorales6595,/@isaiaslopezvelasquez1539,1
/@mireyamorales6595,/@alvaroesquivel563,1
/@mireyamorales6595,/@nestormendez6216,1
/@mireyamorales6595,/@MacarioMartinezruiz,1
/@ULJoshmg2011,/@2jose82,1
/@kanterra4584,/@josehidalgo4875,1
/@jeanmorales1677,/@carlosoliva9249,1
/@jeanmorales1677,/@ChRiStOpHeR7969,1
/@jeanmorales1677,/@melvinperez6710,1
/@jeanmorales1677,/@rolandojuchuna484,1
/@jeanmorales1677,/@perritojuega1,1
/@jeanmorales1677,/@mynorgudiel8646,1
/@jeanmorales1677,/@jimmygomez724,1
/@jeanmorales1677,/@alexarcos8349,1
/@jeanmorales1677,/@WalksandSuch,1
/@jeanmorales1677,/@zetag,1
/@jeanmorales1677,/@kingr4706,1
/@jeanmorales1677,/@elenaluarca9377,1
/@jeanmorales1677,/@maynorcalel1442,1
/@jeanmorales1677,/@JoseReyes-rn6sh,1
/@jeanmorales1677,/@bryansicasales4280,1
/@carlitosramirez4739,/@jorgecifuentes-m5g,1
/@carlitosramirez4739,/@elsalvador3605,1
/@carlitosramirez4739,/@MacoMorales-i2i2d,1
/@jeanmorales1677,/@TheAlexX_C,1
/@jeanmorales1677,/@alexandrevasquez4135,1
/@carlitosramirez4739,/@JessicaHuaz-96,1
/@Hernandez-i1o,/@moisesvaldez4043,1
/@fredymendez1786,/@mireyamorales6595,1
/@fredymendez1786,/@OdilioRodr%C3%ADguez-c5w,1
/@fredymendez1786,/@carlosmedranovelasquez6380,1
/@fredymendez1786,/@romeolopezherrarte799,1
/@fredymendez1786,/@ricardofigueroa5720,1
/@fredymendez1786,/@AndresMedina-v1s,1
/@fredymendez1786,/@SergioGarcia-z9c,1
/@fredymendez1786,/@domingopeneleu6457,1
/@fredymendez1786,/@ronyarana8849,1
/@fredymendez1786,/@mariorodas593,1
/@fredymendez1786,/@Iv%C3%A1nP%C3%A9rez-j4j,1
/@fredymendez1786,/@thelmamoran8565,1
/@fredymendez1786,/@fredygarcia9151,1
/@fredymendez1786,/@TeresaLucero-b5o,1
/@fredymendez1786,/@vanigomez492,1
/@fredymendez1786,/@cesarandreas7824,1
/@fredymendez1786,/@oscarnavas9996,1
/@carlitosramirez4739,/@HonwayLee-z5g,1
/@carlitosramirez4739,/@edithsan7688,1
/@ULJoshmg2011,/@hashojea7348,1
/@JoseReyes-rn6sh,/@ChRiStOpHeR7969,1
/@JoseReyes-rn6sh,/@rolandojuchuna484,1
/@JoseReyes-rn6sh,/@perritojuega1,1
/@JoseReyes-rn6sh,/@mynorgudiel8646,1
/@JoseReyes-rn6sh,/@jimmygomez724,1
/@JoseReyes-rn6sh,/@alexarcos8349,1
/@JoseReyes-rn6sh,/@WalksandSuch,1
/@JoseReyes-rn6sh,/@zetag,1
/@JoseReyes-rn6sh,/@kingr4706,1
/@JoseReyes-rn6sh,/@elenaluarca9377,1
/@JoseReyes-rn6sh,/@maynorcalel1442,1
/@JoseReyes-rn6sh,/@bryansicasales4280,1
/@ULJoshmg2011,/@rwdm76,1
/@ULJoshmg2011,/@inge_vergueta,1
/@ULJoshmg2011,/@imrcp5694,1
/@ULJoshmg2011,/@daniloarevalo3170,1
/@ULJoshmg2011,/@Alejandro00710,1
/@ULJoshmg2011,/@cmorera21,1
/@JoseReyes-rn6sh,/@melvinperez6710,1
/@JoseReyes-rn6sh,/@TheAlexX_C,1
/@carlitosramirez4739,/@MariaSantos-c8y3h,1
/@JoseReyes-rn6sh,/@carlosoliva9249,1
/@carlitosramirez4739,/@franciscoflores3120,1
/@carlitosramirez4739,/@Historia-wm4os,1
/@carlitosramirez4739,/@RaulPerez-cw2vi,1
/@susievidal4134,/@DoraSalas-j5o,1
/@susievidal4134,/@MariaNavarroYT,1
/@susievidal4134,/@flornolberto2425,1
/@susievidal4134,/@MarioCortez-o6v,1
/@susievidal4134,/@aurahernandez5646,1
/@susievidal4134,/@jesusguzman2321,1
/@susievidal4134,/@eugeneramirez4405,1
/@susievidal4134,/@BelkisRodriguezRamirez,1
/@susievidal4134,/@RosaMontesdeOca777,1
/@susievidal4134,/@luisroldan7374,1
/@susievidal4134,/@WilR-s8r,1
/@susievidal4134,/@Ripped-Yoda,1
/@susievidal4134,/@Paul-gf7ec,1
/@JoseReyes-rn6sh,/@alexandrevasquez4135,1
/@rotorairgroup8409,/@sarahernandez3873,1
/@rotorairgroup8409,/@Santiago.Nolasco,1
/@rotorairgroup8409,/@taniagabrielacelis8434,1
/@elmorodriguez6978,/@eusebiovasquez4385,1
/@elmorodriguez6978,/@davidisraelesquitsaquil,1
/@elmorodriguez6978,/@fredydomingo7062,1
/@elmorodriguez6978,/@edgarroldan5539,1
/@elmorodriguez6978,/@inge_vergueta,1
/@elmorodriguez6978,/@CARLOSSTREMS51,1
/@elmorodriguez6978,/@SuperVictor2005,1
/@elmorodriguez6978,/@Rogergh-nw4oj,1
/@elmorodriguez6978,/@amyherrera7352,1
/@elmorodriguez6978,/@edwingeovanymarroquinmarro6684,1
/@elmorodriguez6978,/@markoherrera,1
/@elmorodriguez6978,/@BenjaminLarios-jd8nk,1
/@elmorodriguez6978,/@JuanChang-r6k,1
/@elmorodriguez6978,/@LE_A22,1
/@elmorodriguez6978,/@SoniaMarroquin-y6e,1
/@elmorodriguez6978,/@nestorlorenzana1168,1
/@elmorodriguez6978,/@carlosaguilar-kz7ml,1
/@elmorodriguez6978,/@dantesarti4351,1
/@elmorodriguez6978,/@FranciscoRivera-sf7ne,1
/@elmorodriguez6978,/@mdelcid01,1
/@elmorodriguez6978,/@andyB5280,1
/@elmorodriguez6978,/@OscarHernandez-q8y,1
/@elmorodriguez6978,/@GilmarMaldonado-q9m,1
/@elmorodriguez6978,/@mariasamo8637,1
/@elmorodriguez6978,/@josehidalgo4875,1
/@elmorodriguez6978,/@JacintaTzoy,1
/@elmorodriguez6978,/@guillermogonzalez5153,1
/@elmorodriguez6978,/@MegaKristenstewart,1
/@elmorodriguez6978,/@gorrarota,1
/@elmorodriguez6978,/@mynorrodas8591,1
/@elmorodriguez6978,/@OseasSamayoa-ol5rz,1
/@elmorodriguez6978,/@pablochitay46,1
/@elmorodriguez6978,/@josecarrera9623,1
/@elmorodriguez6978,/@victorarturoruanobautista7588,1
/@elmorodriguez6978,/@VidalVillatoro-p4w,1
/@elmorodriguez6978,/@ARGELIATELON,1
/@elmorodriguez6978,/@anaaguirre8985,1
/@elmorodriguez6978,/@RobertoZelaya-x1v,1
/@elmorodriguez6978,/@hectorcarranza3777,1
/@elmorodriguez6978,/@monkchapin,1
/@elmorodriguez6978,/@Jel.Awesh.M,1
/@raquelprado3643,/@MacarioMartinezruiz,1
/@elmorodriguez6978,/@romeolopezherrarte799,1
/@elmorodriguez6978,/@AndresMedina-v1s,1
/@elmorodriguez6978,/@SergioGarcia-z9c,1
/@elmorodriguez6978,/@domingopeneleu6457,1
/@elmorodriguez6978,/@ronyarana8849,1
/@elmorodriguez6978,/@mariorodas593,1
/@elmorodriguez6978,/@Iv%C3%A1nP%C3%A9rez-j4j,1
/@elmorodriguez6978,/@thelmamoran8565,1
/@elmorodriguez6978,/@fredygarcia9151,1
/@elmorodriguez6978,/@TeresaLucero-b5o,1
/@elmorodriguez6978,/@vanigomez492,1
/@elmorodriguez6978,/@cesarandreas7824,1
/@elmorodriguez6978,/@oscarnavas9996,1
/@kanterra4584,/@MacarioMartinezruiz,1
/@kanterra4584,/@JavierBecerra-h6x,1
/@kanterra4584,/@belarminavillatoro6474,1
/@kanterra4584,/@GilmarMaldonado-q9m,1
/@kanterra4584,/@mariasamo8637,1
/@elmorodriguez6978,/@ricardofigueroa5720,1
/@elmorodriguez6978,/@carlosmedranovelasquez6380,1
/@elmorodriguez6978,/@byronpontaza,1
/@elmorodriguez6978,/@OdilioRodr%C3%ADguez-c5w,1
/@elmorodriguez6978,/@JosueRamirez-ey3ih,1
/@elmorodriguez6978,/@jor77cas,1
/@elmorodriguez6978,/@welfrealdana5559,1
/@elmorodriguez6978,/@MrDuenderojo,1
/@elmorodriguez6978,/@Joseroland21,1
/@elmorodriguez6978,/@davidgaher9550,1
/@elmorodriguez6978,/@belvettzapeta1251,1
/@elmorodriguez6978,/@edwinavila4876,1
/@elmorodriguez6978,/@yeniferaguirre4498,1
/@elmorodriguez6978,/@moisesvaldez4043,1
/@elmorodriguez6978,/@isaiaslopezvelasquez1539,1
/@elmorodriguez6978,/@alvaroesquivel563,1
/@elmorodriguez6978,/@nestormendez6216,1
/@elmorodriguez6978,/@marcomendez7509,1
/@elmorodriguez6978,/@danyraymundo2942,1
/@elmorodriguez6978,/@beneficioelcaminovillacana8540,1
/@elmorodriguez6978,/@RolandoRaguay,1
/@elmorodriguez6978,/@belarminavillatoro6474,1
/@elmorodriguez6978,/@kanterra4584,1
/@elmorodriguez6978,/@JavierBecerra-h6x,1
/@raquelprado3643,/@hectorcarranza3777,1
/@raquelprado3643,/@mdelcid01,1
/@raquelprado3643,/@eusebiovasquez4385,1
/@raquelprado3643,/@FranciscoRivera-sf7ne,1
/@raquelprado3643,/@davidisraelesquitsaquil,1
/@raquelprado3643,/@fredydomingo7062,1
/@raquelprado3643,/@edgarroldan5539,1
/@raquelprado3643,/@inge_vergueta,1
/@raquelprado3643,/@CARLOSSTREMS51,1
/@raquelprado3643,/@SuperVictor2005,1
/@raquelprado3643,/@Rogergh-nw4oj,1
/@raquelprado3643,/@amyherrera7352,1
/@raquelprado3643,/@edwingeovanymarroquinmarro6684,1
/@raquelprado3643,/@markoherrera,1
/@raquelprado3643,/@BenjaminLarios-jd8nk,1
/@raquelprado3643,/@JuanChang-r6k,1
/@raquelprado3643,/@LE_A22,1
/@raquelprado3643,/@SoniaMarroquin-y6e,1
/@raquelprado3643,/@OscarHernandez-q8y,1
/@raquelprado3643,/@RobertoZelaya-x1v,1
/@elmorodriguez6978,/@MacarioMartinezruiz,1
/@raquelprado3643,/@anaaguirre8985,1
/@raquelprado3643,/@JavierBecerra-h6x,1
/@raquelprado3643,/@kanterra4584,1
/@raquelprado3643,/@belarminavillatoro6474,1
/@raquelprado3643,/@GilmarMaldonado-q9m,1
/@raquelprado3643,/@mariasamo8637,1
/@raquelprado3643,/@josehidalgo4875,1
/@raquelprado3643,/@JacintaTzoy,1
/@raquelprado3643,/@guillermogonzalez5153,1
/@raquelprado3643,/@MegaKristenstewart,1
/@raquelprado3643,/@gorrarota,1
/@raquelprado3643,/@mynorrodas8591,1
/@raquelprado3643,/@OseasSamayoa-ol5rz,1
/@raquelprado3643,/@pablochitay46,1
/@raquelprado3643,/@josecarrera9623,1
/@raquelprado3643,/@victorarturoruanobautista7588,1
/@raquelprado3643,/@VidalVillatoro-p4w,1
/@raquelprado3643,/@ARGELIATELON,1
/@raquelprado3643,/@nestorlorenzana1168,1
/@raquelprado3643,/@carlosaguilar-kz7ml,1
/@raquelprado3643,/@dantesarti4351,1
/@raquelprado3643,/@monkchapin,1
/@raquelprado3643,/@RolandoRaguay,1
/@raquelprado3643,/@OdilioRodr%C3%ADguez-c5w,1
/@raquelprado3643,/@carlosmedranovelasquez6380,1
/@raquelprado3643,/@romeolopezherrarte799,1
/@raquelprado3643,/@ricardofigueroa5720,1
/@raquelprado3643,/@AndresMedina-v1s,1
/@raquelprado3643,/@SergioGarcia-z9c,1
/@raquelprado3643,/@domingopeneleu6457,1
/@raquelprado3643,/@ronyarana8849,1
/@raquelprado3643,/@mariorodas593,1
/@raquelprado3643,/@Iv%C3%A1nP%C3%A9rez-j4j,1
/@raquelprado3643,/@thelmamoran8565,1
/@raquelprado3643,/@fredygarcia9151,1
/@raquelprado3643,/@TeresaLucero-b5o,1
/@raquelprado3643,/@vanigomez492,1
/@raquelprado3643,/@cesarandreas7824,1
/@raquelprado3643,/@oscarnavas9996,1
/@raquelprado3643,/@beneficioelcaminovillacana8540,1
/@raquelprado3643,/@danyraymundo2942,1
/@raquelprado3643,/@elmorodriguez6978,1
/@raquelprado3643,/@Joseroland21,1
/@raquelprado3643,/@andyB5280,1
/@raquelprado3643,/@Jel.Awesh.M,1
/@raquelprado3643,/@byronpontaza,1
/@raquelprado3643,/@JosueRamirez-ey3ih,1
/@raquelprado3643,/@jor77cas,1
/@raquelprado3643,/@welfrealdana5559,1
/@raquelprado3643,/@MrDuenderojo,1
/@raquelprado3643,/@davidgaher9550,1
/@raquelprado3643,/@marcomendez7509,1
/@raquelprado3643,/@belvettzapeta1251,1
/@raquelprado3643,/@edwinavila4876,1
/@raquelprado3643,/@yeniferaguirre4498,1
/@raquelprado3643,/@moisesvaldez4043,1
/@raquelprado3643,/@isaiaslopezvelasquez1539,1
/@raquelprado3643,/@alvaroesquivel563,1
/@raquelprado3643,/@nestormendez6216,1
/@thelmamoran8565,/@josehidalgo4875,1
/@thelmamoran8565,/@gorrarota,1
/@JorgeMunoz-gd9et,/@BernerSoza-mg3vx,1
/@davidisraelesquitsaquil,/@Jel.Awesh.M,1
/@davidisraelesquitsaquil,/@jor77cas,1
/@davidisraelesquitsaquil,/@davidgaher9550,1
/@davidisraelesquitsaquil,/@edwinavila4876,1
/@davidisraelesquitsaquil,/@yeniferaguirre4498,1
/@davidisraelesquitsaquil,/@moisesvaldez4043,1
/@davidisraelesquitsaquil,/@alvaroesquivel563,1
/@davidisraelesquitsaquil,/@marcomendez7509,1
/@davidisraelesquitsaquil,/@romeolopezherrarte799,1
/@davidisraelesquitsaquil,/@ricardofigueroa5720,1
/@davidisraelesquitsaquil,/@SergioGarcia-z9c,1
/@davidisraelesquitsaquil,/@domingopeneleu6457,1
/@davidisraelesquitsaquil,/@mariorodas593,1
/@davidisraelesquitsaquil,/@Iv%C3%A1nP%C3%A9rez-j4j,1
/@davidisraelesquitsaquil,/@TeresaLucero-b5o,1
/@eugeneramirez4405,/@flornolberto2425,1
/@eugeneramirez4405,/@MarioCortez-o6v,1
/@eugeneramirez4405,/@jesusguzman2321,1
/@davidisraelesquitsaquil,/@JosueRamirez-ey3ih,1
/@davidisraelesquitsaquil,/@monkchapin,1
/@eugeneramirez4405,/@Paul-gf7ec,1
/@davidisraelesquitsaquil,/@dantesarti4351,1
/@davidisraelesquitsaquil,/@mariasamo8637,1
/@davidisraelesquitsaquil,/@josehidalgo4875,1
/@davidisraelesquitsaquil,/@mynorrodas8591,1
/@davidisraelesquitsaquil,/@OseasSamayoa-ol5rz,1
/@davidisraelesquitsaquil,/@josecarrera9623,1
/@davidisraelesquitsaquil,/@victorarturoruanobautista7588,1
/@davidisraelesquitsaquil,/@VidalVillatoro-p4w,1
/@davidisraelesquitsaquil,/@ARGELIATELON,1
/@davidisraelesquitsaquil,/@anaaguirre8985,1
/@davidisraelesquitsaquil,/@hectorcarranza3777,1
/@davidisraelesquitsaquil,/@mdelcid01,1
/@davidisraelesquitsaquil,/@eusebiovasquez4385,1
/@davidisraelesquitsaquil,/@fredydomingo7062,1
/@davidisraelesquitsaquil,/@inge_vergueta,1
/@davidisraelesquitsaquil,/@CARLOSSTREMS51,1
/@davidisraelesquitsaquil,/@markoherrera,1
/@davidisraelesquitsaquil,/@nestorlorenzana1168,1
/@eugeneramirez4405,/@WilR-s8r,1
/@pedroros6358,/@Lyrics_GT,1
/@davidisraelesquitsaquil,/@JavierBecerra-h6x,1
/@edwinavila4876,/@victorarturoruanobautista7588,1
/@edwinavila4876,/@ARGELIATELON,1
/@edwinavila4876,/@anaaguirre8985,1
/@edwinavila4876,/@hectorcarranza3777,1
/@edwinavila4876,/@mdelcid01,1
/@edwinavila4876,/@eusebiovasquez4385,1
/@edwinavila4876,/@fredydomingo7062,1
/@edwinavila4876,/@inge_vergueta,1
/@edwinavila4876,/@CARLOSSTREMS51,1
/@edwinavila4876,/@markoherrera,1
/@edwinavila4876,/@nestorlorenzana1168,1
/@edwinavila4876,/@dantesarti4351,1
/@edwinavila4876,/@monkchapin,1
/@edwinavila4876,/@Jel.Awesh.M,1
/@edwinavila4876,/@JosueRamirez-ey3ih,1
/@edwinavila4876,/@jor77cas,1
/@edwinavila4876,/@davidgaher9550,1
/@edwinavila4876,/@yeniferaguirre4498,1
/@edwinavila4876,/@VidalVillatoro-p4w,1
/@edwinavila4876,/@josecarrera9623,1
/@pedroros6358,/@Jel.Awesh.M,1
/@edwinavila4876,/@OseasSamayoa-ol5rz,1
/@pedroros6358,/@AndresLemus-k2d,1
/@pedroros6358,/@inge_vergueta,1
/@pedroros6358,/@jorgeaguilar-bq3uj,1
/@pedroros6358,/@quijotachapina1,1
/@pedroros6358,/@HectorElias-u2l,1
/@pedroros6358,/@gonzalo6075,1
/@pedroros6358,/@EcPerez-zz9oh,1
/@pedroros6358,/@sergiohinestroza9709,1
/@pedroros6358,/@RolandoCastroP%C3%A9rez-d7y,1
/@pedroros6358,/@armindapenados2841,1
/@pedroros6358,/@Silviazea,1
/@pedroros6358,/@carloslam5333,1
/@edwinavila4876,/@JavierBecerra-h6x,1
/@edwinavila4876,/@GilmarMaldonado-q9m,1
/@edwinavila4876,/@mariasamo8637,1
/@edwinavila4876,/@josehidalgo4875,1
/@edwinavila4876,/@mynorrodas8591,1
/@davidisraelesquitsaquil,/@GilmarMaldonado-q9m,1
/@bryansicasales4280,/@elenaluarca9377,1
/@edwinavila4876,/@alvaroesquivel563,1
/@pablochitay46,/@marcomendez7509,1
/@pablochitay46,/@ricardofigueroa5720,1
/@pablochitay46,/@SergioGarcia-z9c,1
/@pablochitay46,/@domingopeneleu6457,1
/@pablochitay46,/@mariorodas593,1
/@pablochitay46,/@Iv%C3%A1nP%C3%A9rez-j4j,1
/@pablochitay46,/@TeresaLucero-b5o,1
/@byronpontaza,/@JavierBecerra-h6x,1
/@byronpontaza,/@GilmarMaldonado-q9m,1
/@byronpontaza,/@mariasamo8637,1
/@byronpontaza,/@josehidalgo4875,1
/@byronpontaza,/@mynorrodas8591,1
/@byronpontaza,/@OseasSamayoa-ol5rz,1
/@byronpontaza,/@josecarrera9623,1
/@byronpontaza,/@victorarturoruanobautista7588,1
/@byronpontaza,/@VidalVillatoro-p4w,1
/@byronpontaza,/@ARGELIATELON,1
/@byronpontaza,/@anaaguirre8985,1
/@pablochitay46,/@romeolopezherrarte799,1
/@pablochitay46,/@alvaroesquivel563,1
/@byronpontaza,/@mdelcid01,1
/@pablochitay46,/@moisesvaldez4043,1
/@pablochitay46,/@mdelcid01,1
/@pablochitay46,/@eusebiovasquez4385,1
/@pablochitay46,/@davidisraelesquitsaquil,1
/@pablochitay46,/@fredydomingo7062,1
/@pablochitay46,/@inge_vergueta,1
/@pablochitay46,/@CARLOSSTREMS51,1
/@pablochitay46,/@markoherrera,1
/@pablochitay46,/@nestorlorenzana1168,1
/@pablochitay46,/@dantesarti4351,1
/@pablochitay46,/@monkchapin,1
/@pablochitay46,/@Jel.Awesh.M,1
/@pablochitay46,/@byronpontaza,1
/@pablochitay46,/@JosueRamirez-ey3ih,1
/@pablochitay46,/@jor77cas,1
/@pablochitay46,/@davidgaher9550,1
/@pablochitay46,/@edwinavila4876,1
/@pablochitay46,/@yeniferaguirre4498,1
/@byronpontaza,/@hectorcarranza3777,1
/@byronpontaza,/@eusebiovasquez4385,1
/@bryansicasales4280,/@kingr4706,1
/@byronpontaza,/@domingopeneleu6457,1
/@byronpontaza,/@Iv%C3%A1nP%C3%A9rez-j4j,1
/@byronpontaza,/@TeresaLucero-b5o,1
/@maydamorales4395,/@AlejandroP%C3%A9rez-b6r,1
/@maydamorales4395,/@Israel-u5i7i,1
/@maydamorales4395,/@cristianescobedo8296,1
/@maydamorales4395,/@Murmullodelbarrio,1
/@maydamorales4395,/@robertoescobar5507,1
/@maydamorales4395,/@josegil3813,1
/@maydamorales4395,/@carlosgranados9875,1
/@maydamorales4395,/@mariogonzalezorellana8956,1
/@maydamorales4395,/@vic-bonivideos,1
/@maydamorales4395,/@franciscoflores3120,1
/@maydamorales4395,/@RolandoGonzalez-o7g,1
/@bryansicasales4280,/@alexandrevasquez4135,1
/@bryansicasales4280,/@carlosoliva9249,1
/@bryansicasales4280,/@rolandojuchuna484,1
/@bryansicasales4280,/@mynorgudiel8646,1
/@byronpontaza,/@mariorodas593,1
/@byronpontaza,/@SergioGarcia-z9c,1
/@byronpontaza,/@davidisraelesquitsaquil,1
/@byronpontaza,/@ricardofigueroa5720,1
/@byronpontaza,/@fredydomingo7062,1
/@byronpontaza,/@inge_vergueta,1
/@byronpontaza,/@CARLOSSTREMS51,1
/@byronpontaza,/@markoherrera,1
/@byronpontaza,/@nestorlorenzana1168,1
/@byronpontaza,/@dantesarti4351,1
/@byronpontaza,/@monkchapin,1
/@byronpontaza,/@Jel.Awesh.M,1
/@byronpontaza,/@JosueRamirez-ey3ih,1
/@byronpontaza,/@jor77cas,1
/@byronpontaza,/@davidgaher9550,1
/@byronpontaza,/@edwinavila4876,1
/@byronpontaza,/@yeniferaguirre4498,1
/@byronpontaza,/@moisesvaldez4043,1
/@byronpontaza,/@alvaroesquivel563,1
/@byronpontaza,/@marcomendez7509,1
/@byronpontaza,/@romeolopezherrarte799,1
/@edwinavila4876,/@moisesvaldez4043,1
/@edwinavila4876,/@marcomendez7509,1
/@CarlosCortez-v5r,/@herbertaguilar1387,1
/@anaaguirre8985,/@Jel.Awesh.M,1
/@anaaguirre8985,/@jor77cas,1
/@anaaguirre8985,/@davidgaher9550,1
/@anaaguirre8985,/@yeniferaguirre4498,1
/@anaaguirre8985,/@moisesvaldez4043,1
/@anaaguirre8985,/@alvaroesquivel563,1
/@anaaguirre8985,/@marcomendez7509,1
/@anaaguirre8985,/@romeolopezherrarte799,1
/@anaaguirre8985,/@ricardofigueroa5720,1
/@anaaguirre8985,/@SergioGarcia-z9c,1
/@anaaguirre8985,/@domingopeneleu6457,1
/@anaaguirre8985,/@mariorodas593,1
/@anaaguirre8985,/@Iv%C3%A1nP%C3%A9rez-j4j,1
/@anaaguirre8985,/@TeresaLucero-b5o,1
/@2jose82,/@inge_vergueta,1
/@2jose82,/@cmorera21,1
/@2jose82,/@hashojea7348,1
/@josehidalgo4875,/@GilmarMaldonado-q9m,1
/@anaaguirre8985,/@JosueRamirez-ey3ih,1
/@anaaguirre8985,/@monkchapin,1
/@josehidalgo4875,/@mynorrodas8591,1
/@anaaguirre8985,/@dantesarti4351,1
/@OseasSamayoa-ol5rz,/@TeresaLucero-b5o,1
/@anaaguirre8985,/@GilmarMaldonado-q9m,1
/@anaaguirre8985,/@mariasamo8637,1
/@anaaguirre8985,/@josehidalgo4875,1
/@anaaguirre8985,/@mynorrodas8591,1
/@anaaguirre8985,/@josecarrera9623,1
/@anaaguirre8985,/@victorarturoruanobautista7588,1
/@anaaguirre8985,/@VidalVillatoro-p4w,1
/@anaaguirre8985,/@ARGELIATELON,1
/@anaaguirre8985,/@hectorcarranza3777,1
/@anaaguirre8985,/@mdelcid01,1
/@anaaguirre8985,/@eusebiovasquez4385,1
/@anaaguirre8985,/@fredydomingo7062,1
/@anaaguirre8985,/@inge_vergueta,1
/@anaaguirre8985,/@CARLOSSTREMS51,1
/@anaaguirre8985,/@markoherrera,1
/@anaaguirre8985,/@nestorlorenzana1168,1
/@josehidalgo4875,/@mariasamo8637,1
/@josehidalgo4875,/@josecarrera9623,1
/@OseasSamayoa-ol5rz,/@mariorodas593,1
/@josehidalgo4875,/@marcomendez7509,1
/@josehidalgo4875,/@ricardofigueroa5720,1
/@josehidalgo4875,/@SergioGarcia-z9c,1
/@josehidalgo4875,/@domingopeneleu6457,1
/@josehidalgo4875,/@mariorodas593,1
/@josehidalgo4875,/@Iv%C3%A1nP%C3%A9rez-j4j,1
/@josehidalgo4875,/@TeresaLucero-b5o,1
/@franciscoflores3120,/@MacoMorales-i2i2d,1
/@franciscoflores3120,/@AlejandroP%C3%A9rez-b6r,1
/@franciscoflores3120,/@Israel-u5i7i,1
/@franciscoflores3120,/@cristianescobedo8296,1
/@franciscoflores3120,/@Murmullodelbarrio,1
/@franciscoflores3120,/@robertoescobar5507,1
/@franciscoflores3120,/@josegil3813,1
/@franciscoflores3120,/@JessicaHuaz-96,1
/@franciscoflores3120,/@carlosgranados9875,1
/@franciscoflores3120,/@vic-bonivideos,1
/@franciscoflores3120,/@RolandoGonzalez-o7g,1
/@josehidalgo4875,/@romeolopezherrarte799,1
/@josehidalgo4875,/@alvaroesquivel563,1
/@josehidalgo4875,/@victorarturoruanobautista7588,1
/@josehidalgo4875,/@moisesvaldez4043,1
/@josehidalgo4875,/@VidalVillatoro-p4w,1
/@josehidalgo4875,/@ARGELIATELON,1
/@josehidalgo4875,/@hectorcarranza3777,1
/@josehidalgo4875,/@mdelcid01,1
/@josehidalgo4875,/@eusebiovasquez4385,1
/@josehidalgo4875,/@fredydomingo7062,1
/@josehidalgo4875,/@inge_vergueta,1
/@josehidalgo4875,/@CARLOSSTREMS51,1
/@josehidalgo4875,/@markoherrera,1
/@josehidalgo4875,/@nestorlorenzana1168,1
/@josehidalgo4875,/@dantesarti4351,1
/@josehidalgo4875,/@monkchapin,1
/@josehidalgo4875,/@Jel.Awesh.M,1
/@josehidalgo4875,/@JosueRamirez-ey3ih,1
/@josehidalgo4875,/@jor77cas,1
/@josehidalgo4875,/@davidgaher9550,1
/@josehidalgo4875,/@yeniferaguirre4498,1
/@OseasSamayoa-ol5rz,/@Iv%C3%A1nP%C3%A9rez-j4j,1
/@OseasSamayoa-ol5rz,/@domingopeneleu6457,1
/@edwinavila4876,/@romeolopezherrarte799,1
/@JavierBecerra-h6x,/@fredydomingo7062,1
/@JavierBecerra-h6x,/@CARLOSSTREMS51,1
/@JavierBecerra-h6x,/@markoherrera,1
/@JavierBecerra-h6x,/@nestorlorenzana1168,1
/@JavierBecerra-h6x,/@dantesarti4351,1
/@JavierBecerra-h6x,/@monkchapin,1
/@JavierBecerra-h6x,/@Jel.Awesh.M,1
/@JavierBecerra-h6x,/@JosueRamirez-ey3ih,1
/@JavierBecerra-h6x,/@jor77cas,1
/@JavierBecerra-h6x,/@davidgaher9550,1
/@JavierBecerra-h6x,/@yeniferaguirre4498,1
/@JavierBecerra-h6x,/@moisesvaldez4043,1
/@JavierBecerra-h6x,/@alvaroesquivel563,1
/@JavierBecerra-h6x,/@marcomendez7509,1
/@JavierBecerra-h6x,/@romeolopezherrarte799,1
/@JavierBecerra-h6x,/@ricardofigueroa5720,1
/@JavierBecerra-h6x,/@SergioGarcia-z9c,1
/@JavierBecerra-h6x,/@domingopeneleu6457,1
/@JavierBecerra-h6x,/@inge_vergueta,1
/@JavierBecerra-h6x,/@eusebiovasquez4385,1
/@JavierBecerra-h6x,/@Iv%C3%A1nP%C3%A9rez-j4j,1
/@JavierBecerra-h6x,/@mdelcid01,1
/@edwinavila4876,/@ricardofigueroa5720,1
/@edwinavila4876,/@SergioGarcia-z9c,1
/@edwinavila4876,/@domingopeneleu6457,1
/@edwinavila4876,/@mariorodas593,1
/@edwinavila4876,/@Iv%C3%A1nP%C3%A9rez-j4j,1
/@edwinavila4876,/@TeresaLucero-b5o,1
/@JavierBecerra-h6x,/@GilmarMaldonado-q9m,1
/@JavierBecerra-h6x,/@mariasamo8637,1
/@JavierBecerra-h6x,/@josehidalgo4875,1
/@JavierBecerra-h6x,/@mynorrodas8591,1
/@JavierBecerra-h6x,/@OseasSamayoa-ol5rz,1
/@JavierBecerra-h6x,/@josecarrera9623,1
/@JavierBecerra-h6x,/@victorarturoruanobautista7588,1
/@JavierBecerra-h6x,/@VidalVillatoro-p4w,1
/@JavierBecerra-h6x,/@ARGELIATELON,1
/@JavierBecerra-h6x,/@anaaguirre8985,1
/@JavierBecerra-h6x,/@hectorcarranza3777,1
/@JavierBecerra-h6x,/@mariorodas593,1
/@JavierBecerra-h6x,/@TeresaLucero-b5o,1
/@OseasSamayoa-ol5rz,/@SergioGarcia-z9c,1
/@OseasSamayoa-ol5rz,/@mdelcid01,1
/@OseasSamayoa-ol5rz,/@fredydomingo7062,1
/@OseasSamayoa-ol5rz,/@inge_vergueta,1
/@OseasSamayoa-ol5rz,/@CARLOSSTREMS51,1
/@OseasSamayoa-ol5rz,/@markoherrera,1
/@OseasSamayoa-ol5rz,/@nestorlorenzana1168,1
/@OseasSamayoa-ol5rz,/@dantesarti4351,1
/@OseasSamayoa-ol5rz,/@monkchapin,1
/@OseasSamayoa-ol5rz,/@Jel.Awesh.M,1
/@OseasSamayoa-ol5rz,/@JosueRamirez-ey3ih,1
/@OseasSamayoa-ol5rz,/@jor77cas,1
/@OseasSamayoa-ol5rz,/@davidgaher9550,1
/@OseasSamayoa-ol5rz,/@yeniferaguirre4498,1
/@OseasSamayoa-ol5rz,/@moisesvaldez4043,1
/@OseasSamayoa-ol5rz,/@alvaroesquivel563,1
/@OseasSamayoa-ol5rz,/@marcomendez7509,1
/@OseasSamayoa-ol5rz,/@romeolopezherrarte799,1
/@OseasSamayoa-ol5rz,/@ricardofigueroa5720,1
/@OseasSamayoa-ol5rz,/@eusebiovasquez4385,1
/@OseasSamayoa-ol5rz,/@hectorcarranza3777,1
/@mariogonzalezorellana8956,/@AlejandroP%C3%A9rez-b6r,1
/@OseasSamayoa-ol5rz,/@anaaguirre8985,1
/@mariogonzalezorellana8956,/@Israel-u5i7i,1
/@mariogonzalezorellana8956,/@cristianescobedo8296,1
/@mariogonzalezorellana8956,/@Murmullodelbarrio,1
/@mariogonzalezorellana8956,/@robertoescobar5507,1
/@mariogonzalezorellana8956,/@josegil3813,1
/@mariogonzalezorellana8956,/@carlosgranados9875,1
/@mariogonzalezorellana8956,/@vic-bonivideos,1
/@mariogonzalezorellana8956,/@franciscoflores3120,1
/@mariogonzalezorellana8956,/@RolandoGonzalez-o7g,1
/@OseasSamayoa-ol5rz,/@GilmarMaldonado-q9m,1
/@OseasSamayoa-ol5rz,/@mariasamo8637,1
/@OseasSamayoa-ol5rz,/@josehidalgo4875,1
/@OseasSamayoa-ol5rz,/@mynorrodas8591,1
/@OseasSamayoa-ol5rz,/@josecarrera9623,1
/@OseasSamayoa-ol5rz,/@victorarturoruanobautista7588,1
/@OseasSamayoa-ol5rz,/@VidalVillatoro-p4w,1
/@OseasSamayoa-ol5rz,/@ARGELIATELON,1
/@pablochitay46,/@hectorcarranza3777,1
/@pablochitay46,/@anaaguirre8985,1
/@pablochitay46,/@ARGELIATELON,1
/@NataliaRodriguez-rx5mr,/@armindapenados2841,1
/@NataliaRodriguez-rx5mr,/@carloslam5333,1
/@zetag,/@alexandrevasquez4135,1
/@zetag,/@carlosoliva9249,1
/@zetag,/@rolandojuchuna484,1
/@zetag,/@perritojuega1,1
/@zetag,/@mynorgudiel8646,1
/@zetag,/@kingr4706,1
/@zetag,/@elenaluarca9377,1
/@zetag,/@bryansicasales4280,1
/@perritojuega1,/@alexandrevasquez4135,1
/@perritojuega1,/@carlosoliva9249,1
/@perritojuega1,/@rolandojuchuna484,1
/@perritojuega1,/@mynorgudiel8646,1
/@perritojuega1,/@kingr4706,1
/@perritojuega1,/@elenaluarca9377,1
/@perritojuega1,/@bryansicasales4280,1
/@srms70,/@pablobarrios7931,1
/@NataliaRodriguez-rx5mr,/@Silviazea,1
/@NataliaRodriguez-rx5mr,/@RolandoCastroP%C3%A9rez-d7y,1
/@srms70,/@aureliomaldonado4793,1
/@NataliaRodriguez-rx5mr,/@sergiohinestroza9709,1
/@pattyfigueroa5609,/@rosaoliva9389,1
/@pattyfigueroa5609,/@carlosgranados9875,1
/@pattyfigueroa5609,/@mariogonzalezorellana8956,1
/@pattyfigueroa5609,/@vic-bonivideos,1
/@pattyfigueroa5609,/@franciscoflores3120,1
/@pattyfigueroa5609,/@RolandoGonzalez-o7g,1
/@NataliaRodriguez-rx5mr,/@Lyrics_GT,1
/@NataliaRodriguez-rx5mr,/@Jel.Awesh.M,1
/@NataliaRodriguez-rx5mr,/@marlenareano-h4t,1
/@NataliaRodriguez-rx5mr,/@AndresLemus-k2d,1
/@NataliaRodriguez-rx5mr,/@inge_vergueta,1
/@NataliaRodriguez-rx5mr,/@jorgeaguilar-bq3uj,1
/@NataliaRodriguez-rx5mr,/@pedroros6358,1
/@NataliaRodriguez-rx5mr,/@quijotachapina1,1
/@NataliaRodriguez-rx5mr,/@HectorElias-u2l,1
/@NataliaRodriguez-rx5mr,/@gonzalo6075,1
/@NataliaRodriguez-rx5mr,/@EcPerez-zz9oh,1
/@srms70,/@herbertaguilar1387,1
/@srms70,/@ericapaz5406,1
/@pattyfigueroa5609,/@josegil3813,1
/@fredygarcia9151,/@mynorrodas8591,1
/@fredygarcia9151,/@pablochitay46,1
/@fredygarcia9151,/@josecarrera9623,1
/@fredygarcia9151,/@victorarturoruanobautista7588,1
/@fredygarcia9151,/@VidalVillatoro-p4w,1
/@fredygarcia9151,/@ARGELIATELON,1
/@fredygarcia9151,/@anaaguirre8985,1
/@fredygarcia9151,/@hectorcarranza3777,1
/@fredygarcia9151,/@mdelcid01,1
/@fredygarcia9151,/@eusebiovasquez4385,1
/@fredygarcia9151,/@davidisraelesquitsaquil,1
/@fredygarcia9151,/@fredydomingo7062,1
/@fredygarcia9151,/@inge_vergueta,1
/@fredygarcia9151,/@CARLOSSTREMS51,1
/@fredygarcia9151,/@markoherrera,1
/@fredygarcia9151,/@nestorlorenzana1168,1
/@fredygarcia9151,/@carlosaguilar-kz7ml,1
/@fredygarcia9151,/@dantesarti4351,1
/@fredygarcia9151,/@OseasSamayoa-ol5rz,1
/@fredygarcia9151,/@josehidalgo4875,1
/@srms70,/@josegil3813,1
/@fredygarcia9151,/@mariasamo8637,1
/@marlenareano-h4t,/@Lyrics_GT,1
/@marlenareano-h4t,/@Jel.Awesh.M,1
/@marlenareano-h4t,/@AndresLemus-k2d,1
/@marlenareano-h4t,/@inge_vergueta,1
/@marlenareano-h4t,/@jorgeaguilar-bq3uj,1
/@marlenareano-h4t,/@pedroros6358,1
/@marlenareano-h4t,/@quijotachapina1,1
/@marlenareano-h4t,/@HectorElias-u2l,1
/@marlenareano-h4t,/@gonzalo6075,1
/@marlenareano-h4t,/@EcPerez-zz9oh,1
/@marlenareano-h4t,/@sergiohinestroza9709,1
/@marlenareano-h4t,/@RolandoCastroP%C3%A9rez-d7y,1
/@marlenareano-h4t,/@armindapenados2841,1
/@marlenareano-h4t,/@Silviazea,1
/@marlenareano-h4t,/@carloslam5333,1
/@fredygarcia9151,/@JavierBecerra-h6x,1
/@fredygarcia9151,/@GilmarMaldonado-q9m,1
/@pattyfigueroa5609,/@maydamorales4395,1
/@pattyfigueroa5609,/@robertoescobar5507,1
/@pablochitay46,/@VidalVillatoro-p4w,1
/@edgarroldan5539,/@fredydomingo7062,1
/@edgarroldan5539,/@CARLOSSTREMS51,1
/@edgarroldan5539,/@markoherrera,1
/@edgarroldan5539,/@nestorlorenzana1168,1
/@edgarroldan5539,/@carlosaguilar-kz7ml,1
/@edgarroldan5539,/@dantesarti4351,1
/@edgarroldan5539,/@monkchapin,1
/@edgarroldan5539,/@andyB5280,1
/@edgarroldan5539,/@Jel.Awesh.M,1
/@edgarroldan5539,/@byronpontaza,1
/@edgarroldan5539,/@JosueRamirez-ey3ih,1
/@edgarroldan5539,/@jor77cas,1
/@edgarroldan5539,/@davidgaher9550,1
/@edgarroldan5539,/@edwinavila4876,1
/@edgarroldan5539,/@yeniferaguirre4498,1
/@edgarroldan5539,/@moisesvaldez4043,1
/@edgarroldan5539,/@alvaroesquivel563,1
/@edgarroldan5539,/@marcomendez7509,1
/@edgarroldan5539,/@inge_vergueta,1
/@edgarroldan5539,/@davidisraelesquitsaquil,1
/@edgarroldan5539,/@romeolopezherrarte799,1
/@edgarroldan5539,/@eusebiovasquez4385,1
/@CarlosCortez-v5r,/@ericapaz5406,1
/@CarlosCortez-v5r,/@srms70,1
/@CarlosCortez-v5r,/@josegil3813,1
/@edgarroldan5539,/@JavierBecerra-h6x,1
/@edgarroldan5539,/@GilmarMaldonado-q9m,1
/@edgarroldan5539,/@mariasamo8637,1
/@edgarroldan5539,/@josehidalgo4875,1
/@edgarroldan5539,/@mynorrodas8591,1
/@edgarroldan5539,/@OseasSamayoa-ol5rz,1
/@edgarroldan5539,/@pablochitay46,1
/@edgarroldan5539,/@josecarrera9623,1
/@edgarroldan5539,/@victorarturoruanobautista7588,1
/@edgarroldan5539,/@VidalVillatoro-p4w,1
/@edgarroldan5539,/@ARGELIATELON,1
/@edgarroldan5539,/@anaaguirre8985,1
/@edgarroldan5539,/@hectorcarranza3777,1
/@edgarroldan5539,/@mdelcid01,1
/@edgarroldan5539,/@OdilioRodr%C3%ADguez-c5w,1
/@edgarroldan5539,/@ricardofigueroa5720,1
/@pattyfigueroa5609,/@Murmullodelbarrio,1
/@lara11roberto,/@robertoescobar5507,1
/@lara11roberto,/@maydamorales4395,1
/@lara11roberto,/@rosaoliva9389,1
/@lara11roberto,/@carlosgranados9875,1
/@lara11roberto,/@pattyfigueroa5609,1
/@lara11roberto,/@mariogonzalezorellana8956,1
/@lara11roberto,/@vic-bonivideos,1
/@lara11roberto,/@franciscoflores3120,1
/@lara11roberto,/@RolandoGonzalez-o7g,1
/@ErmeP%C3%A9rez-q4s,/@pablobarrios7931,1
/@ErmeP%C3%A9rez-q4s,/@herbertaguilar1387,1
/@ErmeP%C3%A9rez-q4s,/@aureliomaldonado4793,1
/@ErmeP%C3%A9rez-q4s,/@ericapaz5406,1
/@ErmeP%C3%A9rez-q4s,/@srms70,1
/@ErmeP%C3%A9rez-q4s,/@josegil3813,1
/@pattyfigueroa5609,/@AlejandroP%C3%A9rez-b6r,1
/@pattyfigueroa5609,/@Israel-u5i7i,1
/@pattyfigueroa5609,/@cristianescobedo8296,1
/@lara11roberto,/@josegil3813,1
/@lara11roberto,/@Murmullodelbarrio,1
/@edgarroldan5539,/@SergioGarcia-z9c,1
/@lara11roberto,/@cristianescobedo8296,1
/@edgarroldan5539,/@domingopeneleu6457,1
/@edgarroldan5539,/@mariorodas593,1
/@edgarroldan5539,/@Iv%C3%A1nP%C3%A9rez-j4j,1
/@edgarroldan5539,/@fredygarcia9151,1
/@edgarroldan5539,/@TeresaLucero-b5o,1
/@Williams-Garcia67E,/@lazarobarillas3575,1
/@MariaSantos-c8y3h,/@MacoMorales-i2i2d,1
/@MariaSantos-c8y3h,/@HonwayLee-z5g,1
/@MariaSantos-c8y3h,/@JessicaHuaz-96,1
/@MariaSantos-c8y3h,/@franciscoflores3120,1
/@MariaSantos-c8y3h,/@RaulPerez-cw2vi,1
/@HonwayLee-z5g,/@MacoMorales-i2i2d,1
/@HonwayLee-z5g,/@JessicaHuaz-96,1
/@HonwayLee-z5g,/@franciscoflores3120,1
/@HonwayLee-z5g,/@RaulPerez-cw2vi,1
/@lara11roberto,/@AlejandroP%C3%A9rez-b6r,1
/@lara11roberto,/@Israel-u5i7i,1
/@fredygarcia9151,/@monkchapin,1
/@fredygarcia9151,/@andyB5280,1
/@fredygarcia9151,/@Jel.Awesh.M,1
/@OdilioRodr%C3%ADguez-c5w,/@TeresaLucero-b5o,1
/@rosaoliva9389,/@Israel-u5i7i,1
/@rosaoliva9389,/@cristianescobedo8296,1
/@rosaoliva9389,/@Murmullodelbarrio,1
/@rosaoliva9389,/@robertoescobar5507,1
/@rosaoliva9389,/@josegil3813,1
/@rosaoliva9389,/@maydamorales4395,1
/@rosaoliva9389,/@carlosgranados9875,1
/@rosaoliva9389,/@mariogonzalezorellana8956,1
/@rosaoliva9389,/@vic-bonivideos,1
/@rosaoliva9389,/@franciscoflores3120,1
/@rosaoliva9389,/@RolandoGonzalez-o7g,1
/@carlosaguilar-kz7ml,/@JavierBecerra-h6x,1
/@carlosaguilar-kz7ml,/@GilmarMaldonado-q9m,1
/@carlosaguilar-kz7ml,/@mariasamo8637,1
/@carlosaguilar-kz7ml,/@josehidalgo4875,1
/@carlosaguilar-kz7ml,/@mynorrodas8591,1
/@carlosaguilar-kz7ml,/@OseasSamayoa-ol5rz,1
/@rosaoliva9389,/@AlejandroP%C3%A9rez-b6r,1
/@OdilioRodr%C3%ADguez-c5w,/@Iv%C3%A1nP%C3%A9rez-j4j,1
/@carlosaguilar-kz7ml,/@josecarrera9623,1
/@OdilioRodr%C3%ADguez-c5w,/@mariorodas593,1
/@OdilioRodr%C3%ADguez-c5w,/@carlosaguilar-kz7ml,1
/@OdilioRodr%C3%ADguez-c5w,/@dantesarti4351,1
/@OdilioRodr%C3%ADguez-c5w,/@monkchapin,1
/@OdilioRodr%C3%ADguez-c5w,/@Jel.Awesh.M,1
/@OdilioRodr%C3%ADguez-c5w,/@byronpontaza,1
/@OdilioRodr%C3%ADguez-c5w,/@JosueRamirez-ey3ih,1
/@OdilioRodr%C3%ADguez-c5w,/@jor77cas,1
/@OdilioRodr%C3%ADguez-c5w,/@davidgaher9550,1
/@OdilioRodr%C3%ADguez-c5w,/@edwinavila4876,1
/@OdilioRodr%C3%ADguez-c5w,/@yeniferaguirre4498,1
/@OdilioRodr%C3%ADguez-c5w,/@moisesvaldez4043,1
/@OdilioRodr%C3%ADguez-c5w,/@alvaroesquivel563,1
/@OdilioRodr%C3%ADguez-c5w,/@marcomendez7509,1
/@OdilioRodr%C3%ADguez-c5w,/@romeolopezherrarte799,1
/@OdilioRodr%C3%ADguez-c5w,/@ricardofigueroa5720,1
/@OdilioRodr%C3%ADguez-c5w,/@SergioGarcia-z9c,1
/@OdilioRodr%C3%ADguez-c5w,/@domingopeneleu6457,1
/@carlosaguilar-kz7ml,/@pablochitay46,1
/@carlosaguilar-kz7ml,/@victorarturoruanobautista7588,1
/@fredygarcia9151,/@byronpontaza,1
/@carlosaguilar-kz7ml,/@yeniferaguirre4498,1
/@carlosaguilar-kz7ml,/@alvaroesquivel563,1
/@carlosaguilar-kz7ml,/@marcomendez7509,1
/@carlosaguilar-kz7ml,/@romeolopezherrarte799,1
/@carlosaguilar-kz7ml,/@ricardofigueroa5720,1
/@carlosaguilar-kz7ml,/@SergioGarcia-z9c,1
/@carlosaguilar-kz7ml,/@domingopeneleu6457,1
/@carlosaguilar-kz7ml,/@mariorodas593,1
/@carlosaguilar-kz7ml,/@Iv%C3%A1nP%C3%A9rez-j4j,1
/@carlosaguilar-kz7ml,/@TeresaLucero-b5o,1
/@pablochitay46,/@JavierBecerra-h6x,1
/@pablochitay46,/@GilmarMaldonado-q9m,1
/@pablochitay46,/@mariasamo8637,1
/@pablochitay46,/@josehidalgo4875,1
/@pablochitay46,/@mynorrodas8591,1
/@pablochitay46,/@OseasSamayoa-ol5rz,1
/@pablochitay46,/@josecarrera9623,1
/@pablochitay46,/@victorarturoruanobautista7588,1
/@carlosaguilar-kz7ml,/@moisesvaldez4043,1
/@carlosaguilar-kz7ml,/@edwinavila4876,1
/@carlosaguilar-kz7ml,/@VidalVillatoro-p4w,1
/@carlosaguilar-kz7ml,/@davidgaher9550,1
/@carlosaguilar-kz7ml,/@ARGELIATELON,1
/@carlosaguilar-kz7ml,/@anaaguirre8985,1
/@carlosaguilar-kz7ml,/@hectorcarranza3777,1
/@carlosaguilar-kz7ml,/@mdelcid01,1
/@carlosaguilar-kz7ml,/@eusebiovasquez4385,1
/@carlosaguilar-kz7ml,/@davidisraelesquitsaquil,1
/@carlosaguilar-kz7ml,/@fredydomingo7062,1
/@carlosaguilar-kz7ml,/@inge_vergueta,1
/@carlosaguilar-kz7ml,/@CARLOSSTREMS51,1
/@carlosaguilar-kz7ml,/@markoherrera,1
/@carlosaguilar-kz7ml,/@nestorlorenzana1168,1
/@carlosaguilar-kz7ml,/@dantesarti4351,1
/@carlosaguilar-kz7ml,/@monkchapin,1
/@carlosaguilar-kz7ml,/@Jel.Awesh.M,1
/@carlosaguilar-kz7ml,/@byronpontaza,1
/@carlosaguilar-kz7ml,/@JosueRamirez-ey3ih,1
/@carlosaguilar-kz7ml,/@jor77cas,1
/@OdilioRodr%C3%ADguez-c5w,/@nestorlorenzana1168,1
/@OdilioRodr%C3%ADguez-c5w,/@markoherrera,1
/@OdilioRodr%C3%ADguez-c5w,/@CARLOSSTREMS51,1
/@andyB5280,/@josehidalgo4875,1
/@andyB5280,/@OseasSamayoa-ol5rz,1
/@andyB5280,/@pablochitay46,1
/@andyB5280,/@josecarrera9623,1
/@andyB5280,/@victorarturoruanobautista7588,1
/@andyB5280,/@VidalVillatoro-p4w,1
/@andyB5280,/@ARGELIATELON,1
/@andyB5280,/@anaaguirre8985,1
/@andyB5280,/@hectorcarranza3777,1
/@andyB5280,/@mdelcid01,1
/@andyB5280,/@eusebiovasquez4385,1
/@andyB5280,/@davidisraelesquitsaquil,1
/@andyB5280,/@fredydomingo7062,1
/@andyB5280,/@inge_vergueta,1
/@andyB5280,/@CARLOSSTREMS51,1
/@andyB5280,/@markoherrera,1
/@andyB5280,/@nestorlorenzana1168,1
/@andyB5280,/@carlosaguilar-kz7ml,1
/@andyB5280,/@mynorrodas8591,1
/@andyB5280,/@mariasamo8637,1
/@OdilioRodr%C3%ADguez-c5w,/@inge_vergueta,1
/@andyB5280,/@GilmarMaldonado-q9m,1
/@fredygarcia9151,/@JosueRamirez-ey3ih,1
/@fredygarcia9151,/@jor77cas,1
/@fredygarcia9151,/@davidgaher9550,1
/@fredygarcia9151,/@edwinavila4876,1
/@fredygarcia9151,/@yeniferaguirre4498,1
/@fredygarcia9151,/@moisesvaldez4043,1
/@fredygarcia9151,/@alvaroesquivel563,1
/@fredygarcia9151,/@marcomendez7509,1
/@fredygarcia9151,/@OdilioRodr%C3%ADguez-c5w,1
/@fredygarcia9151,/@romeolopezherrarte799,1
/@fredygarcia9151,/@ricardofigueroa5720,1
/@fredygarcia9151,/@SergioGarcia-z9c,1
/@fredygarcia9151,/@domingopeneleu6457,1
/@fredygarcia9151,/@mariorodas593,1
/@fredygarcia9151,/@Iv%C3%A1nP%C3%A9rez-j4j,1
/@fredygarcia9151,/@TeresaLucero-b5o,1
/@andyB5280,/@JavierBecerra-h6x,1
/@andyB5280,/@dantesarti4351,1
/@andyB5280,/@monkchapin,1
/@andyB5280,/@Jel.Awesh.M,1
/@andyB5280,/@byronpontaza,1
/@OdilioRodr%C3%ADguez-c5w,/@JavierBecerra-h6x,1
/@OdilioRodr%C3%ADguez-c5w,/@GilmarMaldonado-q9m,1
/@OdilioRodr%C3%ADguez-c5w,/@mariasamo8637,1
/@OdilioRodr%C3%ADguez-c5w,/@josehidalgo4875,1
/@OdilioRodr%C3%ADguez-c5w,/@mynorrodas8591,1
/@OdilioRodr%C3%ADguez-c5w,/@OseasSamayoa-ol5rz,1
/@OdilioRodr%C3%ADguez-c5w,/@pablochitay46,1
/@OdilioRodr%C3%ADguez-c5w,/@josecarrera9623,1
/@OdilioRodr%C3%ADguez-c5w,/@victorarturoruanobautista7588,1
/@OdilioRodr%C3%ADguez-c5w,/@VidalVillatoro-p4w,1
/@OdilioRodr%C3%ADguez-c5w,/@ARGELIATELON,1
/@OdilioRodr%C3%ADguez-c5w,/@anaaguirre8985,1
/@OdilioRodr%C3%ADguez-c5w,/@hectorcarranza3777,1
/@OdilioRodr%C3%ADguez-c5w,/@mdelcid01,1
/@OdilioRodr%C3%ADguez-c5w,/@eusebiovasquez4385,1
/@OdilioRodr%C3%ADguez-c5w,/@davidisraelesquitsaquil,1
/@OdilioRodr%C3%ADguez-c5w,/@fredydomingo7062,1
/@sparkvalkov,/@11223344An,1
/@sparkvalkov,/@hashojea7348,1
/@sparkvalkov,/@angelmartinez9523,1
/@andyB5280,/@marcomendez7509,1
/@andyB5280,/@JosueRamirez-ey3ih,1
/@andyB5280,/@jor77cas,1
/@andyB5280,/@davidgaher9550,1
/@andyB5280,/@edwinavila4876,1
/@andyB5280,/@yeniferaguirre4498,1
/@andyB5280,/@moisesvaldez4043,1
/@andyB5280,/@alvaroesquivel563,1
/@andyB5280,/@OdilioRodr%C3%ADguez-c5w,1
/@sparkvalkov,/@marioramirez299,1
/@andyB5280,/@romeolopezherrarte799,1
/@andyB5280,/@ricardofigueroa5720,1
/@andyB5280,/@SergioGarcia-z9c,1
/@andyB5280,/@domingopeneleu6457,1
/@andyB5280,/@mariorodas593,1
/@andyB5280,/@Iv%C3%A1nP%C3%A9rez-j4j,1
/@andyB5280,/@TeresaLucero-b5o,1
/@franciscoflores3120,/@RaulPerez-cw2vi,1
/@mynorrodas8591,/@GilmarMaldonado-q9m,1
/@mynorrodas8591,/@mariasamo8637,1
/@josecarrera9623,/@alvaroesquivel563,1
/@josecarrera9623,/@Iv%C3%A1nP%C3%A9rez-j4j,1
/@josecarrera9623,/@TeresaLucero-b5o,1
/@flornolberto2425,/@WilR-s8r,1
/@flornolberto2425,/@Paul-gf7ec,1
/@sergiohinestroza9709,/@Jel.Awesh.M,1
/@sergiohinestroza9709,/@jorgeaguilar-bq3uj,1
/@sergiohinestroza9709,/@RolandoCastroP%C3%A9rez-d7y,1
/@sergiohinestroza9709,/@armindapenados2841,1
/@sergiohinestroza9709,/@Silviazea,1
/@nestorlorenzana1168,/@GilmarMaldonado-q9m,1
/@nestorlorenzana1168,/@mariasamo8637,1
/@nestorlorenzana1168,/@victorarturoruanobautista7588,1
/@nestorlorenzana1168,/@mdelcid01,1
/@nestorlorenzana1168,/@eusebiovasquez4385,1
/@nestorlorenzana1168,/@fredydomingo7062,1
/@nestorlorenzana1168,/@markoherrera,1
/@nestorlorenzana1168,/@dantesarti4351,1
/@josecarrera9623,/@ricardofigueroa5720,1
/@josecarrera9623,/@moisesvaldez4043,1
/@nestorlorenzana1168,/@JosueRamirez-ey3ih,1
/@josecarrera9623,/@yeniferaguirre4498,1
/@domingopeneleu6457,/@alvaroesquivel563,1
/@domingopeneleu6457,/@ricardofigueroa5720,1
/@domingopeneleu6457,/@Iv%C3%A1nP%C3%A9rez-j4j,1
/@domingopeneleu6457,/@TeresaLucero-b5o,1
/@josecarrera9623,/@GilmarMaldonado-q9m,1
/@josecarrera9623,/@mariasamo8637,1
/@josecarrera9623,/@victorarturoruanobautista7588,1
/@josecarrera9623,/@mdelcid01,1
/@josecarrera9623,/@eusebiovasquez4385,1
/@josecarrera9623,/@fredydomingo7062,1
/@josecarrera9623,/@markoherrera,1
/@josecarrera9623,/@nestorlorenzana1168,1
/@josecarrera9623,/@dantesarti4351,1
/@josecarrera9623,/@Jel.Awesh.M,1
/@josecarrera9623,/@JosueRamirez-ey3ih,1
/@josecarrera9623,/@jor77cas,1
/@josecarrera9623,/@davidgaher9550,1
/@nestorlorenzana1168,/@Jel.Awesh.M,1
/@nestorlorenzana1168,/@jor77cas,1
/@domingopeneleu6457,/@yeniferaguirre4498,1
/@Iv%C3%A1nP%C3%A9rez-j4j,/@moisesvaldez4043,1
/@Iv%C3%A1nP%C3%A9rez-j4j,/@ricardofigueroa5720,1
/@Iv%C3%A1nP%C3%A9rez-j4j,/@TeresaLucero-b5o,1
/@moisesvaldez4043,/@GilmarMaldonado-q9m,1
/@moisesvaldez4043,/@mariasamo8637,1
/@moisesvaldez4043,/@victorarturoruanobautista7588,1
/@moisesvaldez4043,/@mdelcid01,1
/@moisesvaldez4043,/@eusebiovasquez4385,1
/@moisesvaldez4043,/@fredydomingo7062,1
/@moisesvaldez4043,/@markoherrera,1
/@moisesvaldez4043,/@dantesarti4351,1
/@moisesvaldez4043,/@Jel.Awesh.M,1
/@moisesvaldez4043,/@JosueRamirez-ey3ih,1
/@moisesvaldez4043,/@jor77cas,1
/@moisesvaldez4043,/@davidgaher9550,1
/@moisesvaldez4043,/@yeniferaguirre4498,1
/@moisesvaldez4043,/@alvaroesquivel563,1
/@moisesvaldez4043,/@ricardofigueroa5720,1
/@Iv%C3%A1nP%C3%A9rez-j4j,/@alvaroesquivel563,1
/@Iv%C3%A1nP%C3%A9rez-j4j,/@yeniferaguirre4498,1
/@nestorlorenzana1168,/@davidgaher9550,1
/@Iv%C3%A1nP%C3%A9rez-j4j,/@davidgaher9550,1
/@nestorlorenzana1168,/@yeniferaguirre4498,1
/@nestorlorenzana1168,/@moisesvaldez4043,1
/@nestorlorenzana1168,/@alvaroesquivel563,1
/@nestorlorenzana1168,/@ricardofigueroa5720,1
/@nestorlorenzana1168,/@Iv%C3%A1nP%C3%A9rez-j4j,1
/@nestorlorenzana1168,/@TeresaLucero-b5o,1
/@Iv%C3%A1nP%C3%A9rez-j4j,/@GilmarMaldonado-q9m,1
/@Iv%C3%A1nP%C3%A9rez-j4j,/@mariasamo8637,1
/@Iv%C3%A1nP%C3%A9rez-j4j,/@victorarturoruanobautista7588,1
/@Iv%C3%A1nP%C3%A9rez-j4j,/@mdelcid01,1
/@Iv%C3%A1nP%C3%A9rez-j4j,/@eusebiovasquez4385,1
/@Iv%C3%A1nP%C3%A9rez-j4j,/@fredydomingo7062,1
/@Iv%C3%A1nP%C3%A9rez-j4j,/@markoherrera,1
/@Iv%C3%A1nP%C3%A9rez-j4j,/@dantesarti4351,1
/@Iv%C3%A1nP%C3%A9rez-j4j,/@Jel.Awesh.M,1
/@Iv%C3%A1nP%C3%A9rez-j4j,/@JosueRamirez-ey3ih,1
/@Iv%C3%A1nP%C3%A9rez-j4j,/@jor77cas,1
/@domingopeneleu6457,/@moisesvaldez4043,1
/@domingopeneleu6457,/@davidgaher9550,1
/@SergioGarcia-z9c,/@Iv%C3%A1nP%C3%A9rez-j4j,1
/@romeolopezherrarte799,/@domingopeneleu6457,1
/@romeolopezherrarte799,/@TeresaLucero-b5o,1
/@inge_vergueta,/@GilmarMaldonado-q9m,1
/@inge_vergueta,/@mariasamo8637,1
/@inge_vergueta,/@jorgeaguilar-bq3uj,1
/@inge_vergueta,/@josecarrera9623,1
/@inge_vergueta,/@RolandoCastroP%C3%A9rez-d7y,1
/@inge_vergueta,/@victorarturoruanobautista7588,1
/@inge_vergueta,/@mdelcid01,1
/@inge_vergueta,/@Lyrics_GT,1
/@inge_vergueta,/@eusebiovasquez4385,1
/@inge_vergueta,/@fredydomingo7062,1
/@inge_vergueta,/@markoherrera,1
/@inge_vergueta,/@armindapenados2841,1
/@inge_vergueta,/@nestorlorenzana1168,1
/@inge_vergueta,/@dantesarti4351,1
/@inge_vergueta,/@JosueRamirez-ey3ih,1
/@inge_vergueta,/@jor77cas,1
/@romeolopezherrarte799,/@Iv%C3%A1nP%C3%A9rez-j4j,1
/@romeolopezherrarte799,/@ricardofigueroa5720,1
/@inge_vergueta,/@yeniferaguirre4498,1
/@romeolopezherrarte799,/@alvaroesquivel563,1
/@romeolopezherrarte799,/@GilmarMaldonado-q9m,1
/@romeolopezherrarte799,/@mariasamo8637,1
/@romeolopezherrarte799,/@josecarrera9623,1
/@romeolopezherrarte799,/@victorarturoruanobautista7588,1
/@romeolopezherrarte799,/@mdelcid01,1
/@romeolopezherrarte799,/@eusebiovasquez4385,1
/@romeolopezherrarte799,/@fredydomingo7062,1
/@romeolopezherrarte799,/@inge_vergueta,1
/@romeolopezherrarte799,/@markoherrera,1
/@romeolopezherrarte799,/@nestorlorenzana1168,1
/@romeolopezherrarte799,/@dantesarti4351,1
/@romeolopezherrarte799,/@Jel.Awesh.M,1
/@romeolopezherrarte799,/@JosueRamirez-ey3ih,1
/@romeolopezherrarte799,/@jor77cas,1
/@romeolopezherrarte799,/@davidgaher9550,1
/@romeolopezherrarte799,/@yeniferaguirre4498,1
/@romeolopezherrarte799,/@moisesvaldez4043,1
/@inge_vergueta,/@davidgaher9550,1
/@inge_vergueta,/@moisesvaldez4043,1
/@domingopeneleu6457,/@jor77cas,1
/@rolandojuchuna484,/@elenaluarca9377,1
/@RolandoGonzalez-o7g,/@cristianescobedo8296,1
/@RolandoGonzalez-o7g,/@Murmullodelbarrio,1
/@RolandoGonzalez-o7g,/@josegil3813,1
/@RolandoGonzalez-o7g,/@carlosgranados9875,1
/@RolandoGonzalez-o7g,/@vic-bonivideos,1
/@domingopeneleu6457,/@GilmarMaldonado-q9m,1
/@domingopeneleu6457,/@mariasamo8637,1
/@domingopeneleu6457,/@josecarrera9623,1
/@domingopeneleu6457,/@victorarturoruanobautista7588,1
/@domingopeneleu6457,/@mdelcid01,1
/@domingopeneleu6457,/@eusebiovasquez4385,1
/@domingopeneleu6457,/@fredydomingo7062,1
/@domingopeneleu6457,/@markoherrera,1
/@domingopeneleu6457,/@nestorlorenzana1168,1
/@domingopeneleu6457,/@dantesarti4351,1
/@domingopeneleu6457,/@Jel.Awesh.M,1
/@domingopeneleu6457,/@JosueRamirez-ey3ih,1
/@RolandoGonzalez-o7g,/@AlejandroP%C3%A9rez-b6r,1
/@rolandojuchuna484,/@kingr4706,1
/@inge_vergueta,/@alvaroesquivel563,1
/@rolandojuchuna484,/@mynorgudiel8646,1
/@inge_vergueta,/@hashojea7348,1
/@inge_vergueta,/@ricardofigueroa5720,1
/@inge_vergueta,/@domingopeneleu6457,1
/@inge_vergueta,/@sergiohinestroza9709,1
/@inge_vergueta,/@Iv%C3%A1nP%C3%A9rez-j4j,1
/@inge_vergueta,/@Silviazea,1
/@inge_vergueta,/@TeresaLucero-b5o,1
/@MacoMorales-i2i2d,/@JessicaHuaz-96,1
/@MacoMorales-i2i2d,/@RaulPerez-cw2vi,1
/@Lyrics_GT,/@Jel.Awesh.M,1
/@Lyrics_GT,/@jorgeaguilar-bq3uj,1
/@Lyrics_GT,/@sergiohinestroza9709,1
/@Lyrics_GT,/@RolandoCastroP%C3%A9rez-d7y,1
/@Lyrics_GT,/@armindapenados2841,1
/@Lyrics_GT,/@Silviazea,1
/@rolandojuchuna484,/@alexandrevasquez4135,1
/@rolandojuchuna484,/@carlosoliva9249,1
/@moisesvaldez4043,/@TeresaLucero-b5o,1
/@alexandrevasquez4135,/@carlosoliva9249,1
/@alexandrevasquez4135,/@mynorgudiel8646,1
/@davidgaher9550,/@GilmarMaldonado-q9m,1
/@davidgaher9550,/@eusebiovasquez4385,1
/@davidgaher9550,/@markoherrera,1
/@davidgaher9550,/@dantesarti4351,1
/@davidgaher9550,/@Jel.Awesh.M,1
/@davidgaher9550,/@jor77cas,1
/@davidgaher9550,/@ricardofigueroa5720,1
/@davidgaher9550,/@TeresaLucero-b5o,1
/@cristianescobedo8296,/@Murmullodelbarrio,1
/@cristianescobedo8296,/@josegil3813,1
/@cristianescobedo8296,/@vic-bonivideos,1
/@hashojea7348,/@ZabalaXabier,1
/@hashojea7348,/@marioramirez299,1
/@hashojea7348,/@angelmartinez9523,1
/@RaulPerez-cw2vi,/@JessicaHuaz-96,1
/@marioramirez299,/@angelmartinez9523,1
/@ricardofigueroa5720,/@GilmarMaldonado-q9m,1
/@ricardofigueroa5720,/@mariasamo8637,1
/@davidgaher9550,/@mariasamo8637,1
/@yeniferaguirre4498,/@TeresaLucero-b5o,1
/@ricardofigueroa5720,/@markoherrera,1
/@yeniferaguirre4498,/@ricardofigueroa5720,1
/@victorarturoruanobautista7588,/@markoherrera,1
/@victorarturoruanobautista7588,/@dantesarti4351,1
/@victorarturoruanobautista7588,/@Jel.Awesh.M,1
/@victorarturoruanobautista7588,/@jor77cas,1
/@victorarturoruanobautista7588,/@davidgaher9550,1
/@victorarturoruanobautista7588,/@yeniferaguirre4498,1
/@victorarturoruanobautista7588,/@ricardofigueroa5720,1
/@victorarturoruanobautista7588,/@TeresaLucero-b5o,1
/@pablobarrios7931,/@josegil3813,1
/@yeniferaguirre4498,/@GilmarMaldonado-q9m,1
/@yeniferaguirre4498,/@mariasamo8637,1
/@yeniferaguirre4498,/@eusebiovasquez4385,1
/@yeniferaguirre4498,/@markoherrera,1
/@yeniferaguirre4498,/@dantesarti4351,1
/@yeniferaguirre4498,/@Jel.Awesh.M,1
/@yeniferaguirre4498,/@jor77cas,1
/@yeniferaguirre4498,/@davidgaher9550,1
/@ricardofigueroa5720,/@eusebiovasquez4385,1
/@ricardofigueroa5720,/@dantesarti4351,1
/@alexandrevasquez4135,/@kingr4706,1
/@Silviazea,/@Jel.Awesh.M,1
/@vic-bonivideos,/@josegil3813,1
/@elenaluarca9377,/@carlosoliva9249,1
/@markoherrera,/@GilmarMaldonado-q9m,1
/@markoherrera,/@eusebiovasquez4385,1
/@markoherrera,/@dantesarti4351,1
/@markoherrera,/@Jel.Awesh.M,1
/@markoherrera,/@jor77cas,1
/@Murmullodelbarrio,/@josegil3813,1
/@dantesarti4351,/@GilmarMaldonado-q9m,1
/@dantesarti4351,/@eusebiovasquez4385,1
/@dantesarti4351,/@Jel.Awesh.M,1
/@dantesarti4351,/@jor77cas,1
/@Jel.Awesh.M,/@GilmarMaldonado-q9m,1
/@Jel.Awesh.M,/@eusebiovasquez4385,1
/@Jel.Awesh.M,/@jor77cas,1
/@eusebiovasquez4385,/@GilmarMaldonado-q9m,1
/@eusebiovasquez4385,/@jor77cas,1
/@vic-bonivideos,/@Murmullodelbarrio,1
/@mariasamo8637,/@jor77cas,1
/@ricardofigueroa5720,/@Jel.Awesh.M,1
/@mariasamo8637,/@Jel.Awesh.M,1
/@ricardofigueroa5720,/@jor77cas,1
/@ricardofigueroa5720,/@TeresaLucero-b5o,1
/@kingr4706,/@carlosoliva9249,1
/@kingr4706,/@elenaluarca9377,1
/@TeresaLucero-b5o,/@GilmarMaldonado-q9m,1
/@TeresaLucero-b5o,/@mariasamo8637,1
/@TeresaLucero-b5o,/@eusebiovasquez4385,1
/@TeresaLucero-b5o,/@markoherrera,1
/@TeresaLucero-b5o,/@dantesarti4351,1
/@TeresaLucero-b5o,/@Jel.Awesh.M,1
/@TeresaLucero-b5o,/@jor77cas,1
/@armindapenados2841,/@Jel.Awesh.M,1
/@armindapenados2841,/@Silviazea,1
/@mariasamo8637,/@GilmarMaldonado-q9m,1
/@mariasamo8637,/@eusebiovasquez4385,1
/@mariasamo8637,/@markoherrera,1
/@mariasamo8637,/@dantesarti4351,1
/@victorarturoruanobautista7588,/@eusebiovasquez4385,1
/@victorarturoruanobautista7588,/@mariasamo8637,1
/@victorarturoruanobautista7588,/@GilmarMaldonado-q9m,1
/@carlosgranados9875,/@josegil3813,1
/@mynorgudiel8646,/@carlosoliva9249,1
/@mynorgudiel8646,/@kingr4706,1
/@mynorgudiel8646,/@elenaluarca9377,1
/@JosueRamirez-ey3ih,/@GilmarMaldonado-q9m,1
/@JosueRamirez-ey3ih,/@mariasamo8637,1
/@JosueRamirez-ey3ih,/@victorarturoruanobautista7588,1
/@JosueRamirez-ey3ih,/@mdelcid01,1
/@JosueRamirez-ey3ih,/@eusebiovasquez4385,1
/@JosueRamirez-ey3ih,/@fredydomingo7062,1
/@JosueRamirez-ey3ih,/@markoherrera,1
/@JosueRamirez-ey3ih,/@dantesarti4351,1
/@JosueRamirez-ey3ih,/@Jel.Awesh.M,1
/@JosueRamirez-ey3ih,/@jor77cas,1
/@JosueRamirez-ey3ih,/@davidgaher9550,1
/@JosueRamirez-ey3ih,/@yeniferaguirre4498,1
/@JosueRamirez-ey3ih,/@ricardofigueroa5720,1
/@JosueRamirez-ey3ih,/@TeresaLucero-b5o,1
/@carlosgranados9875,/@vic-bonivideos,1
/@carlosgranados9875,/@Murmullodelbarrio,1
/@fredydomingo7062,/@TeresaLucero-b5o,1
/@carlosgranados9875,/@cristianescobedo8296,1
/@alexandrevasquez4135,/@elenaluarca9377,1
/@alvaroesquivel563,/@GilmarMaldonado-q9m,1
/@alvaroesquivel563,/@mariasamo8637,1
/@alvaroesquivel563,/@victorarturoruanobautista7588,1
/@alvaroesquivel563,/@mdelcid01,1
/@alvaroesquivel563,/@eusebiovasquez4385,1
/@alvaroesquivel563,/@fredydomingo7062,1
/@alvaroesquivel563,/@markoherrera,1
/@alvaroesquivel563,/@dantesarti4351,1
/@alvaroesquivel563,/@Jel.Awesh.M,1
/@alvaroesquivel563,/@JosueRamirez-ey3ih,1
/@alvaroesquivel563,/@jor77cas,1
/@alvaroesquivel563,/@davidgaher9550,1
/@alvaroesquivel563,/@yeniferaguirre4498,1
/@alvaroesquivel563,/@ricardofigueroa5720,1
/@alvaroesquivel563,/@TeresaLucero-b5o,1
/@carlosgranados9875,/@AlejandroP%C3%A9rez-b6r,1
/@aureliomaldonado4793,/@pablobarrios7931,1
/@aureliomaldonado4793,/@herbertaguilar1387,1
/@aureliomaldonado4793,/@josegil3813,1
/@mdelcid01,/@GilmarMaldonado-q9m,1
/@RolandoCastroP%C3%A9rez-d7y,/@Silviazea,1
/@herbertaguilar1387,/@pablobarrios7931,1
/@herbertaguilar1387,/@josegil3813,1
/@jorgeaguilar-bq3uj,/@Jel.Awesh.M,1
/@jorgeaguilar-bq3uj,/@armindapenados2841,1
/@jorgeaguilar-bq3uj,/@Silviazea,1
/@fredydomingo7062,/@GilmarMaldonado-q9m,1
/@fredydomingo7062,/@mariasamo8637,1
/@fredydomingo7062,/@victorarturoruanobautista7588,1
/@fredydomingo7062,/@eusebiovasquez4385,1
/@fredydomingo7062,/@markoherrera,1
/@fredydomingo7062,/@dantesarti4351,1
/@fredydomingo7062,/@Jel.Awesh.M,1
/@fredydomingo7062,/@jor77cas,1
/@fredydomingo7062,/@davidgaher9550,1
/@fredydomingo7062,/@yeniferaguirre4498,1
/@fredydomingo7062,/@ricardofigueroa5720,1
/@RolandoCastroP%C3%A9rez-d7y,/@armindapenados2841,1
/@RolandoCastroP%C3%A9rez-d7y,/@jorgeaguilar-bq3uj,1
/@RolandoCastroP%C3%A9rez-d7y,/@Jel.Awesh.M,1
/@mdelcid01,/@jor77cas,1
/@mdelcid01,/@mariasamo8637,1
/@mdelcid01,/@victorarturoruanobautista7588,1
/@mdelcid01,/@eusebiovasquez4385,1
/@mdelcid01,/@fredydomingo7062,1
/@mdelcid01,/@markoherrera,1
/@mdelcid01,/@dantesarti4351,1
/@mdelcid01,/@Jel.Awesh.M,1
/@mdelcid01,/@davidgaher9550,1
/@AlejandroP%C3%A9rez-b6r,/@vic-bonivideos,1
/@mdelcid01,/@yeniferaguirre4498,1
/@mdelcid01,/@ricardofigueroa5720,1
/@mdelcid01,/@TeresaLucero-b5o,1
/@Paul-gf7ec,/@WilR-s8r,1
/@AlejandroP%C3%A9rez-b6r,/@cristianescobedo8296,1
/@AlejandroP%C3%A9rez-b6r,/@Murmullodelbarrio,1
/@AlejandroP%C3%A9rez-b6r,/@josegil3813,1
/@SergioGarcia-z9c,/@TeresaLucero-b5o,1
/@SergioGarcia-z9c,/@domingopeneleu6457,1
/@mynorrodas8591,/@josecarrera9623,1
/@monkchapin,/@davidgaher9550,1
/@monkchapin,/@moisesvaldez4043,1
/@monkchapin,/@alvaroesquivel563,1
/@monkchapin,/@marcomendez7509,1
/@monkchapin,/@romeolopezherrarte799,1
/@monkchapin,/@ricardofigueroa5720,1
/@monkchapin,/@SergioGarcia-z9c,1
/@monkchapin,/@domingopeneleu6457,1
/@monkchapin,/@mariorodas593,1
/@monkchapin,/@Iv%C3%A1nP%C3%A9rez-j4j,1
/@monkchapin,/@TeresaLucero-b5o,1
/@sarahernandez3873,/@taniagabrielacelis8434,1
/@EcPerez-zz9oh,/@Lyrics_GT,1
/@EcPerez-zz9oh,/@Jel.Awesh.M,1
/@EcPerez-zz9oh,/@AndresLemus-k2d,1
/@EcPerez-zz9oh,/@inge_vergueta,1
/@EcPerez-zz9oh,/@jorgeaguilar-bq3uj,1
/@EcPerez-zz9oh,/@quijotachapina1,1
/@monkchapin,/@yeniferaguirre4498,1
/@monkchapin,/@jor77cas,1
/@EcPerez-zz9oh,/@RolandoCastroP%C3%A9rez-d7y,1
/@monkchapin,/@JosueRamirez-ey3ih,1
/@11223344An,/@angelmartinez9523,1
/@11223344An,/@hashojea7348,1
/@monkchapin,/@GilmarMaldonado-q9m,1
/@monkchapin,/@mariasamo8637,1
/@monkchapin,/@josecarrera9623,1
/@monkchapin,/@victorarturoruanobautista7588,1
/@monkchapin,/@VidalVillatoro-p4w,1
/@monkchapin,/@hectorcarranza3777,1
/@monkchapin,/@mdelcid01,1
/@monkchapin,/@eusebiovasquez4385,1
/@monkchapin,/@fredydomingo7062,1
/@monkchapin,/@inge_vergueta,1
/@monkchapin,/@CARLOSSTREMS51,1
/@monkchapin,/@markoherrera,1
/@monkchapin,/@nestorlorenzana1168,1
/@monkchapin,/@dantesarti4351,1
/@monkchapin,/@Jel.Awesh.M,1
/@EcPerez-zz9oh,/@sergiohinestroza9709,1
/@EcPerez-zz9oh,/@armindapenados2841,1
/@ARGELIATELON,/@TeresaLucero-b5o,1
/@hectorcarranza3777,/@moisesvaldez4043,1
/@hectorcarranza3777,/@marcomendez7509,1
/@hectorcarranza3777,/@romeolopezherrarte799,1
/@hectorcarranza3777,/@ricardofigueroa5720,1
/@hectorcarranza3777,/@SergioGarcia-z9c,1
/@hectorcarranza3777,/@domingopeneleu6457,1
/@hectorcarranza3777,/@mariorodas593,1
/@hectorcarranza3777,/@Iv%C3%A1nP%C3%A9rez-j4j,1
/@hectorcarranza3777,/@TeresaLucero-b5o,1
/@AndresLemus-k2d,/@Lyrics_GT,1
/@AndresLemus-k2d,/@Jel.Awesh.M,1
/@AndresLemus-k2d,/@inge_vergueta,1
/@AndresLemus-k2d,/@jorgeaguilar-bq3uj,1
/@AndresLemus-k2d,/@quijotachapina1,1
/@AndresLemus-k2d,/@sergiohinestroza9709,1
/@AndresLemus-k2d,/@RolandoCastroP%C3%A9rez-d7y,1
/@AndresLemus-k2d,/@armindapenados2841,1
/@AndresLemus-k2d,/@Silviazea,1
/@hectorcarranza3777,/@alvaroesquivel563,1
/@hectorcarranza3777,/@yeniferaguirre4498,1
/@EcPerez-zz9oh,/@Silviazea,1
/@hectorcarranza3777,/@davidgaher9550,1
/@EcPerez-zz9oh,/@carloslam5333,1
/@hectorcarranza3777,/@GilmarMaldonado-q9m,1
/@hectorcarranza3777,/@mariasamo8637,1
/@hectorcarranza3777,/@josecarrera9623,1
/@hectorcarranza3777,/@victorarturoruanobautista7588,1
/@hectorcarranza3777,/@VidalVillatoro-p4w,1
/@hectorcarranza3777,/@mdelcid01,1
/@hectorcarranza3777,/@eusebiovasquez4385,1
/@hectorcarranza3777,/@fredydomingo7062,1
/@hectorcarranza3777,/@inge_vergueta,1
/@hectorcarranza3777,/@CARLOSSTREMS51,1
/@hectorcarranza3777,/@markoherrera,1
/@hectorcarranza3777,/@nestorlorenzana1168,1
/@hectorcarranza3777,/@dantesarti4351,1
/@hectorcarranza3777,/@Jel.Awesh.M,1
/@hectorcarranza3777,/@JosueRamirez-ey3ih,1
/@hectorcarranza3777,/@jor77cas,1
/@11223344An,/@marioramirez299,1
/@ARGELIATELON,/@Iv%C3%A1nP%C3%A9rez-j4j,1
/@SergioGarcia-z9c,/@ricardofigueroa5720,1
/@mynorrodas8591,/@alvaroesquivel563,1
/@mynorrodas8591,/@romeolopezherrarte799,1
/@mynorrodas8591,/@ricardofigueroa5720,1
/@mynorrodas8591,/@SergioGarcia-z9c,1
/@mynorrodas8591,/@domingopeneleu6457,1
/@mynorrodas8591,/@mariorodas593,1
/@mynorrodas8591,/@Iv%C3%A1nP%C3%A9rez-j4j,1
/@mynorrodas8591,/@TeresaLucero-b5o,1
/@HectorElias-u2l,/@Lyrics_GT,1
/@HectorElias-u2l,/@Jel.Awesh.M,1
/@HectorElias-u2l,/@AndresLemus-k2d,1
/@HectorElias-u2l,/@inge_vergueta,1
/@HectorElias-u2l,/@jorgeaguilar-bq3uj,1
/@HectorElias-u2l,/@quijotachapina1,1
/@HectorElias-u2l,/@gonzalo6075,1
/@HectorElias-u2l,/@EcPerez-zz9oh,1
/@HectorElias-u2l,/@sergiohinestroza9709,1
/@HectorElias-u2l,/@RolandoCastroP%C3%A9rez-d7y,1
/@mynorrodas8591,/@marcomendez7509,1
/@mynorrodas8591,/@moisesvaldez4043,1
/@HectorElias-u2l,/@Silviazea,1
/@mynorrodas8591,/@yeniferaguirre4498,1
/@mynorrodas8591,/@victorarturoruanobautista7588,1
/@mynorrodas8591,/@VidalVillatoro-p4w,1
/@mynorrodas8591,/@ARGELIATELON,1
/@mynorrodas8591,/@hectorcarranza3777,1
/@mynorrodas8591,/@mdelcid01,1
/@mynorrodas8591,/@eusebiovasquez4385,1
/@mynorrodas8591,/@fredydomingo7062,1
/@mynorrodas8591,/@inge_vergueta,1
/@mynorrodas8591,/@CARLOSSTREMS51,1
/@mynorrodas8591,/@markoherrera,1
/@mynorrodas8591,/@nestorlorenzana1168,1
/@mynorrodas8591,/@dantesarti4351,1
/@mynorrodas8591,/@monkchapin,1
/@mynorrodas8591,/@Jel.Awesh.M,1
/@mynorrodas8591,/@JosueRamirez-ey3ih,1
/@mynorrodas8591,/@jor77cas,1
/@mynorrodas8591,/@davidgaher9550,1
/@HectorElias-u2l,/@armindapenados2841,1
/@HectorElias-u2l,/@carloslam5333,1
/@ARGELIATELON,/@mariorodas593,1
/@ARGELIATELON,/@fredydomingo7062,1
/@ARGELIATELON,/@CARLOSSTREMS51,1
/@ARGELIATELON,/@markoherrera,1
/@ARGELIATELON,/@nestorlorenzana1168,1
/@ARGELIATELON,/@dantesarti4351,1
/@ARGELIATELON,/@monkchapin,1
/@ARGELIATELON,/@Jel.Awesh.M,1
/@ARGELIATELON,/@JosueRamirez-ey3ih,1
/@ARGELIATELON,/@jor77cas,1
/@ARGELIATELON,/@davidgaher9550,1
/@ARGELIATELON,/@yeniferaguirre4498,1
/@ARGELIATELON,/@moisesvaldez4043,1
/@ARGELIATELON,/@alvaroesquivel563,1
/@ARGELIATELON,/@marcomendez7509,1
/@ARGELIATELON,/@romeolopezherrarte799,1
/@ARGELIATELON,/@ricardofigueroa5720,1
/@ARGELIATELON,/@SergioGarcia-z9c,1
/@ARGELIATELON,/@domingopeneleu6457,1
/@ARGELIATELON,/@inge_vergueta,1
/@ARGELIATELON,/@eusebiovasquez4385,1
/@gonzalo6075,/@Lyrics_GT,1
/@ARGELIATELON,/@mdelcid01,1
/@gonzalo6075,/@Jel.Awesh.M,1
/@gonzalo6075,/@AndresLemus-k2d,1
/@gonzalo6075,/@inge_vergueta,1
/@gonzalo6075,/@jorgeaguilar-bq3uj,1
/@gonzalo6075,/@quijotachapina1,1
/@gonzalo6075,/@EcPerez-zz9oh,1
/@gonzalo6075,/@sergiohinestroza9709,1
/@gonzalo6075,/@RolandoCastroP%C3%A9rez-d7y,1
/@gonzalo6075,/@armindapenados2841,1
/@gonzalo6075,/@Silviazea,1
/@gonzalo6075,/@carloslam5333,1
/@ARGELIATELON,/@GilmarMaldonado-q9m,1
/@ARGELIATELON,/@mariasamo8637,1
/@ARGELIATELON,/@josecarrera9623,1
/@ARGELIATELON,/@victorarturoruanobautista7588,1
/@ARGELIATELON,/@VidalVillatoro-p4w,1
/@ARGELIATELON,/@hectorcarranza3777,1
/@AndresLemus-k2d,/@carloslam5333,1
/@ericapaz5406,/@pablobarrios7931,1
/@ericapaz5406,/@herbertaguilar1387,1
/@CARLOSSTREMS51,/@alvaroesquivel563,1
/@CARLOSSTREMS51,/@ricardofigueroa5720,1
/@CARLOSSTREMS51,/@SergioGarcia-z9c,1
/@CARLOSSTREMS51,/@domingopeneleu6457,1
/@CARLOSSTREMS51,/@Iv%C3%A1nP%C3%A9rez-j4j,1
/@CARLOSSTREMS51,/@TeresaLucero-b5o,1
/@VidalVillatoro-p4w,/@GilmarMaldonado-q9m,1
/@VidalVillatoro-p4w,/@mariasamo8637,1
/@VidalVillatoro-p4w,/@josecarrera9623,1
/@VidalVillatoro-p4w,/@victorarturoruanobautista7588,1
/@VidalVillatoro-p4w,/@mdelcid01,1
/@VidalVillatoro-p4w,/@eusebiovasquez4385,1
/@VidalVillatoro-p4w,/@fredydomingo7062,1
/@VidalVillatoro-p4w,/@inge_vergueta,1
/@VidalVillatoro-p4w,/@markoherrera,1
/@VidalVillatoro-p4w,/@nestorlorenzana1168,1
/@VidalVillatoro-p4w,/@dantesarti4351,1
/@VidalVillatoro-p4w,/@Jel.Awesh.M,1
/@CARLOSSTREMS51,/@romeolopezherrarte799,1
/@CARLOSSTREMS51,/@moisesvaldez4043,1
/@VidalVillatoro-p4w,/@jor77cas,1
/@CARLOSSTREMS51,/@yeniferaguirre4498,1
/@robertoescobar5507,/@RolandoGonzalez-o7g,1
/@CARLOSSTREMS51,/@GilmarMaldonado-q9m,1
/@CARLOSSTREMS51,/@mariasamo8637,1
/@CARLOSSTREMS51,/@josecarrera9623,1
/@CARLOSSTREMS51,/@victorarturoruanobautista7588,1
/@CARLOSSTREMS51,/@VidalVillatoro-p4w,1
/@CARLOSSTREMS51,/@mdelcid01,1
/@CARLOSSTREMS51,/@eusebiovasquez4385,1
/@CARLOSSTREMS51,/@fredydomingo7062,1
/@CARLOSSTREMS51,/@inge_vergueta,1
/@CARLOSSTREMS51,/@markoherrera,1
/@CARLOSSTREMS51,/@nestorlorenzana1168,1
/@CARLOSSTREMS51,/@dantesarti4351,1
/@CARLOSSTREMS51,/@Jel.Awesh.M,1
/@CARLOSSTREMS51,/@JosueRamirez-ey3ih,1
/@CARLOSSTREMS51,/@jor77cas,1
/@CARLOSSTREMS51,/@davidgaher9550,1
/@VidalVillatoro-p4w,/@JosueRamirez-ey3ih,1
/@VidalVillatoro-p4w,/@davidgaher9550,1
/@ericapaz5406,/@aureliomaldonado4793,1
/@SergioGarcia-z9c,/@GilmarMaldonado-q9m,1
/@SergioGarcia-z9c,/@josecarrera9623,1
/@SergioGarcia-z9c,/@victorarturoruanobautista7588,1
/@SergioGarcia-z9c,/@mdelcid01,1
/@SergioGarcia-z9c,/@eusebiovasquez4385,1
/@SergioGarcia-z9c,/@fredydomingo7062,1
/@SergioGarcia-z9c,/@inge_vergueta,1
/@SergioGarcia-z9c,/@markoherrera,1
/@SergioGarcia-z9c,/@nestorlorenzana1168,1
/@SergioGarcia-z9c,/@dantesarti4351,1
/@SergioGarcia-z9c,/@Jel.Awesh.M,1
/@SergioGarcia-z9c,/@JosueRamirez-ey3ih,1
/@SergioGarcia-z9c,/@jor77cas,1
/@SergioGarcia-z9c,/@davidgaher9550,1
/@SergioGarcia-z9c,/@yeniferaguirre4498,1
/@SergioGarcia-z9c,/@moisesvaldez4043,1
/@SergioGarcia-z9c,/@alvaroesquivel563,1
/@SergioGarcia-z9c,/@romeolopezherrarte799,1
/@SergioGarcia-z9c,/@mariasamo8637,1
/@carloslam5333,/@Silviazea,1
/@VidalVillatoro-p4w,/@yeniferaguirre4498,1
/@carloslam5333,/@armindapenados2841,1
/@VidalVillatoro-p4w,/@moisesvaldez4043,1
/@VidalVillatoro-p4w,/@alvaroesquivel563,1
/@VidalVillatoro-p4w,/@romeolopezherrarte799,1
/@VidalVillatoro-p4w,/@ricardofigueroa5720,1
/@VidalVillatoro-p4w,/@SergioGarcia-z9c,1
/@VidalVillatoro-p4w,/@domingopeneleu6457,1
/@VidalVillatoro-p4w,/@Iv%C3%A1nP%C3%A9rez-j4j,1
/@VidalVillatoro-p4w,/@TeresaLucero-b5o,1
/@MarioCortez-o6v,/@flornolberto2425,1
/@MarioCortez-o6v,/@WilR-s8r,1
/@MarioCortez-o6v,/@Paul-gf7ec,1
/@carloslam5333,/@Lyrics_GT,1
/@carloslam5333,/@Jel.Awesh.M,1
/@carloslam5333,/@inge_vergueta,1
/@carloslam5333,/@jorgeaguilar-bq3uj,1
/@carloslam5333,/@sergiohinestroza9709,1
/@carloslam5333,/@RolandoCastroP%C3%A9rez-d7y,1
/@robertoescobar5507,/@vic-bonivideos,1
/@robertoescobar5507,/@carlosgranados9875,1
/@robertoescobar5507,/@josegil3813,1
/@marcomendez7509,/@moisesvaldez4043,1
/@marcomendez7509,/@romeolopezherrarte799,1
/@marcomendez7509,/@ricardofigueroa5720,1
/@marcomendez7509,/@SergioGarcia-z9c,1
/@marcomendez7509,/@domingopeneleu6457,1
/@marcomendez7509,/@mariorodas593,1
/@marcomendez7509,/@Iv%C3%A1nP%C3%A9rez-j4j,1
/@marcomendez7509,/@TeresaLucero-b5o,1
/@mariorodas593,/@GilmarMaldonado-q9m,1
/@mariorodas593,/@mariasamo8637,1
/@mariorodas593,/@josecarrera9623,1
/@mariorodas593,/@victorarturoruanobautista7588,1
/@mariorodas593,/@VidalVillatoro-p4w,1
/@mariorodas593,/@mdelcid01,1
/@mariorodas593,/@eusebiovasquez4385,1
/@mariorodas593,/@fredydomingo7062,1
/@mariorodas593,/@inge_vergueta,1
/@mariorodas593,/@CARLOSSTREMS51,1
/@marcomendez7509,/@alvaroesquivel563,1
/@marcomendez7509,/@yeniferaguirre4498,1
/@robertoescobar5507,/@Murmullodelbarrio,1
/@marcomendez7509,/@davidgaher9550,1
/@ericapaz5406,/@josegil3813,1
/@marcomendez7509,/@GilmarMaldonado-q9m,1
/@marcomendez7509,/@mariasamo8637,1
/@marcomendez7509,/@josecarrera9623,1
/@marcomendez7509,/@victorarturoruanobautista7588,1
/@marcomendez7509,/@VidalVillatoro-p4w,1
/@marcomendez7509,/@mdelcid01,1
/@marcomendez7509,/@eusebiovasquez4385,1
/@marcomendez7509,/@fredydomingo7062,1
/@marcomendez7509,/@inge_vergueta,1
/@marcomendez7509,/@CARLOSSTREMS51,1
/@marcomendez7509,/@markoherrera,1
/@marcomendez7509,/@nestorlorenzana1168,1
/@marcomendez7509,/@dantesarti4351,1
/@marcomendez7509,/@Jel.Awesh.M,1
/@marcomendez7509,/@JosueRamirez-ey3ih,1
/@marcomendez7509,/@jor77cas,1
/@mariorodas593,/@markoherrera,1
/@mariorodas593,/@nestorlorenzana1168,1
/@mariorodas593,/@dantesarti4351,1
/@mariorodas593,/@Jel.Awesh.M,1
/@Israel-u5i7i,/@vic-bonivideos,1
/@Israel-u5i7i,/@RolandoGonzalez-o7g,1
/@quijotachapina1,/@Lyrics_GT,1
/@quijotachapina1,/@Jel.Awesh.M,1
/@quijotachapina1,/@inge_vergueta,1
/@quijotachapina1,/@jorgeaguilar-bq3uj,1
/@quijotachapina1,/@sergiohinestroza9709,1
/@quijotachapina1,/@RolandoCastroP%C3%A9rez-d7y,1
/@quijotachapina1,/@armindapenados2841,1
/@quijotachapina1,/@Silviazea,1
/@quijotachapina1,/@carloslam5333,1
/@jesusguzman2321,/@flornolberto2425,1
/@jesusguzman2321,/@MarioCortez-o6v,1
/@jesusguzman2321,/@WilR-s8r,1
/@jesusguzman2321,/@Paul-gf7ec,1
/@robertoescobar5507,/@AlejandroP%C3%A9rez-b6r,1
/@robertoescobar5507,/@cristianescobedo8296,1
/@Israel-u5i7i,/@carlosgranados9875,1
/@Israel-u5i7i,/@josegil3813,1
/@Israel-u5i7i,/@robertoescobar5507,1
/@mariorodas593,/@ricardofigueroa5720,1
/@mariorodas593,/@JosueRamirez-ey3ih,1
/@mariorodas593,/@jor77cas,1
/@mariorodas593,/@davidgaher9550,1
/@mariorodas593,/@yeniferaguirre4498,1
/@mariorodas593,/@moisesvaldez4043,1
/@mariorodas593,/@alvaroesquivel563,1
/@mariorodas593,/@romeolopezherrarte799,1
/@mariorodas593,/@SergioGarcia-z9c,1
/@Israel-u5i7i,/@Murmullodelbarrio,1
/@mariorodas593,/@domingopeneleu6457,1
/@mariorodas593,/@Iv%C3%A1nP%C3%A9rez-j4j,1
/@mariorodas593,/@TeresaLucero-b5o,1
/@cmorera21,/@inge_vergueta,1
/@cmorera21,/@hashojea7348,1
/@Israel-u5i7i,/@AlejandroP%C3%A9rez-b6r,1
/@Israel-u5i7i,/@cristianescobedo8296,1
/@CarlosCortez-v5r,/@aureliomaldonado4793,1
/@CarlosCortez-v5r,/@pablobarrios7931,1
/@thelmamoran8565,/@mynorrodas8591,1
/@cesarandreas7824,/@victorarturoruanobautista7588,1
/@cesarandreas7824,/@ARGELIATELON,1
/@cesarandreas7824,/@anaaguirre8985,1
/@cesarandreas7824,/@hectorcarranza3777,1
/@cesarandreas7824,/@mdelcid01,1
/@cesarandreas7824,/@eusebiovasquez4385,1
/@cesarandreas7824,/@davidisraelesquitsaquil,1
/@cesarandreas7824,/@fredydomingo7062,1
/@cesarandreas7824,/@edgarroldan5539,1
/@cesarandreas7824,/@inge_vergueta,1
/@cesarandreas7824,/@CARLOSSTREMS51,1
/@cesarandreas7824,/@Rogergh-nw4oj,1
/@cesarandreas7824,/@amyherrera7352,1
/@cesarandreas7824,/@markoherrera,1
/@cesarandreas7824,/@SoniaMarroquin-y6e,1
/@cesarandreas7824,/@nestorlorenzana1168,1
/@cesarandreas7824,/@carlosaguilar-kz7ml,1
/@cesarandreas7824,/@dantesarti4351,1
/@cesarandreas7824,/@VidalVillatoro-p4w,1
/@cesarandreas7824,/@josecarrera9623,1
/@cesarandreas7824,/@andyB5280,1
/@cesarandreas7824,/@pablochitay46,1
/@rogeraldana4289,/@HectorElias-u2l,1
/@rogeraldana4289,/@gonzalo6075,1
/@rogeraldana4289,/@EcPerez-zz9oh,1
/@rogeraldana4289,/@sergiohinestroza9709,1
/@rogeraldana4289,/@RolandoCastroP%C3%A9rez-d7y,1
/@rogeraldana4289,/@javiercifuentesarchila6041,1
/@rogeraldana4289,/@armindapenados2841,1
/@rogeraldana4289,/@Silviazea,1
/@rogeraldana4289,/@carloslam5333,1
/@cesarandreas7824,/@JavierBecerra-h6x,1
/@cesarandreas7824,/@belarminavillatoro6474,1
/@cesarandreas7824,/@GilmarMaldonado-q9m,1
/@cesarandreas7824,/@mariasamo8637,1
/@cesarandreas7824,/@josehidalgo4875,1
/@cesarandreas7824,/@JacintaTzoy,1
/@cesarandreas7824,/@mynorrodas8591,1
/@cesarandreas7824,/@OseasSamayoa-ol5rz,1
/@cesarandreas7824,/@monkchapin,1
/@cesarandreas7824,/@Jel.Awesh.M,1
/@rogeraldana4289,/@mariocordon8873,1
/@cesarandreas7824,/@fredygarcia9151,1
/@hectormaaz5523,/@AlejandroP%C3%A9rez-b6r,1
/@hectormaaz5523,/@luisricardo9671,1
/@hectormaaz5523,/@lara11roberto,1
/@hectormaaz5523,/@elsasalguero6914,1
/@hectormaaz5523,/@Israel-u5i7i,1
/@hectormaaz5523,/@cristianescobedo8296,1
/@hectormaaz5523,/@Murmullodelbarrio,1
/@hectormaaz5523,/@robertoescobar5507,1
/@hectormaaz5523,/@josegil3813,1
/@hectormaaz5523,/@AntonioChiyal-x5s,1
/@hectormaaz5523,/@elmilenial4064,1
/@hectormaaz5523,/@maydamorales4395,1
/@hectormaaz5523,/@rosaoliva9389,1
/@hectormaaz5523,/@franciscojuarez9223,1
/@hectormaaz5523,/@carlosgranados9875,1
/@hectormaaz5523,/@pattyfigueroa5609,1
/@hectormaaz5523,/@mariogonzalezorellana8956,1
/@cesarandreas7824,/@TeresaLucero-b5o,1
/@cesarandreas7824,/@Iv%C3%A1nP%C3%A9rez-j4j,1
/@cesarandreas7824,/@byronpontaza,1
/@cesarandreas7824,/@mariorodas593,1
/@cesarandreas7824,/@JosueRamirez-ey3ih,1
/@cesarandreas7824,/@jor77cas,1
/@cesarandreas7824,/@MrDuenderojo,1
/@cesarandreas7824,/@davidgaher9550,1
/@cesarandreas7824,/@belvettzapeta1251,1
/@cesarandreas7824,/@edwinavila4876,1
/@cesarandreas7824,/@yeniferaguirre4498,1
/@cesarandreas7824,/@moisesvaldez4043,1
/@cesarandreas7824,/@alvaroesquivel563,1
/@cesarandreas7824,/@marcomendez7509,1
/@cesarandreas7824,/@beneficioelcaminovillacana8540,1
/@cesarandreas7824,/@RolandoRaguay,1
/@cesarandreas7824,/@OdilioRodr%C3%ADguez-c5w,1
/@cesarandreas7824,/@romeolopezherrarte799,1
/@cesarandreas7824,/@ricardofigueroa5720,1
/@cesarandreas7824,/@SergioGarcia-z9c,1
/@cesarandreas7824,/@domingopeneleu6457,1
/@rogeraldana4289,/@EdgarcalderonCalderong,1
/@rogeraldana4289,/@OmarMartinez-vv8re,1
/@hectormaaz5523,/@franciscoflores3120,1
/@rwdm76,/@Alejandro00710,1
/@rwdm76,/@hashojea7348,1
/@rwdm76,/@2jose82,1
/@DennisseLopetegi,/@ErmeP%C3%A9rez-q4s,1
/@DennisseLopetegi,/@Luis-gn3fj,1
/@DennisseLopetegi,/@pablobarrios7931,1
/@DennisseLopetegi,/@herbertaguilar1387,1
/@DennisseLopetegi,/@CarlosCortez-v5r,1
/@DennisseLopetegi,/@aureliomaldonado4793,1
/@DennisseLopetegi,/@ericapaz5406,1
/@DennisseLopetegi,/@srms70,1
/@DennisseLopetegi,/@josegil3813,1
/@aurahernandez5646,/@DoraSalas-j5o,1
/@aurahernandez5646,/@MariaNavarroYT,1
/@aurahernandez5646,/@flornolberto2425,1
/@aurahernandez5646,/@MarioCortez-o6v,1
/@aurahernandez5646,/@jesusguzman2321,1
/@aurahernandez5646,/@eugeneramirez4405,1
/@rwdm76,/@cmorera21,1
/@rwdm76,/@daniloarevalo3170,1
/@aurahernandez5646,/@WilR-s8r,1
/@rwdm76,/@imrcp5694,1
/@albertoshernandez5251,/@cristianescobedo8296,1
/@albertoshernandez5251,/@Murmullodelbarrio,1
/@albertoshernandez5251,/@robertoescobar5507,1
/@albertoshernandez5251,/@josegil3813,1
/@albertoshernandez5251,/@AntonioChiyal-x5s,1
/@albertoshernandez5251,/@hectormaaz5523,1
/@albertoshernandez5251,/@elmilenial4064,1
/@albertoshernandez5251,/@maydamorales4395,1
/@albertoshernandez5251,/@rosaoliva9389,1
/@albertoshernandez5251,/@franciscojuarez9223,1
/@albertoshernandez5251,/@carlosgranados9875,1
/@albertoshernandez5251,/@pattyfigueroa5609,1
/@albertoshernandez5251,/@mariogonzalezorellana8956,1
/@albertoshernandez5251,/@vic-bonivideos,1
/@albertoshernandez5251,/@franciscoflores3120,1
/@albertoshernandez5251,/@RolandoGonzalez-o7g,1
/@rwdm76,/@inge_vergueta,1
/@aurahernandez5646,/@RosaMontesdeOca777,1
/@aurahernandez5646,/@Paul-gf7ec,1
/@rogeraldana4289,/@quijotachapina1,1
/@dinoraoroxon5771,/@EcPerez-zz9oh,1
/@dinoraoroxon5771,/@RolandoCastroP%C3%A9rez-d7y,1
/@dinoraoroxon5771,/@javiercifuentesarchila6041,1
/@dinoraoroxon5771,/@armindapenados2841,1
/@dinoraoroxon5771,/@Silviazea,1
/@dinoraoroxon5771,/@rogeraldana4289,1
/@dinoraoroxon5771,/@carloslam5333,1
/@rogeraldana4289,/@NataliaRodriguez-rx5mr,1
/@rogeraldana4289,/@Lyrics_GT,1
/@rogeraldana4289,/@Jel.Awesh.M,1
/@rogeraldana4289,/@MarcosCarillo-b1r,1
/@rogeraldana4289,/@marlenareano-h4t,1
/@rogeraldana4289,/@FernandoGarcia-jg1fj,1
/@rogeraldana4289,/@AndresLemus-k2d,1
/@rogeraldana4289,/@inge_vergueta,1
/@rogeraldana4289,/@jorgeaguilar-bq3uj,1
/@rogeraldana4289,/@pedroros6358,1
/@rogeraldana4289,/@josecastillo4390,1
/@dinoraoroxon5771,/@sergiohinestroza9709,1
/@dinoraoroxon5771,/@gonzalo6075,1
/@blogarteplus,/@ZabalaXabier,1
/@dinoraoroxon5771,/@HectorElias-u2l,1
/@blogarteplus,/@jorgegomez2237,1
/@blogarteplus,/@hashojea7348,1
/@dinoraoroxon5771,/@NataliaRodriguez-rx5mr,1
/@dinoraoroxon5771,/@Lyrics_GT,1
/@dinoraoroxon5771,/@Jel.Awesh.M,1
/@dinoraoroxon5771,/@MarcosCarillo-b1r,1
/@dinoraoroxon5771,/@marlenareano-h4t,1
/@dinoraoroxon5771,/@FernandoGarcia-jg1fj,1
/@dinoraoroxon5771,/@AndresLemus-k2d,1
/@dinoraoroxon5771,/@inge_vergueta,1
/@dinoraoroxon5771,/@jorgeaguilar-bq3uj,1
/@dinoraoroxon5771,/@pedroros6358,1
/@dinoraoroxon5771,/@josecastillo4390,1
/@dinoraoroxon5771,/@quijotachapina1,1
/@dinoraoroxon5771,/@OmarMartinez-vv8re,1
/@dinoraoroxon5771,/@mariocordon8873,1
/@dinoraoroxon5771,/@EdgarcalderonCalderong,1
/@hectormaaz5523,/@vic-bonivideos,1
/@hectormaaz5523,/@RolandoGonzalez-o7g,1
/@CarlosCortez-v5r,/@ErmeP%C3%A9rez-q4s,1
/@JacintaTzoy,/@RolandoRaguay,1
/@JacintaTzoy,/@romeolopezherrarte799,1
/@JacintaTzoy,/@ricardofigueroa5720,1
/@JacintaTzoy,/@SergioGarcia-z9c,1
/@JacintaTzoy,/@domingopeneleu6457,1
/@JacintaTzoy,/@mariorodas593,1
/@JacintaTzoy,/@Iv%C3%A1nP%C3%A9rez-j4j,1
/@JacintaTzoy,/@fredygarcia9151,1
/@JacintaTzoy,/@TeresaLucero-b5o,1
/@herminiasaquimux7565,/@DenisRMC,1
/@herminiasaquimux7565,/@Alejandro00710,1
/@herminiasaquimux7565,/@rockyscarlet,1
/@herminiasaquimux7565,/@sparkvalkov,1
/@herminiasaquimux7565,/@marioramirez299,1
/@herminiasaquimux7565,/@jabriz8152,1
/@herminiasaquimux7565,/@miguelbran1268,1
/@herminiasaquimux7565,/@angelmartinez9523,1
/@herminiasaquimux7565,/@hashojea7348,1
/@JacintaTzoy,/@OdilioRodr%C3%ADguez-c5w,1
/@JacintaTzoy,/@beneficioelcaminovillacana8540,1
/@herminiasaquimux7565,/@capitanfrans,1
/@JacintaTzoy,/@marcomendez7509,1
/@JacintaTzoy,/@SoniaMarroquin-y6e,1
/@JacintaTzoy,/@nestorlorenzana1168,1
/@JacintaTzoy,/@carlosaguilar-kz7ml,1
/@JacintaTzoy,/@dantesarti4351,1
/@JacintaTzoy,/@monkchapin,1
/@JacintaTzoy,/@andyB5280,1
/@JacintaTzoy,/@Jel.Awesh.M,1
/@JacintaTzoy,/@byronpontaza,1
/@JacintaTzoy,/@JosueRamirez-ey3ih,1
/@JacintaTzoy,/@jor77cas,1
/@JacintaTzoy,/@MrDuenderojo,1
/@JacintaTzoy,/@davidgaher9550,1
/@JacintaTzoy,/@belvettzapeta1251,1
/@JacintaTzoy,/@edwinavila4876,1
/@JacintaTzoy,/@yeniferaguirre4498,1
/@JacintaTzoy,/@moisesvaldez4043,1
/@JacintaTzoy,/@alvaroesquivel563,1
/@herminiasaquimux7565,/@11223344An,1
/@MrDuenderojo,/@JavierBecerra-h6x,1
/@JacintaTzoy,/@amyherrera7352,1
/@MrDuenderojo,/@Rogergh-nw4oj,1
/@MrDuenderojo,/@markoherrera,1
/@MrDuenderojo,/@SoniaMarroquin-y6e,1
/@MrDuenderojo,/@nestorlorenzana1168,1
/@MrDuenderojo,/@carlosaguilar-kz7ml,1
/@MrDuenderojo,/@dantesarti4351,1
/@MrDuenderojo,/@monkchapin,1
/@MrDuenderojo,/@andyB5280,1
/@MrDuenderojo,/@Jel.Awesh.M,1
/@MrDuenderojo,/@byronpontaza,1
/@MrDuenderojo,/@JosueRamirez-ey3ih,1
/@MrDuenderojo,/@jor77cas,1
/@MrDuenderojo,/@davidgaher9550,1
/@MrDuenderojo,/@belvettzapeta1251,1
/@MrDuenderojo,/@edwinavila4876,1
/@MrDuenderojo,/@yeniferaguirre4498,1
/@MrDuenderojo,/@moisesvaldez4043,1
/@MrDuenderojo,/@alvaroesquivel563,1
/@MrDuenderojo,/@amyherrera7352,1
/@MrDuenderojo,/@CARLOSSTREMS51,1
/@MrDuenderojo,/@belarminavillatoro6474,1
/@MrDuenderojo,/@inge_vergueta,1
/@MrDuenderojo,/@GilmarMaldonado-q9m,1
/@MrDuenderojo,/@mariasamo8637,1
/@MrDuenderojo,/@josehidalgo4875,1
/@MrDuenderojo,/@mynorrodas8591,1
/@MrDuenderojo,/@OseasSamayoa-ol5rz,1
/@MrDuenderojo,/@pablochitay46,1
/@MrDuenderojo,/@josecarrera9623,1
/@MrDuenderojo,/@victorarturoruanobautista7588,1
/@MrDuenderojo,/@VidalVillatoro-p4w,1
/@MrDuenderojo,/@ARGELIATELON,1
/@MrDuenderojo,/@anaaguirre8985,1
/@MrDuenderojo,/@hectorcarranza3777,1
/@MrDuenderojo,/@mdelcid01,1
/@MrDuenderojo,/@eusebiovasquez4385,1
/@MrDuenderojo,/@davidisraelesquitsaquil,1
/@MrDuenderojo,/@fredydomingo7062,1
/@MrDuenderojo,/@edgarroldan5539,1
/@JacintaTzoy,/@markoherrera,1
/@JacintaTzoy,/@Rogergh-nw4oj,1
/@OmarMartinez-vv8re,/@NataliaRodriguez-rx5mr,1
/@OmarMartinez-vv8re,/@armindapenados2841,1
/@OmarMartinez-vv8re,/@carloslam5333,1
/@AntonioChiyal-x5s,/@AlejandroP%C3%A9rez-b6r,1
/@AntonioChiyal-x5s,/@luisricardo9671,1
/@AntonioChiyal-x5s,/@lara11roberto,1
/@AntonioChiyal-x5s,/@elsasalguero6914,1
/@AntonioChiyal-x5s,/@Israel-u5i7i,1
/@AntonioChiyal-x5s,/@cristianescobedo8296,1
/@AntonioChiyal-x5s,/@Murmullodelbarrio,1
/@AntonioChiyal-x5s,/@robertoescobar5507,1
/@AntonioChiyal-x5s,/@josegil3813,1
/@AntonioChiyal-x5s,/@elmilenial4064,1
/@AntonioChiyal-x5s,/@maydamorales4395,1
/@AntonioChiyal-x5s,/@rosaoliva9389,1
/@AntonioChiyal-x5s,/@franciscojuarez9223,1
/@AntonioChiyal-x5s,/@carlosgranados9875,1
/@AntonioChiyal-x5s,/@pattyfigueroa5609,1
/@AntonioChiyal-x5s,/@mariogonzalezorellana8956,1
/@OmarMartinez-vv8re,/@Silviazea,1
/@OmarMartinez-vv8re,/@javiercifuentesarchila6041,1
/@AntonioChiyal-x5s,/@franciscoflores3120,1
/@OmarMartinez-vv8re,/@RolandoCastroP%C3%A9rez-d7y,1
/@OmarMartinez-vv8re,/@Lyrics_GT,1
/@OmarMartinez-vv8re,/@Jel.Awesh.M,1
/@OmarMartinez-vv8re,/@MarcosCarillo-b1r,1
/@OmarMartinez-vv8re,/@marlenareano-h4t,1
/@OmarMartinez-vv8re,/@FernandoGarcia-jg1fj,1
/@OmarMartinez-vv8re,/@AndresLemus-k2d,1
/@OmarMartinez-vv8re,/@inge_vergueta,1
/@OmarMartinez-vv8re,/@jorgeaguilar-bq3uj,1
/@OmarMartinez-vv8re,/@pedroros6358,1
/@OmarMartinez-vv8re,/@josecastillo4390,1
/@OmarMartinez-vv8re,/@quijotachapina1,1
/@OmarMartinez-vv8re,/@mariocordon8873,1
/@OmarMartinez-vv8re,/@EdgarcalderonCalderong,1
/@OmarMartinez-vv8re,/@HectorElias-u2l,1
/@OmarMartinez-vv8re,/@gonzalo6075,1
/@OmarMartinez-vv8re,/@EcPerez-zz9oh,1
/@OmarMartinez-vv8re,/@sergiohinestroza9709,1
/@AntonioChiyal-x5s,/@vic-bonivideos,1
/@AntonioChiyal-x5s,/@RolandoGonzalez-o7g,1
/@JacintaTzoy,/@CARLOSSTREMS51,1
/@JacintaTzoy,/@belarminavillatoro6474,1
/@JacintaTzoy,/@mariasamo8637,1
/@JacintaTzoy,/@josehidalgo4875,1
/@JacintaTzoy,/@mynorrodas8591,1
/@JacintaTzoy,/@OseasSamayoa-ol5rz,1
/@JacintaTzoy,/@pablochitay46,1
/@JacintaTzoy,/@josecarrera9623,1
/@JacintaTzoy,/@victorarturoruanobautista7588,1
/@JacintaTzoy,/@VidalVillatoro-p4w,1
/@JacintaTzoy,/@ARGELIATELON,1
/@JacintaTzoy,/@anaaguirre8985,1
/@JacintaTzoy,/@hectorcarranza3777,1
/@JacintaTzoy,/@mdelcid01,1
/@JacintaTzoy,/@eusebiovasquez4385,1
/@JacintaTzoy,/@davidisraelesquitsaquil,1
/@JacintaTzoy,/@fredydomingo7062,1
/@JacintaTzoy,/@edgarroldan5539,1
/@JacintaTzoy,/@inge_vergueta,1
/@JacintaTzoy,/@GilmarMaldonado-q9m,1
/@JacintaTzoy,/@JavierBecerra-h6x,1
/@edithsan7688,/@MacoMorales-i2i2d,1
/@JBFlute92,/@capitanfrans,1
/@edithsan7688,/@HonwayLee-z5g,1
/@edithsan7688,/@JessicaHuaz-96,1
/@edithsan7688,/@MariaSantos-c8y3h,1
/@edithsan7688,/@franciscoflores3120,1
/@edithsan7688,/@Historia-wm4os,1
/@edithsan7688,/@RaulPerez-cw2vi,1
/@JBFlute92,/@DenisRMC,1
/@JBFlute92,/@Alejandro00710,1
/@JBFlute92,/@rockyscarlet,1
/@JBFlute92,/@sparkvalkov,1
/@JBFlute92,/@marioramirez299,1
/@JBFlute92,/@jabriz8152,1
/@JBFlute92,/@miguelbran1268,1
/@JBFlute92,/@angelmartinez9523,1
/@JBFlute92,/@hashojea7348,1
/@JBFlute92,/@herminiasaquimux7565,1
/@JBFlute92,/@11223344An,1
/@albertoshernandez5251,/@Israel-u5i7i,1
/@albertoshernandez5251,/@elsasalguero6914,1
/@albertoshernandez5251,/@lara11roberto,1
/@SuperVictor2005,/@domingopeneleu6457,1
/@SuperVictor2005,/@Iv%C3%A1nP%C3%A9rez-j4j,1
/@SuperVictor2005,/@fredygarcia9151,1
/@SuperVictor2005,/@TeresaLucero-b5o,1
/@SuperVictor2005,/@cesarandreas7824,1
/@edwingeovanymarroquinmarro6684,/@JavierBecerra-h6x,1
/@edwingeovanymarroquinmarro6684,/@belarminavillatoro6474,1
/@edwingeovanymarroquinmarro6684,/@GilmarMaldonado-q9m,1
/@edwingeovanymarroquinmarro6684,/@mariasamo8637,1
/@edwingeovanymarroquinmarro6684,/@josehidalgo4875,1
/@edwingeovanymarroquinmarro6684,/@JacintaTzoy,1
/@edwingeovanymarroquinmarro6684,/@gorrarota,1
/@edwingeovanymarroquinmarro6684,/@mynorrodas8591,1
/@edwingeovanymarroquinmarro6684,/@OseasSamayoa-ol5rz,1
/@edwingeovanymarroquinmarro6684,/@pablochitay46,1
/@edwingeovanymarroquinmarro6684,/@josecarrera9623,1
/@edwingeovanymarroquinmarro6684,/@victorarturoruanobautista7588,1
/@edwingeovanymarroquinmarro6684,/@VidalVillatoro-p4w,1
/@SuperVictor2005,/@mariorodas593,1
/@SuperVictor2005,/@SergioGarcia-z9c,1
/@edwingeovanymarroquinmarro6684,/@anaaguirre8985,1
/@SuperVictor2005,/@ricardofigueroa5720,1
/@SuperVictor2005,/@andyB5280,1
/@SuperVictor2005,/@Jel.Awesh.M,1
/@SuperVictor2005,/@byronpontaza,1
/@SuperVictor2005,/@JosueRamirez-ey3ih,1
/@SuperVictor2005,/@jor77cas,1
/@SuperVictor2005,/@MrDuenderojo,1
/@SuperVictor2005,/@davidgaher9550,1
/@SuperVictor2005,/@belvettzapeta1251,1
/@SuperVictor2005,/@edwinavila4876,1
/@SuperVictor2005,/@yeniferaguirre4498,1
/@SuperVictor2005,/@moisesvaldez4043,1
/@SuperVictor2005,/@alvaroesquivel563,1
/@SuperVictor2005,/@marcomendez7509,1
/@SuperVictor2005,/@beneficioelcaminovillacana8540,1
/@SuperVictor2005,/@RolandoRaguay,1
/@SuperVictor2005,/@OdilioRodr%C3%ADguez-c5w,1
/@SuperVictor2005,/@romeolopezherrarte799,1
/@edwingeovanymarroquinmarro6684,/@ARGELIATELON,1
/@edwingeovanymarroquinmarro6684,/@hectorcarranza3777,1
/@SuperVictor2005,/@dantesarti4351,1
/@edwingeovanymarroquinmarro6684,/@jor77cas,1
/@edwingeovanymarroquinmarro6684,/@davidgaher9550,1
/@edwingeovanymarroquinmarro6684,/@belvettzapeta1251,1
/@edwingeovanymarroquinmarro6684,/@edwinavila4876,1
/@edwingeovanymarroquinmarro6684,/@yeniferaguirre4498,1
/@edwingeovanymarroquinmarro6684,/@moisesvaldez4043,1
/@edwingeovanymarroquinmarro6684,/@alvaroesquivel563,1
/@edwingeovanymarroquinmarro6684,/@marcomendez7509,1
/@edwingeovanymarroquinmarro6684,/@beneficioelcaminovillacana8540,1
/@edwingeovanymarroquinmarro6684,/@RolandoRaguay,1
/@edwingeovanymarroquinmarro6684,/@OdilioRodr%C3%ADguez-c5w,1
/@edwingeovanymarroquinmarro6684,/@romeolopezherrarte799,1
/@edwingeovanymarroquinmarro6684,/@ricardofigueroa5720,1
/@edwingeovanymarroquinmarro6684,/@SergioGarcia-z9c,1
/@edwingeovanymarroquinmarro6684,/@domingopeneleu6457,1
/@edwingeovanymarroquinmarro6684,/@mariorodas593,1
/@edwingeovanymarroquinmarro6684,/@Iv%C3%A1nP%C3%A9rez-j4j,1
/@edwingeovanymarroquinmarro6684,/@fredygarcia9151,1
/@edwingeovanymarroquinmarro6684,/@MrDuenderojo,1
/@edwingeovanymarroquinmarro6684,/@JosueRamirez-ey3ih,1
/@edwingeovanymarroquinmarro6684,/@mdelcid01,1
/@edwingeovanymarroquinmarro6684,/@byronpontaza,1
/@edwingeovanymarroquinmarro6684,/@eusebiovasquez4385,1
/@edwingeovanymarroquinmarro6684,/@davidisraelesquitsaquil,1
/@edwingeovanymarroquinmarro6684,/@fredydomingo7062,1
/@edwingeovanymarroquinmarro6684,/@edgarroldan5539,1
/@edwingeovanymarroquinmarro6684,/@inge_vergueta,1
/@edwingeovanymarroquinmarro6684,/@CARLOSSTREMS51,1
/@edwingeovanymarroquinmarro6684,/@Rogergh-nw4oj,1
/@edwingeovanymarroquinmarro6684,/@amyherrera7352,1
/@edwingeovanymarroquinmarro6684,/@markoherrera,1
/@edwingeovanymarroquinmarro6684,/@BenjaminLarios-jd8nk,1
/@edwingeovanymarroquinmarro6684,/@SoniaMarroquin-y6e,1
/@edwingeovanymarroquinmarro6684,/@nestorlorenzana1168,1
/@edwingeovanymarroquinmarro6684,/@carlosaguilar-kz7ml,1
/@edwingeovanymarroquinmarro6684,/@dantesarti4351,1
/@edwingeovanymarroquinmarro6684,/@monkchapin,1
/@edwingeovanymarroquinmarro6684,/@andyB5280,1
/@edwingeovanymarroquinmarro6684,/@Jel.Awesh.M,1
/@SuperVictor2005,/@monkchapin,1
/@SuperVictor2005,/@carlosaguilar-kz7ml,1
/@albertoshernandez5251,/@luisricardo9671,1
/@thelmamoran8565,/@markoherrera,1
/@thelmamoran8565,/@SoniaMarroquin-y6e,1
/@thelmamoran8565,/@nestorlorenzana1168,1
/@thelmamoran8565,/@carlosaguilar-kz7ml,1
/@thelmamoran8565,/@dantesarti4351,1
/@thelmamoran8565,/@monkchapin,1
/@thelmamoran8565,/@andyB5280,1
/@thelmamoran8565,/@Jel.Awesh.M,1
/@thelmamoran8565,/@byronpontaza,1
/@thelmamoran8565,/@JosueRamirez-ey3ih,1
/@thelmamoran8565,/@jor77cas,1
/@thelmamoran8565,/@MrDuenderojo,1
/@thelmamoran8565,/@davidgaher9550,1
/@thelmamoran8565,/@belvettzapeta1251,1
/@thelmamoran8565,/@edwinavila4876,1
/@thelmamoran8565,/@yeniferaguirre4498,1
/@thelmamoran8565,/@moisesvaldez4043,1
/@thelmamoran8565,/@alvaroesquivel563,1
/@thelmamoran8565,/@BenjaminLarios-jd8nk,1
/@thelmamoran8565,/@edwingeovanymarroquinmarro6684,1
/@thelmamoran8565,/@beneficioelcaminovillacana8540,1
/@thelmamoran8565,/@amyherrera7352,1
/@thelmamoran8565,/@OseasSamayoa-ol5rz,1
/@thelmamoran8565,/@pablochitay46,1
/@thelmamoran8565,/@josecarrera9623,1
/@thelmamoran8565,/@victorarturoruanobautista7588,1
/@thelmamoran8565,/@VidalVillatoro-p4w,1
/@thelmamoran8565,/@ARGELIATELON,1
/@thelmamoran8565,/@anaaguirre8985,1
/@thelmamoran8565,/@hectorcarranza3777,1
/@thelmamoran8565,/@mdelcid01,1
/@thelmamoran8565,/@eusebiovasquez4385,1
/@thelmamoran8565,/@davidisraelesquitsaquil,1
/@thelmamoran8565,/@fredydomingo7062,1
/@thelmamoran8565,/@edgarroldan5539,1
/@thelmamoran8565,/@inge_vergueta,1
/@thelmamoran8565,/@CARLOSSTREMS51,1
/@thelmamoran8565,/@SuperVictor2005,1
/@thelmamoran8565,/@Rogergh-nw4oj,1
/@thelmamoran8565,/@marcomendez7509,1
/@thelmamoran8565,/@RolandoRaguay,1
/@SuperVictor2005,/@nestorlorenzana1168,1
/@SuperVictor2005,/@josecarrera9623,1
/@SuperVictor2005,/@VidalVillatoro-p4w,1
/@SuperVictor2005,/@ARGELIATELON,1
/@SuperVictor2005,/@anaaguirre8985,1
/@SuperVictor2005,/@hectorcarranza3777,1
/@SuperVictor2005,/@mdelcid01,1
/@SuperVictor2005,/@eusebiovasquez4385,1
/@SuperVictor2005,/@davidisraelesquitsaquil,1
/@SuperVictor2005,/@fredydomingo7062,1
/@SuperVictor2005,/@edgarroldan5539,1
/@SuperVictor2005,/@inge_vergueta,1
/@SuperVictor2005,/@CARLOSSTREMS51,1
/@SuperVictor2005,/@Rogergh-nw4oj,1
/@SuperVictor2005,/@amyherrera7352,1
/@SuperVictor2005,/@edwingeovanymarroquinmarro6684,1
/@SuperVictor2005,/@markoherrera,1
/@SuperVictor2005,/@BenjaminLarios-jd8nk,1
/@SuperVictor2005,/@SoniaMarroquin-y6e,1
/@SuperVictor2005,/@victorarturoruanobautista7588,1
/@SuperVictor2005,/@pablochitay46,1
/@thelmamoran8565,/@OdilioRodr%C3%ADguez-c5w,1
/@SuperVictor2005,/@OseasSamayoa-ol5rz,1
/@thelmamoran8565,/@romeolopezherrarte799,1
/@thelmamoran8565,/@ricardofigueroa5720,1
/@thelmamoran8565,/@SergioGarcia-z9c,1
/@thelmamoran8565,/@domingopeneleu6457,1
/@thelmamoran8565,/@mariorodas593,1
/@thelmamoran8565,/@Iv%C3%A1nP%C3%A9rez-j4j,1
/@thelmamoran8565,/@fredygarcia9151,1
/@thelmamoran8565,/@TeresaLucero-b5o,1
/@thelmamoran8565,/@cesarandreas7824,1
/@SuperVictor2005,/@JavierBecerra-h6x,1
/@SuperVictor2005,/@belarminavillatoro6474,1
/@SuperVictor2005,/@GilmarMaldonado-q9m,1
/@SuperVictor2005,/@mariasamo8637,1
/@SuperVictor2005,/@josehidalgo4875,1
/@SuperVictor2005,/@JacintaTzoy,1
/@SuperVictor2005,/@gorrarota,1
/@SuperVictor2005,/@mynorrodas8591,1
/@edwingeovanymarroquinmarro6684,/@TeresaLucero-b5o,1
/@edwingeovanymarroquinmarro6684,/@cesarandreas7824,1
/@gorrarota,/@JavierBecerra-h6x,1
/@BenjaminLarios-jd8nk,/@CARLOSSTREMS51,1
/@BenjaminLarios-jd8nk,/@amyherrera7352,1
/@BenjaminLarios-jd8nk,/@markoherrera,1
/@BenjaminLarios-jd8nk,/@SoniaMarroquin-y6e,1
/@BenjaminLarios-jd8nk,/@nestorlorenzana1168,1
/@BenjaminLarios-jd8nk,/@carlosaguilar-kz7ml,1
/@BenjaminLarios-jd8nk,/@dantesarti4351,1
/@BenjaminLarios-jd8nk,/@monkchapin,1
/@BenjaminLarios-jd8nk,/@andyB5280,1
/@BenjaminLarios-jd8nk,/@Jel.Awesh.M,1
/@BenjaminLarios-jd8nk,/@byronpontaza,1
/@BenjaminLarios-jd8nk,/@JosueRamirez-ey3ih,1
/@BenjaminLarios-jd8nk,/@jor77cas,1
/@BenjaminLarios-jd8nk,/@MrDuenderojo,1
/@BenjaminLarios-jd8nk,/@davidgaher9550,1
/@BenjaminLarios-jd8nk,/@belvettzapeta1251,1
/@BenjaminLarios-jd8nk,/@edwinavila4876,1
/@BenjaminLarios-jd8nk,/@yeniferaguirre4498,1
/@BenjaminLarios-jd8nk,/@Rogergh-nw4oj,1
/@BenjaminLarios-jd8nk,/@inge_vergueta,1
/@BenjaminLarios-jd8nk,/@alvaroesquivel563,1
/@BenjaminLarios-jd8nk,/@edgarroldan5539,1
/@BenjaminLarios-jd8nk,/@GilmarMaldonado-q9m,1
/@BenjaminLarios-jd8nk,/@mariasamo8637,1
/@BenjaminLarios-jd8nk,/@josehidalgo4875,1
/@BenjaminLarios-jd8nk,/@JacintaTzoy,1
/@BenjaminLarios-jd8nk,/@mynorrodas8591,1
/@BenjaminLarios-jd8nk,/@OseasSamayoa-ol5rz,1
/@BenjaminLarios-jd8nk,/@pablochitay46,1
/@BenjaminLarios-jd8nk,/@josecarrera9623,1
/@BenjaminLarios-jd8nk,/@victorarturoruanobautista7588,1
/@BenjaminLarios-jd8nk,/@VidalVillatoro-p4w,1
/@BenjaminLarios-jd8nk,/@ARGELIATELON,1
/@BenjaminLarios-jd8nk,/@anaaguirre8985,1
/@BenjaminLarios-jd8nk,/@hectorcarranza3777,1
/@BenjaminLarios-jd8nk,/@mdelcid01,1
/@BenjaminLarios-jd8nk,/@eusebiovasquez4385,1
/@BenjaminLarios-jd8nk,/@davidisraelesquitsaquil,1
/@BenjaminLarios-jd8nk,/@fredydomingo7062,1
/@BenjaminLarios-jd8nk,/@moisesvaldez4043,1
/@BenjaminLarios-jd8nk,/@marcomendez7509,1
/@gorrarota,/@belarminavillatoro6474,1
/@genarodelgado3929,/@inge_vergueta,1
/@genarodelgado3929,/@pedroros6358,1
/@genarodelgado3929,/@josecastillo4390,1
/@genarodelgado3929,/@quijotachapina1,1
/@genarodelgado3929,/@OmarMartinez-vv8re,1
/@genarodelgado3929,/@mariocordon8873,1
/@genarodelgado3929,/@EdgarcalderonCalderong,1
/@genarodelgado3929,/@HectorElias-u2l,1
/@genarodelgado3929,/@gonzalo6075,1
/@genarodelgado3929,/@EcPerez-zz9oh,1
/@genarodelgado3929,/@sergiohinestroza9709,1
/@genarodelgado3929,/@RolandoCastroP%C3%A9rez-d7y,1
/@genarodelgado3929,/@javiercifuentesarchila6041,1
/@genarodelgado3929,/@armindapenados2841,1
/@genarodelgado3929,/@Silviazea,1
/@genarodelgado3929,/@rogeraldana4289,1
/@genarodelgado3929,/@carloslam5333,1
/@albertoshernandez5251,/@AlejandroP%C3%A9rez-b6r,1
/@genarodelgado3929,/@jorgeaguilar-bq3uj,1
/@genarodelgado3929,/@AndresLemus-k2d,1
/@BenjaminLarios-jd8nk,/@beneficioelcaminovillacana8540,1
/@genarodelgado3929,/@FernandoGarcia-jg1fj,1
/@BenjaminLarios-jd8nk,/@RolandoRaguay,1
/@BenjaminLarios-jd8nk,/@OdilioRodr%C3%ADguez-c5w,1
/@BenjaminLarios-jd8nk,/@romeolopezherrarte799,1
/@BenjaminLarios-jd8nk,/@ricardofigueroa5720,1
/@BenjaminLarios-jd8nk,/@SergioGarcia-z9c,1
/@BenjaminLarios-jd8nk,/@domingopeneleu6457,1
/@BenjaminLarios-jd8nk,/@mariorodas593,1
/@BenjaminLarios-jd8nk,/@Iv%C3%A1nP%C3%A9rez-j4j,1
/@BenjaminLarios-jd8nk,/@fredygarcia9151,1
/@BenjaminLarios-jd8nk,/@TeresaLucero-b5o,1
/@BenjaminLarios-jd8nk,/@cesarandreas7824,1
/@genarodelgado3929,/@NataliaRodriguez-rx5mr,1
/@genarodelgado3929,/@Lyrics_GT,1
/@genarodelgado3929,/@Jel.Awesh.M,1
/@genarodelgado3929,/@MarcosCarillo-b1r,1
/@genarodelgado3929,/@dinoraoroxon5771,1
/@genarodelgado3929,/@marlenareano-h4t,1
/@BenjaminLarios-jd8nk,/@belarminavillatoro6474,1
/@BenjaminLarios-jd8nk,/@JavierBecerra-h6x,1
/@AnaDiaz-re9sq,/@carloslam5333,1
/@gorrarota,/@CARLOSSTREMS51,1
/@gorrarota,/@amyherrera7352,1
/@gorrarota,/@markoherrera,1
/@gorrarota,/@BenjaminLarios-jd8nk,1
/@gorrarota,/@SoniaMarroquin-y6e,1
/@gorrarota,/@nestorlorenzana1168,1
/@gorrarota,/@carlosaguilar-kz7ml,1
/@gorrarota,/@dantesarti4351,1
/@gorrarota,/@monkchapin,1
/@gorrarota,/@andyB5280,1
/@gorrarota,/@Jel.Awesh.M,1
/@gorrarota,/@byronpontaza,1
/@gorrarota,/@JosueRamirez-ey3ih,1
/@gorrarota,/@jor77cas,1
/@gorrarota,/@MrDuenderojo,1
/@gorrarota,/@davidgaher9550,1
/@gorrarota,/@belvettzapeta1251,1
/@gorrarota,/@edwinavila4876,1
/@gorrarota,/@Rogergh-nw4oj,1
/@gorrarota,/@inge_vergueta,1
/@AnaDiaz-re9sq,/@rogeraldana4289,1
/@gorrarota,/@edgarroldan5539,1
/@gorrarota,/@GilmarMaldonado-q9m,1
/@gorrarota,/@mariasamo8637,1
/@gorrarota,/@josehidalgo4875,1
/@gorrarota,/@JacintaTzoy,1
/@gorrarota,/@mynorrodas8591,1
/@gorrarota,/@OseasSamayoa-ol5rz,1
/@gorrarota,/@pablochitay46,1
/@gorrarota,/@josecarrera9623,1
/@gorrarota,/@victorarturoruanobautista7588,1
/@gorrarota,/@VidalVillatoro-p4w,1
/@gorrarota,/@ARGELIATELON,1
/@gorrarota,/@anaaguirre8985,1
/@gorrarota,/@hectorcarranza3777,1
/@gorrarota,/@mdelcid01,1
/@gorrarota,/@eusebiovasquez4385,1
/@gorrarota,/@davidisraelesquitsaquil,1
/@gorrarota,/@fredydomingo7062,1
/@gorrarota,/@yeniferaguirre4498,1
/@gorrarota,/@moisesvaldez4043,1
/@gorrarota,/@alvaroesquivel563,1
/@gorrarota,/@marcomendez7509,1
/@AnaDiaz-re9sq,/@AndresLemus-k2d,1
/@AnaDiaz-re9sq,/@inge_vergueta,1
/@AnaDiaz-re9sq,/@jorgeaguilar-bq3uj,1
/@AnaDiaz-re9sq,/@pedroros6358,1
/@AnaDiaz-re9sq,/@josecastillo4390,1
/@AnaDiaz-re9sq,/@quijotachapina1,1
/@AnaDiaz-re9sq,/@OmarMartinez-vv8re,1
/@AnaDiaz-re9sq,/@mariocordon8873,1
/@AnaDiaz-re9sq,/@EdgarcalderonCalderong,1
/@AnaDiaz-re9sq,/@HectorElias-u2l,1
/@AnaDiaz-re9sq,/@gonzalo6075,1
/@AnaDiaz-re9sq,/@EcPerez-zz9oh,1
/@AnaDiaz-re9sq,/@sergiohinestroza9709,1
/@AnaDiaz-re9sq,/@RolandoCastroP%C3%A9rez-d7y,1
/@AnaDiaz-re9sq,/@javiercifuentesarchila6041,1
/@AnaDiaz-re9sq,/@armindapenados2841,1
/@AnaDiaz-re9sq,/@Silviazea,1
/@AnaDiaz-re9sq,/@FernandoGarcia-jg1fj,1
/@AnaDiaz-re9sq,/@marlenareano-h4t,1
/@AnaDiaz-re9sq,/@dinoraoroxon5771,1
/@gorrarota,/@mariorodas593,1
/@gorrarota,/@beneficioelcaminovillacana8540,1
/@gorrarota,/@RolandoRaguay,1
/@gorrarota,/@OdilioRodr%C3%ADguez-c5w,1
/@gorrarota,/@romeolopezherrarte799,1
/@gorrarota,/@ricardofigueroa5720,1
/@gorrarota,/@SergioGarcia-z9c,1
/@gorrarota,/@domingopeneleu6457,1
/@gorrarota,/@Iv%C3%A1nP%C3%A9rez-j4j,1
/@AnaDiaz-re9sq,/@MarcosCarillo-b1r,1
/@gorrarota,/@fredygarcia9151,1
/@gorrarota,/@TeresaLucero-b5o,1
/@gorrarota,/@cesarandreas7824,1
/@AnaDiaz-re9sq,/@NataliaRodriguez-rx5mr,1
/@AnaDiaz-re9sq,/@Lyrics_GT,1
/@AnaDiaz-re9sq,/@genarodelgado3929,1
/@AnaDiaz-re9sq,/@Jel.Awesh.M,1
/@MrDuenderojo,/@marcomendez7509,1
/@MrDuenderojo,/@beneficioelcaminovillacana8540,1
/@MrDuenderojo,/@RolandoRaguay,1
/@elsasalguero6914,/@maydamorales4395,1
/@elsasalguero6914,/@franciscojuarez9223,1
/@elsasalguero6914,/@carlosgranados9875,1
/@elsasalguero6914,/@pattyfigueroa5609,1
/@elsasalguero6914,/@mariogonzalezorellana8956,1
/@elsasalguero6914,/@vic-bonivideos,1
/@elsasalguero6914,/@franciscoflores3120,1
/@elsasalguero6914,/@RolandoGonzalez-o7g,1
/@josecastillo4390,/@NataliaRodriguez-rx5mr,1
/@josecastillo4390,/@Lyrics_GT,1
/@josecastillo4390,/@Jel.Awesh.M,1
/@josecastillo4390,/@MarcosCarillo-b1r,1
/@josecastillo4390,/@marlenareano-h4t,1
/@josecastillo4390,/@FernandoGarcia-jg1fj,1
/@josecastillo4390,/@AndresLemus-k2d,1
/@josecastillo4390,/@inge_vergueta,1
/@josecastillo4390,/@jorgeaguilar-bq3uj,1
/@josecastillo4390,/@pedroros6358,1
/@elsasalguero6914,/@rosaoliva9389,1
/@elsasalguero6914,/@elmilenial4064,1
/@josecastillo4390,/@EdgarcalderonCalderong,1
/@elsasalguero6914,/@josegil3813,1
/@javiercifuentesarchila6041,/@carloslam5333,1
/@ChRiStOpHeR7969,/@alexandrevasquez4135,1
/@ChRiStOpHeR7969,/@carlosoliva9249,1
/@ChRiStOpHeR7969,/@rolandojuchuna484,1
/@ChRiStOpHeR7969,/@perritojuega1,1
/@ChRiStOpHeR7969,/@mynorgudiel8646,1
/@ChRiStOpHeR7969,/@alexarcos8349,1
/@ChRiStOpHeR7969,/@zetag,1
/@ChRiStOpHeR7969,/@kingr4706,1
/@ChRiStOpHeR7969,/@elenaluarca9377,1
/@ChRiStOpHeR7969,/@bryansicasales4280,1
/@elsasalguero6914,/@AlejandroP%C3%A9rez-b6r,1
/@elsasalguero6914,/@lara11roberto,1
/@elsasalguero6914,/@Israel-u5i7i,1
/@elsasalguero6914,/@cristianescobedo8296,1
/@elsasalguero6914,/@Murmullodelbarrio,1
/@elsasalguero6914,/@robertoescobar5507,1
/@josecastillo4390,/@quijotachapina1,1
/@josecastillo4390,/@HectorElias-u2l,1
/@javiercifuentesarchila6041,/@armindapenados2841,1
/@elmilenial4064,/@vic-bonivideos,1
/@elmilenial4064,/@RolandoGonzalez-o7g,1
/@alexarcos8349,/@alexandrevasquez4135,1
/@alexarcos8349,/@carlosoliva9249,1
/@alexarcos8349,/@rolandojuchuna484,1
/@alexarcos8349,/@perritojuega1,1
/@alexarcos8349,/@mynorgudiel8646,1
/@alexarcos8349,/@zetag,1
/@alexarcos8349,/@kingr4706,1
/@alexarcos8349,/@elenaluarca9377,1
/@alexarcos8349,/@bryansicasales4280,1
/@DoraSalas-j5o,/@flornolberto2425,1
/@DoraSalas-j5o,/@MarioCortez-o6v,1
/@DoraSalas-j5o,/@jesusguzman2321,1
/@DoraSalas-j5o,/@eugeneramirez4405,1
/@DoraSalas-j5o,/@RosaMontesdeOca777,1
/@DoraSalas-j5o,/@WilR-s8r,1
/@DoraSalas-j5o,/@Paul-gf7ec,1
/@elmilenial4064,/@franciscoflores3120,1
/@elmilenial4064,/@mariogonzalezorellana8956,1
/@josecastillo4390,/@gonzalo6075,1
/@elmilenial4064,/@pattyfigueroa5609,1
/@josecastillo4390,/@EcPerez-zz9oh,1
/@josecastillo4390,/@sergiohinestroza9709,1
/@josecastillo4390,/@RolandoCastroP%C3%A9rez-d7y,1
/@josecastillo4390,/@armindapenados2841,1
/@josecastillo4390,/@Silviazea,1
/@josecastillo4390,/@carloslam5333,1
/@elmilenial4064,/@AlejandroP%C3%A9rez-b6r,1
/@elmilenial4064,/@lara11roberto,1
/@elmilenial4064,/@Israel-u5i7i,1
/@elmilenial4064,/@cristianescobedo8296,1
/@elmilenial4064,/@Murmullodelbarrio,1
/@elmilenial4064,/@robertoescobar5507,1
/@elmilenial4064,/@josegil3813,1
/@elmilenial4064,/@maydamorales4395,1
/@elmilenial4064,/@rosaoliva9389,1
/@elmilenial4064,/@franciscojuarez9223,1
/@elmilenial4064,/@carlosgranados9875,1
/@javiercifuentesarchila6041,/@Silviazea,1
/@javiercifuentesarchila6041,/@RolandoCastroP%C3%A9rez-d7y,1
/@SoniaMarroquin-y6e,/@byronpontaza,1
/@daniloarevalo3170,/@Alejandro00710,1
/@daniloarevalo3170,/@hashojea7348,1
/@daniloarevalo3170,/@2jose82,1
/@mariocordon8873,/@NataliaRodriguez-rx5mr,1
/@mariocordon8873,/@Lyrics_GT,1
/@mariocordon8873,/@Jel.Awesh.M,1
/@mariocordon8873,/@MarcosCarillo-b1r,1
/@mariocordon8873,/@marlenareano-h4t,1
/@mariocordon8873,/@FernandoGarcia-jg1fj,1
/@mariocordon8873,/@AndresLemus-k2d,1
/@mariocordon8873,/@inge_vergueta,1
/@mariocordon8873,/@jorgeaguilar-bq3uj,1
/@mariocordon8873,/@pedroros6358,1
/@mariocordon8873,/@josecastillo4390,1
/@mariocordon8873,/@quijotachapina1,1
/@mariocordon8873,/@EdgarcalderonCalderong,1
/@mariocordon8873,/@HectorElias-u2l,1
/@mariocordon8873,/@gonzalo6075,1
/@daniloarevalo3170,/@cmorera21,1
/@daniloarevalo3170,/@imrcp5694,1
/@mariocordon8873,/@sergiohinestroza9709,1
/@daniloarevalo3170,/@inge_vergueta,1
/@SoniaMarroquin-y6e,/@jor77cas,1
/@SoniaMarroquin-y6e,/@davidgaher9550,1
/@SoniaMarroquin-y6e,/@edwinavila4876,1
/@SoniaMarroquin-y6e,/@yeniferaguirre4498,1
/@SoniaMarroquin-y6e,/@moisesvaldez4043,1
/@SoniaMarroquin-y6e,/@alvaroesquivel563,1
/@SoniaMarroquin-y6e,/@marcomendez7509,1
/@SoniaMarroquin-y6e,/@RolandoRaguay,1
/@SoniaMarroquin-y6e,/@OdilioRodr%C3%ADguez-c5w,1
/@SoniaMarroquin-y6e,/@romeolopezherrarte799,1
/@SoniaMarroquin-y6e,/@ricardofigueroa5720,1
/@SoniaMarroquin-y6e,/@SergioGarcia-z9c,1
/@SoniaMarroquin-y6e,/@domingopeneleu6457,1
/@SoniaMarroquin-y6e,/@mariorodas593,1
/@SoniaMarroquin-y6e,/@Iv%C3%A1nP%C3%A9rez-j4j,1
/@SoniaMarroquin-y6e,/@fredygarcia9151,1
/@SoniaMarroquin-y6e,/@TeresaLucero-b5o,1
/@mariocordon8873,/@EcPerez-zz9oh,1
/@mariocordon8873,/@RolandoCastroP%C3%A9rez-d7y,1
/@javiercifuentesarchila6041,/@sergiohinestroza9709,1
/@imrcp5694,/@cmorera21,1
/@imrcp5694,/@2jose82,1
/@javiercifuentesarchila6041,/@NataliaRodriguez-rx5mr,1
/@javiercifuentesarchila6041,/@Lyrics_GT,1
/@javiercifuentesarchila6041,/@Jel.Awesh.M,1
/@javiercifuentesarchila6041,/@MarcosCarillo-b1r,1
/@javiercifuentesarchila6041,/@marlenareano-h4t,1
/@javiercifuentesarchila6041,/@FernandoGarcia-jg1fj,1
/@javiercifuentesarchila6041,/@AndresLemus-k2d,1
/@javiercifuentesarchila6041,/@inge_vergueta,1
/@javiercifuentesarchila6041,/@jorgeaguilar-bq3uj,1
/@javiercifuentesarchila6041,/@pedroros6358,1
/@javiercifuentesarchila6041,/@josecastillo4390,1
/@javiercifuentesarchila6041,/@quijotachapina1,1
/@javiercifuentesarchila6041,/@EdgarcalderonCalderong,1
/@javiercifuentesarchila6041,/@HectorElias-u2l,1
/@javiercifuentesarchila6041,/@gonzalo6075,1
/@javiercifuentesarchila6041,/@EcPerez-zz9oh,1
/@imrcp5694,/@hashojea7348,1
/@imrcp5694,/@Alejandro00710,1
/@mariocordon8873,/@javiercifuentesarchila6041,1
/@imrcp5694,/@inge_vergueta,1
/@mariocordon8873,/@armindapenados2841,1
/@mariocordon8873,/@Silviazea,1
/@mariocordon8873,/@carloslam5333,1
/@MariaNavarroYT,/@DoraSalas-j5o,1
/@MariaNavarroYT,/@flornolberto2425,1
/@MariaNavarroYT,/@MarioCortez-o6v,1
/@MariaNavarroYT,/@jesusguzman2321,1
/@MariaNavarroYT,/@eugeneramirez4405,1
/@MariaNavarroYT,/@RosaMontesdeOca777,1
/@MariaNavarroYT,/@WilR-s8r,1
/@MariaNavarroYT,/@Paul-gf7ec,1
/@Historia-wm4os,/@MacoMorales-i2i2d,1
/@Historia-wm4os,/@HonwayLee-z5g,1
/@Historia-wm4os,/@JessicaHuaz-96,1
/@Historia-wm4os,/@MariaSantos-c8y3h,1
/@Historia-wm4os,/@franciscoflores3120,1
/@Historia-wm4os,/@RaulPerez-cw2vi,1
/@RosaMontesdeOca777,/@flornolberto2425,1
/@RosaMontesdeOca777,/@MarioCortez-o6v,1
/@RosaMontesdeOca777,/@jesusguzman2321,1
/@miguelbran1268,/@sparkvalkov,1
/@miguelbran1268,/@jabriz8152,1
/@miguelbran1268,/@angelmartinez9523,1
/@miguelbran1268,/@hashojea7348,1
/@miguelbran1268,/@11223344An,1
/@FernandoGarcia-jg1fj,/@NataliaRodriguez-rx5mr,1
/@FernandoGarcia-jg1fj,/@Lyrics_GT,1
/@FernandoGarcia-jg1fj,/@Jel.Awesh.M,1
/@FernandoGarcia-jg1fj,/@marlenareano-h4t,1
/@FernandoGarcia-jg1fj,/@AndresLemus-k2d,1
/@FernandoGarcia-jg1fj,/@inge_vergueta,1
/@FernandoGarcia-jg1fj,/@jorgeaguilar-bq3uj,1
/@FernandoGarcia-jg1fj,/@pedroros6358,1
/@FernandoGarcia-jg1fj,/@quijotachapina1,1
/@FernandoGarcia-jg1fj,/@EdgarcalderonCalderong,1
/@FernandoGarcia-jg1fj,/@HectorElias-u2l,1
/@FernandoGarcia-jg1fj,/@gonzalo6075,1
/@FernandoGarcia-jg1fj,/@EcPerez-zz9oh,1
/@miguelbran1268,/@marioramirez299,1
/@MarcosCarillo-b1r,/@carloslam5333,1
/@FernandoGarcia-jg1fj,/@RolandoCastroP%C3%A9rez-d7y,1
/@MarcosCarillo-b1r,/@Silviazea,1
/@MarcosCarillo-b1r,/@NataliaRodriguez-rx5mr,1
/@MarcosCarillo-b1r,/@Lyrics_GT,1
/@MarcosCarillo-b1r,/@Jel.Awesh.M,1
/@MarcosCarillo-b1r,/@marlenareano-h4t,1
/@MarcosCarillo-b1r,/@FernandoGarcia-jg1fj,1
/@MarcosCarillo-b1r,/@AndresLemus-k2d,1
/@MarcosCarillo-b1r,/@inge_vergueta,1
/@MarcosCarillo-b1r,/@jorgeaguilar-bq3uj,1
/@MarcosCarillo-b1r,/@pedroros6358,1
/@MarcosCarillo-b1r,/@quijotachapina1,1
/@MarcosCarillo-b1r,/@EdgarcalderonCalderong,1
/@MarcosCarillo-b1r,/@HectorElias-u2l,1
/@MarcosCarillo-b1r,/@gonzalo6075,1
/@MarcosCarillo-b1r,/@EcPerez-zz9oh,1
/@MarcosCarillo-b1r,/@sergiohinestroza9709,1
/@MarcosCarillo-b1r,/@RolandoCastroP%C3%A9rez-d7y,1
/@MarcosCarillo-b1r,/@armindapenados2841,1
/@FernandoGarcia-jg1fj,/@sergiohinestroza9709,1
/@FernandoGarcia-jg1fj,/@armindapenados2841,1
/@RosaMontesdeOca777,/@eugeneramirez4405,1
/@franciscojuarez9223,/@lara11roberto,1
/@franciscojuarez9223,/@cristianescobedo8296,1
/@franciscojuarez9223,/@Murmullodelbarrio,1
/@franciscojuarez9223,/@robertoescobar5507,1
/@franciscojuarez9223,/@josegil3813,1
/@franciscojuarez9223,/@maydamorales4395,1
/@franciscojuarez9223,/@rosaoliva9389,1
/@franciscojuarez9223,/@carlosgranados9875,1
/@franciscojuarez9223,/@pattyfigueroa5609,1
/@franciscojuarez9223,/@mariogonzalezorellana8956,1
/@franciscojuarez9223,/@vic-bonivideos,1
/@franciscojuarez9223,/@franciscoflores3120,1
/@franciscojuarez9223,/@RolandoGonzalez-o7g,1
/@jabriz8152,/@sparkvalkov,1
/@jabriz8152,/@marioramirez299,1
/@jabriz8152,/@angelmartinez9523,1
/@jabriz8152,/@hashojea7348,1
/@jabriz8152,/@11223344An,1
/@franciscojuarez9223,/@Israel-u5i7i,1
/@franciscojuarez9223,/@AlejandroP%C3%A9rez-b6r,1
/@FernandoGarcia-jg1fj,/@Silviazea,1
/@EdgarcalderonCalderong,/@carloslam5333,1
/@FernandoGarcia-jg1fj,/@carloslam5333,1
/@EdgarcalderonCalderong,/@NataliaRodriguez-rx5mr,1
/@EdgarcalderonCalderong,/@Lyrics_GT,1
/@EdgarcalderonCalderong,/@Jel.Awesh.M,1
/@EdgarcalderonCalderong,/@marlenareano-h4t,1
/@EdgarcalderonCalderong,/@AndresLemus-k2d,1
/@EdgarcalderonCalderong,/@inge_vergueta,1
/@EdgarcalderonCalderong,/@jorgeaguilar-bq3uj,1
/@EdgarcalderonCalderong,/@pedroros6358,1
/@EdgarcalderonCalderong,/@quijotachapina1,1
/@EdgarcalderonCalderong,/@HectorElias-u2l,1
/@EdgarcalderonCalderong,/@gonzalo6075,1
/@EdgarcalderonCalderong,/@EcPerez-zz9oh,1
/@EdgarcalderonCalderong,/@sergiohinestroza9709,1
/@EdgarcalderonCalderong,/@RolandoCastroP%C3%A9rez-d7y,1
/@EdgarcalderonCalderong,/@armindapenados2841,1
/@EdgarcalderonCalderong,/@Silviazea,1
/@MarcosCarillo-b1r,/@Williams-Garcia67E,1
/@MarcosCarillo-b1r,/@lazarobarillas3575,1
/@RolandoRaguay,/@TeresaLucero-b5o,1
/@Alejandro00710,/@2jose82,1
/@DenisRMC,/@rockyscarlet,1
/@DenisRMC,/@sparkvalkov,1
/@DenisRMC,/@marioramirez299,1
/@DenisRMC,/@jabriz8152,1
/@DenisRMC,/@miguelbran1268,1
/@DenisRMC,/@angelmartinez9523,1
/@DenisRMC,/@hashojea7348,1
/@DenisRMC,/@11223344An,1
/@rockyscarlet,/@sparkvalkov,1
/@rockyscarlet,/@marioramirez299,1
/@rockyscarlet,/@jabriz8152,1
/@rockyscarlet,/@miguelbran1268,1
/@rockyscarlet,/@angelmartinez9523,1
/@rockyscarlet,/@hashojea7348,1
/@rockyscarlet,/@11223344An,1
/@RolandoRaguay,/@JavierBecerra-h6x,1
/@RolandoRaguay,/@GilmarMaldonado-q9m,1
/@Alejandro00710,/@11223344An,1
/@Alejandro00710,/@cmorera21,1
/@RolandoRaguay,/@fredygarcia9151,1
/@Alejandro00710,/@angelmartinez9523,1
/@RosaMontesdeOca777,/@WilR-s8r,1
/@RosaMontesdeOca777,/@Paul-gf7ec,1
/@Luis-gn3fj,/@ErmeP%C3%A9rez-q4s,1
/@Luis-gn3fj,/@pablobarrios7931,1
/@Luis-gn3fj,/@herbertaguilar1387,1
/@Luis-gn3fj,/@CarlosCortez-v5r,1
/@Luis-gn3fj,/@aureliomaldonado4793,1
/@Luis-gn3fj,/@ericapaz5406,1
/@Luis-gn3fj,/@srms70,1
/@Luis-gn3fj,/@josegil3813,1
/@Alejandro00710,/@DenisRMC,1
/@Alejandro00710,/@rockyscarlet,1
/@Alejandro00710,/@sparkvalkov,1
/@Alejandro00710,/@marioramirez299,1
/@Alejandro00710,/@jabriz8152,1
/@Alejandro00710,/@inge_vergueta,1
/@Alejandro00710,/@miguelbran1268,1
/@RolandoRaguay,/@mariasamo8637,1
/@RolandoRaguay,/@josehidalgo4875,1
/@RolandoRaguay,/@mynorrodas8591,1
/@RolandoRaguay,/@OseasSamayoa-ol5rz,1
/@RolandoRaguay,/@Jel.Awesh.M,1
/@RolandoRaguay,/@byronpontaza,1
/@RolandoRaguay,/@JosueRamirez-ey3ih,1
/@RolandoRaguay,/@jor77cas,1
/@RolandoRaguay,/@davidgaher9550,1
/@RolandoRaguay,/@edwinavila4876,1
/@RolandoRaguay,/@yeniferaguirre4498,1
/@RolandoRaguay,/@moisesvaldez4043,1
/@RolandoRaguay,/@alvaroesquivel563,1
/@RolandoRaguay,/@marcomendez7509,1
/@RolandoRaguay,/@OdilioRodr%C3%ADguez-c5w,1
/@RolandoRaguay,/@romeolopezherrarte799,1
/@RolandoRaguay,/@ricardofigueroa5720,1
/@RolandoRaguay,/@SergioGarcia-z9c,1
/@RolandoRaguay,/@domingopeneleu6457,1
/@RolandoRaguay,/@mariorodas593,1
/@RolandoRaguay,/@Iv%C3%A1nP%C3%A9rez-j4j,1
/@RolandoRaguay,/@andyB5280,1
/@RolandoRaguay,/@monkchapin,1
/@RolandoRaguay,/@dantesarti4351,1
/@RolandoRaguay,/@mdelcid01,1
/@RolandoRaguay,/@pablochitay46,1
/@RolandoRaguay,/@josecarrera9623,1
/@RolandoRaguay,/@victorarturoruanobautista7588,1
/@RolandoRaguay,/@VidalVillatoro-p4w,1
/@RolandoRaguay,/@ARGELIATELON,1
/@RolandoRaguay,/@anaaguirre8985,1
/@RolandoRaguay,/@hectorcarranza3777,1
/@RolandoRaguay,/@eusebiovasquez4385,1
/@RolandoRaguay,/@carlosaguilar-kz7ml,1
/@RolandoRaguay,/@davidisraelesquitsaquil,1
/@RolandoRaguay,/@fredydomingo7062,1
/@RolandoRaguay,/@edgarroldan5539,1
/@RolandoRaguay,/@inge_vergueta,1
/@RolandoRaguay,/@CARLOSSTREMS51,1
/@RolandoRaguay,/@markoherrera,1
/@RolandoRaguay,/@nestorlorenzana1168,1
/@SoniaMarroquin-y6e,/@JosueRamirez-ey3ih,1
/@SoniaMarroquin-y6e,/@Jel.Awesh.M,1
/@MrDuenderojo,/@OdilioRodr%C3%ADguez-c5w,1
/@amyherrera7352,/@SoniaMarroquin-y6e,1
/@amyherrera7352,/@carlosaguilar-kz7ml,1
/@amyherrera7352,/@dantesarti4351,1
/@amyherrera7352,/@monkchapin,1
/@amyherrera7352,/@andyB5280,1
/@amyherrera7352,/@Jel.Awesh.M,1
/@amyherrera7352,/@byronpontaza,1
/@amyherrera7352,/@JosueRamirez-ey3ih,1
/@amyherrera7352,/@jor77cas,1
/@amyherrera7352,/@davidgaher9550,1
/@amyherrera7352,/@belvettzapeta1251,1
/@amyherrera7352,/@edwinavila4876,1
/@amyherrera7352,/@yeniferaguirre4498,1
/@amyherrera7352,/@moisesvaldez4043,1
/@amyherrera7352,/@alvaroesquivel563,1
/@amyherrera7352,/@marcomendez7509,1
/@amyherrera7352,/@beneficioelcaminovillacana8540,1
/@amyherrera7352,/@RolandoRaguay,1
/@amyherrera7352,/@nestorlorenzana1168,1
/@amyherrera7352,/@markoherrera,1
/@amyherrera7352,/@romeolopezherrarte799,1
/@amyherrera7352,/@CARLOSSTREMS51,1
/@amyherrera7352,/@mariasamo8637,1
/@amyherrera7352,/@josehidalgo4875,1
/@amyherrera7352,/@mynorrodas8591,1
/@amyherrera7352,/@OseasSamayoa-ol5rz,1
/@amyherrera7352,/@pablochitay46,1
/@amyherrera7352,/@josecarrera9623,1
/@amyherrera7352,/@victorarturoruanobautista7588,1
/@amyherrera7352,/@VidalVillatoro-p4w,1
/@amyherrera7352,/@ARGELIATELON,1
/@amyherrera7352,/@anaaguirre8985,1
/@amyherrera7352,/@hectorcarranza3777,1
/@amyherrera7352,/@mdelcid01,1
/@amyherrera7352,/@eusebiovasquez4385,1
/@amyherrera7352,/@davidisraelesquitsaquil,1
/@amyherrera7352,/@fredydomingo7062,1
/@amyherrera7352,/@edgarroldan5539,1
/@amyherrera7352,/@inge_vergueta,1
/@amyherrera7352,/@OdilioRodr%C3%ADguez-c5w,1
/@amyherrera7352,/@ricardofigueroa5720,1
/@amyherrera7352,/@belarminavillatoro6474,1
/@belarminavillatoro6474,/@josehidalgo4875,1
/@belarminavillatoro6474,/@OseasSamayoa-ol5rz,1
/@belarminavillatoro6474,/@pablochitay46,1
/@belarminavillatoro6474,/@josecarrera9623,1
/@belarminavillatoro6474,/@victorarturoruanobautista7588,1
/@belarminavillatoro6474,/@VidalVillatoro-p4w,1
/@belarminavillatoro6474,/@ARGELIATELON,1
/@belarminavillatoro6474,/@anaaguirre8985,1
/@belarminavillatoro6474,/@hectorcarranza3777,1
/@belarminavillatoro6474,/@mdelcid01,1
/@belarminavillatoro6474,/@eusebiovasquez4385,1
/@belarminavillatoro6474,/@davidisraelesquitsaquil,1
/@belarminavillatoro6474,/@fredydomingo7062,1
/@belarminavillatoro6474,/@edgarroldan5539,1
/@belarminavillatoro6474,/@inge_vergueta,1
/@belarminavillatoro6474,/@CARLOSSTREMS51,1
/@belarminavillatoro6474,/@markoherrera,1
/@belarminavillatoro6474,/@SoniaMarroquin-y6e,1
/@belarminavillatoro6474,/@mynorrodas8591,1
/@belarminavillatoro6474,/@mariasamo8637,1
/@amyherrera7352,/@SergioGarcia-z9c,1
/@belarminavillatoro6474,/@GilmarMaldonado-q9m,1
/@amyherrera7352,/@domingopeneleu6457,1
/@amyherrera7352,/@mariorodas593,1
/@amyherrera7352,/@Iv%C3%A1nP%C3%A9rez-j4j,1
/@amyherrera7352,/@fredygarcia9151,1
/@amyherrera7352,/@TeresaLucero-b5o,1
/@maynorcalel1442,/@alexandrevasquez4135,1
/@maynorcalel1442,/@carlosoliva9249,1
/@maynorcalel1442,/@ChRiStOpHeR7969,1
/@maynorcalel1442,/@rolandojuchuna484,1
/@maynorcalel1442,/@perritojuega1,1
/@maynorcalel1442,/@mynorgudiel8646,1
/@maynorcalel1442,/@alexarcos8349,1
/@maynorcalel1442,/@zetag,1
/@maynorcalel1442,/@kingr4706,1
/@maynorcalel1442,/@elenaluarca9377,1
/@maynorcalel1442,/@bryansicasales4280,1
/@belarminavillatoro6474,/@JavierBecerra-h6x,1
/@amyherrera7352,/@GilmarMaldonado-q9m,1
/@amyherrera7352,/@JavierBecerra-h6x,1
/@SoniaMarroquin-y6e,/@andyB5280,1
/@Rogergh-nw4oj,/@ARGELIATELON,1
/@Rogergh-nw4oj,/@hectorcarranza3777,1
/@Rogergh-nw4oj,/@mdelcid01,1
/@Rogergh-nw4oj,/@eusebiovasquez4385,1
/@Rogergh-nw4oj,/@davidisraelesquitsaquil,1
/@Rogergh-nw4oj,/@fredydomingo7062,1
/@Rogergh-nw4oj,/@edgarroldan5539,1
/@Rogergh-nw4oj,/@inge_vergueta,1
/@Rogergh-nw4oj,/@CARLOSSTREMS51,1
/@Rogergh-nw4oj,/@amyherrera7352,1
/@Rogergh-nw4oj,/@markoherrera,1
/@Rogergh-nw4oj,/@SoniaMarroquin-y6e,1
/@Rogergh-nw4oj,/@nestorlorenzana1168,1
/@Rogergh-nw4oj,/@carlosaguilar-kz7ml,1
/@Rogergh-nw4oj,/@dantesarti4351,1
/@Rogergh-nw4oj,/@monkchapin,1
/@Rogergh-nw4oj,/@andyB5280,1
/@Rogergh-nw4oj,/@Jel.Awesh.M,1
/@Rogergh-nw4oj,/@anaaguirre8985,1
/@Rogergh-nw4oj,/@VidalVillatoro-p4w,1
/@Rogergh-nw4oj,/@JosueRamirez-ey3ih,1
/@Rogergh-nw4oj,/@victorarturoruanobautista7588,1
/@MrDuenderojo,/@romeolopezherrarte799,1
/@MrDuenderojo,/@ricardofigueroa5720,1
/@MrDuenderojo,/@SergioGarcia-z9c,1
/@MrDuenderojo,/@domingopeneleu6457,1
/@MrDuenderojo,/@mariorodas593,1
/@MrDuenderojo,/@Iv%C3%A1nP%C3%A9rez-j4j,1
/@MrDuenderojo,/@fredygarcia9151,1
/@MrDuenderojo,/@TeresaLucero-b5o,1
/@Rogergh-nw4oj,/@JavierBecerra-h6x,1
/@Rogergh-nw4oj,/@belarminavillatoro6474,1
/@Rogergh-nw4oj,/@GilmarMaldonado-q9m,1
/@Rogergh-nw4oj,/@mariasamo8637,1
/@Rogergh-nw4oj,/@josehidalgo4875,1
/@Rogergh-nw4oj,/@mynorrodas8591,1
/@Rogergh-nw4oj,/@OseasSamayoa-ol5rz,1
/@Rogergh-nw4oj,/@pablochitay46,1
/@Rogergh-nw4oj,/@josecarrera9623,1
/@Rogergh-nw4oj,/@byronpontaza,1
/@Rogergh-nw4oj,/@jor77cas,1
/@melvinperez6710,/@bryansicasales4280,1
/@capitanfrans,/@rockyscarlet,1
/@capitanfrans,/@marioramirez299,1
/@capitanfrans,/@jabriz8152,1
/@capitanfrans,/@miguelbran1268,1
/@capitanfrans,/@angelmartinez9523,1
/@capitanfrans,/@hashojea7348,1
/@capitanfrans,/@11223344An,1
/@melvinperez6710,/@alexandrevasquez4135,1
/@melvinperez6710,/@carlosoliva9249,1
/@melvinperez6710,/@ChRiStOpHeR7969,1
/@melvinperez6710,/@rolandojuchuna484,1
/@melvinperez6710,/@perritojuega1,1
/@melvinperez6710,/@mynorgudiel8646,1
/@melvinperez6710,/@alexarcos8349,1
/@melvinperez6710,/@zetag,1
/@melvinperez6710,/@kingr4706,1
/@melvinperez6710,/@elenaluarca9377,1
/@melvinperez6710,/@maynorcalel1442,1
/@capitanfrans,/@sparkvalkov,1
/@capitanfrans,/@Alejandro00710,1
/@Rogergh-nw4oj,/@davidgaher9550,1
/@capitanfrans,/@DenisRMC,1
/@Rogergh-nw4oj,/@belvettzapeta1251,1
/@Rogergh-nw4oj,/@edwinavila4876,1
/@Rogergh-nw4oj,/@yeniferaguirre4498,1
/@Rogergh-nw4oj,/@moisesvaldez4043,1
/@Rogergh-nw4oj,/@alvaroesquivel563,1
/@Rogergh-nw4oj,/@marcomendez7509,1
/@Rogergh-nw4oj,/@beneficioelcaminovillacana8540,1
/@Rogergh-nw4oj,/@RolandoRaguay,1
/@Rogergh-nw4oj,/@OdilioRodr%C3%ADguez-c5w,1
/@Rogergh-nw4oj,/@romeolopezherrarte799,1
/@Rogergh-nw4oj,/@ricardofigueroa5720,1
/@Rogergh-nw4oj,/@SergioGarcia-z9c,1
/@Rogergh-nw4oj,/@domingopeneleu6457,1
/@Rogergh-nw4oj,/@mariorodas593,1
/@Rogergh-nw4oj,/@Iv%C3%A1nP%C3%A9rez-j4j,1
/@Rogergh-nw4oj,/@fredygarcia9151,1
/@Rogergh-nw4oj,/@TeresaLucero-b5o,1
/@belarminavillatoro6474,/@nestorlorenzana1168,1
/@belarminavillatoro6474,/@carlosaguilar-kz7ml,1
/@belarminavillatoro6474,/@dantesarti4351,1
/@belvettzapeta1251,/@davidgaher9550,1
/@belvettzapeta1251,/@yeniferaguirre4498,1
/@belvettzapeta1251,/@moisesvaldez4043,1
/@belvettzapeta1251,/@alvaroesquivel563,1
/@belvettzapeta1251,/@marcomendez7509,1
/@belvettzapeta1251,/@RolandoRaguay,1
/@belvettzapeta1251,/@OdilioRodr%C3%ADguez-c5w,1
/@belvettzapeta1251,/@romeolopezherrarte799,1
/@belvettzapeta1251,/@ricardofigueroa5720,1
/@belvettzapeta1251,/@SergioGarcia-z9c,1
/@belvettzapeta1251,/@domingopeneleu6457,1
/@belvettzapeta1251,/@mariorodas593,1
/@belvettzapeta1251,/@Iv%C3%A1nP%C3%A9rez-j4j,1
/@belvettzapeta1251,/@fredygarcia9151,1
/@belvettzapeta1251,/@TeresaLucero-b5o,1
/@luisricardo9671,/@AlejandroP%C3%A9rez-b6r,1
/@luisricardo9671,/@lara11roberto,1
/@luisricardo9671,/@elsasalguero6914,1
/@belvettzapeta1251,/@edwinavila4876,1
/@belvettzapeta1251,/@jor77cas,1
/@luisricardo9671,/@cristianescobedo8296,1
/@belvettzapeta1251,/@JosueRamirez-ey3ih,1
/@belvettzapeta1251,/@hectorcarranza3777,1
/@belvettzapeta1251,/@mdelcid01,1
/@belvettzapeta1251,/@eusebiovasquez4385,1
/@belvettzapeta1251,/@davidisraelesquitsaquil,1
/@belvettzapeta1251,/@fredydomingo7062,1
/@belvettzapeta1251,/@edgarroldan5539,1
/@belvettzapeta1251,/@inge_vergueta,1
/@belvettzapeta1251,/@CARLOSSTREMS51,1
/@belvettzapeta1251,/@markoherrera,1
/@belvettzapeta1251,/@SoniaMarroquin-y6e,1
/@belvettzapeta1251,/@nestorlorenzana1168,1
/@belvettzapeta1251,/@carlosaguilar-kz7ml,1
/@belvettzapeta1251,/@dantesarti4351,1
/@belvettzapeta1251,/@monkchapin,1
/@belvettzapeta1251,/@andyB5280,1
/@belvettzapeta1251,/@Jel.Awesh.M,1
/@belvettzapeta1251,/@byronpontaza,1
/@luisricardo9671,/@Israel-u5i7i,1
/@luisricardo9671,/@Murmullodelbarrio,1
/@belarminavillatoro6474,/@monkchapin,1
/@SoniaMarroquin-y6e,/@pablochitay46,1
/@SoniaMarroquin-y6e,/@victorarturoruanobautista7588,1
/@SoniaMarroquin-y6e,/@VidalVillatoro-p4w,1
/@SoniaMarroquin-y6e,/@ARGELIATELON,1
/@SoniaMarroquin-y6e,/@anaaguirre8985,1
/@SoniaMarroquin-y6e,/@hectorcarranza3777,1
/@SoniaMarroquin-y6e,/@mdelcid01,1
/@SoniaMarroquin-y6e,/@eusebiovasquez4385,1
/@SoniaMarroquin-y6e,/@davidisraelesquitsaquil,1
/@SoniaMarroquin-y6e,/@fredydomingo7062,1
/@SoniaMarroquin-y6e,/@edgarroldan5539,1
/@SoniaMarroquin-y6e,/@inge_vergueta,1
/@SoniaMarroquin-y6e,/@CARLOSSTREMS51,1
/@SoniaMarroquin-y6e,/@markoherrera,1
/@SoniaMarroquin-y6e,/@nestorlorenzana1168,1
/@SoniaMarroquin-y6e,/@carlosaguilar-kz7ml,1
/@SoniaMarroquin-y6e,/@dantesarti4351,1
/@SoniaMarroquin-y6e,/@monkchapin,1
/@SoniaMarroquin-y6e,/@josecarrera9623,1
/@SoniaMarroquin-y6e,/@OseasSamayoa-ol5rz,1
/@luisricardo9671,/@robertoescobar5507,1
/@SoniaMarroquin-y6e,/@mynorrodas8591,1
/@luisricardo9671,/@josegil3813,1
/@luisricardo9671,/@elmilenial4064,1
/@luisricardo9671,/@maydamorales4395,1
/@luisricardo9671,/@rosaoliva9389,1
/@luisricardo9671,/@franciscojuarez9223,1
/@luisricardo9671,/@carlosgranados9875,1
/@luisricardo9671,/@pattyfigueroa5609,1
/@luisricardo9671,/@mariogonzalezorellana8956,1
/@luisricardo9671,/@vic-bonivideos,1
/@luisricardo9671,/@franciscoflores3120,1
/@luisricardo9671,/@RolandoGonzalez-o7g,1
/@jorgegomez2237,/@ZabalaXabier,1
/@jorgegomez2237,/@hashojea7348,1
/@SoniaMarroquin-y6e,/@JavierBecerra-h6x,1
/@SoniaMarroquin-y6e,/@GilmarMaldonado-q9m,1
/@SoniaMarroquin-y6e,/@mariasamo8637,1
/@SoniaMarroquin-y6e,/@josehidalgo4875,1
/@belvettzapeta1251,/@anaaguirre8985,1
/@belvettzapeta1251,/@ARGELIATELON,1
/@belvettzapeta1251,/@VidalVillatoro-p4w,1
/@belarminavillatoro6474,/@mariorodas593,1
/@belarminavillatoro6474,/@fredygarcia9151,1
/@belarminavillatoro6474,/@TeresaLucero-b5o,1
/@beneficioelcaminovillacana8540,/@JavierBecerra-h6x,1
/@beneficioelcaminovillacana8540,/@GilmarMaldonado-q9m,1
/@beneficioelcaminovillacana8540,/@mariasamo8637,1
/@beneficioelcaminovillacana8540,/@josehidalgo4875,1
/@beneficioelcaminovillacana8540,/@mynorrodas8591,1
/@beneficioelcaminovillacana8540,/@OseasSamayoa-ol5rz,1
/@beneficioelcaminovillacana8540,/@pablochitay46,1
/@beneficioelcaminovillacana8540,/@josecarrera9623,1
/@beneficioelcaminovillacana8540,/@victorarturoruanobautista7588,1
/@beneficioelcaminovillacana8540,/@VidalVillatoro-p4w,1
/@beneficioelcaminovillacana8540,/@ARGELIATELON,1
/@beneficioelcaminovillacana8540,/@anaaguirre8985,1
/@beneficioelcaminovillacana8540,/@hectorcarranza3777,1
/@beneficioelcaminovillacana8540,/@mdelcid01,1
/@beneficioelcaminovillacana8540,/@eusebiovasquez4385,1
/@belarminavillatoro6474,/@Iv%C3%A1nP%C3%A9rez-j4j,1
/@belarminavillatoro6474,/@domingopeneleu6457,1
/@belvettzapeta1251,/@victorarturoruanobautista7588,1
/@belarminavillatoro6474,/@SergioGarcia-z9c,1
/@belarminavillatoro6474,/@andyB5280,1
/@belarminavillatoro6474,/@Jel.Awesh.M,1
/@belarminavillatoro6474,/@byronpontaza,1
/@belarminavillatoro6474,/@JosueRamirez-ey3ih,1
/@belarminavillatoro6474,/@jor77cas,1
/@belarminavillatoro6474,/@davidgaher9550,1
/@belarminavillatoro6474,/@belvettzapeta1251,1
/@belarminavillatoro6474,/@edwinavila4876,1
/@belarminavillatoro6474,/@yeniferaguirre4498,1
/@belarminavillatoro6474,/@moisesvaldez4043,1
/@belarminavillatoro6474,/@alvaroesquivel563,1
/@belarminavillatoro6474,/@marcomendez7509,1
/@belarminavillatoro6474,/@beneficioelcaminovillacana8540,1
/@belarminavillatoro6474,/@RolandoRaguay,1
/@belarminavillatoro6474,/@OdilioRodr%C3%ADguez-c5w,1
/@belarminavillatoro6474,/@romeolopezherrarte799,1
/@belarminavillatoro6474,/@ricardofigueroa5720,1
/@beneficioelcaminovillacana8540,/@davidisraelesquitsaquil,1
/@beneficioelcaminovillacana8540,/@fredydomingo7062,1
/@beneficioelcaminovillacana8540,/@edgarroldan5539,1
/@beneficioelcaminovillacana8540,/@inge_vergueta,1
/@beneficioelcaminovillacana8540,/@OdilioRodr%C3%ADguez-c5w,1
/@beneficioelcaminovillacana8540,/@romeolopezherrarte799,1
/@beneficioelcaminovillacana8540,/@ricardofigueroa5720,1
/@beneficioelcaminovillacana8540,/@SergioGarcia-z9c,1
/@beneficioelcaminovillacana8540,/@domingopeneleu6457,1
/@beneficioelcaminovillacana8540,/@mariorodas593,1
/@beneficioelcaminovillacana8540,/@Iv%C3%A1nP%C3%A9rez-j4j,1
/@beneficioelcaminovillacana8540,/@fredygarcia9151,1
/@beneficioelcaminovillacana8540,/@TeresaLucero-b5o,1
/@belvettzapeta1251,/@JavierBecerra-h6x,1
/@belvettzapeta1251,/@GilmarMaldonado-q9m,1
/@belvettzapeta1251,/@mariasamo8637,1
/@belvettzapeta1251,/@josehidalgo4875,1
/@belvettzapeta1251,/@mynorrodas8591,1
/@belvettzapeta1251,/@OseasSamayoa-ol5rz,1
/@belvettzapeta1251,/@pablochitay46,1
/@belvettzapeta1251,/@josecarrera9623,1
/@beneficioelcaminovillacana8540,/@RolandoRaguay,1
/@beneficioelcaminovillacana8540,/@marcomendez7509,1
/@beneficioelcaminovillacana8540,/@alvaroesquivel563,1
/@beneficioelcaminovillacana8540,/@andyB5280,1
/@beneficioelcaminovillacana8540,/@CARLOSSTREMS51,1
/@beneficioelcaminovillacana8540,/@markoherrera,1
/@beneficioelcaminovillacana8540,/@SoniaMarroquin-y6e,1
/@beneficioelcaminovillacana8540,/@nestorlorenzana1168,1
/@beneficioelcaminovillacana8540,/@carlosaguilar-kz7ml,1
/@beneficioelcaminovillacana8540,/@dantesarti4351,1
/@beneficioelcaminovillacana8540,/@monkchapin,1
/@beneficioelcaminovillacana8540,/@Jel.Awesh.M,1
/@beneficioelcaminovillacana8540,/@moisesvaldez4043,1
/@beneficioelcaminovillacana8540,/@byronpontaza,1
/@beneficioelcaminovillacana8540,/@JosueRamirez-ey3ih,1
/@beneficioelcaminovillacana8540,/@jor77cas,1
/@beneficioelcaminovillacana8540,/@davidgaher9550,1
/@beneficioelcaminovillacana8540,/@belvettzapeta1251,1
/@beneficioelcaminovillacana8540,/@edwinavila4876,1
/@beneficioelcaminovillacana8540,/@yeniferaguirre4498,1
/@diegoalejandrolopezmendez205,/@vanigomez492,1
/@diegoalejandrolopezmendez205,/@TeresaLucero-b5o,1
/@diegoalejandrolopezmendez205,/@fredygarcia9151,1
/@VICTOREST19,/@belvettzapeta1251,1
/@VICTOREST19,/@yeniferaguirre4498,1
/@VICTOREST19,/@moisesvaldez4043,1
/@VICTOREST19,/@isaiaslopezvelasquez1539,1
/@VICTOREST19,/@alvaroesquivel563,1
/@VICTOREST19,/@nestormendez6216,1
/@VICTOREST19,/@cuabatzjj5924,1
/@VICTOREST19,/@marcomendez7509,1
/@VICTOREST19,/@elmorodriguez6978,1
/@VICTOREST19,/@danyraymundo2942,1
/@VICTOREST19,/@ErvinLeonardoCarreraLat%C3%ADn,1
/@VICTOREST19,/@beneficioelcaminovillacana8540,1
/@VICTOREST19,/@RolandoRaguay,1
/@VICTOREST19,/@mireyamorales6595,1
/@VICTOREST19,/@OdilioRodr%C3%ADguez-c5w,1
/@VICTOREST19,/@lizardomorataya8274,1
/@VICTOREST19,/@carlosmedranovelasquez6380,1
/@VICTOREST19,/@romeolopezherrarte799,1
/@VICTOREST19,/@edwinavila4876,1
/@VICTOREST19,/@davidgaher9550,1
/@VICTOREST19,/@FidelZacarias-ph7dy,1
/@VICTOREST19,/@Joseroland21,1
/@VICTOREST19,/@ArielRodas-g5y,1
/@VICTOREST19,/@HaroldoCastillo-rh9iw,1
/@VICTOREST19,/@SoniaMarroquin-y6e,1
/@VICTOREST19,/@fredymendez1786,1
/@VICTOREST19,/@nestorlorenzana1168,1
/@VICTOREST19,/@luisletona2842,1
/@VICTOREST19,/@carlosaguilar-kz7ml,1
/@VICTOREST19,/@dantesarti4351,1
/@VICTOREST19,/@monkchapin,1
/@VICTOREST19,/@andyB5280,1
/@VICTOREST19,/@Jel.Awesh.M,1
/@VICTOREST19,/@byronpontaza,1
/@VICTOREST19,/@JosueRamirez-ey3ih,1
/@VICTOREST19,/@oswaldosolis8728,1
/@VICTOREST19,/@jor77cas,1
/@VICTOREST19,/@welfrealdana5559,1
/@VICTOREST19,/@MrDuenderojo,1
/@VICTOREST19,/@ricardofigueroa5720,1
/@VICTOREST19,/@AndresMedina-v1s,1
/@VICTOREST19,/@JuanChang-r6k,1
/@davidlima1348,/@eustaquiogomez9975,1
/@davidlima1348,/@melvinlopez7096,1
/@davidlima1348,/@Jel.Awesh.M,1
/@davidlima1348,/@MarcosCarillo-b1r,1
/@davidlima1348,/@dinoraoroxon5771,1
/@davidlima1348,/@hendersonlopez3864,1
/@davidlima1348,/@lesolorzano,1
/@davidlima1348,/@iamjimalesssa,1
/@davidlima1348,/@marlenareano-h4t,1
/@davidlima1348,/@FernandoGarcia-jg1fj,1
/@davidlima1348,/@lisss1908,1
/@davidlima1348,/@AndresLemus-k2d,1
/@davidlima1348,/@inge_vergueta,1
/@davidlima1348,/@jorgeaguilar-bq3uj,1
/@davidlima1348,/@aguilar4254,1
/@davidlima1348,/@pedroros6358,1
/@davidlima1348,/@josecastillo4390,1
/@davidlima1348,/@quijotachapina1,1
/@davidlima1348,/@laboratorio5528,1
/@davidlima1348,/@genarodelgado3929,1
/@VICTOREST19,/@SergioGarcia-z9c,1
/@davidlima1348,/@Lyrics_GT,1
/@VICTOREST19,/@domingopeneleu6457,1
/@VICTOREST19,/@ernestogamboa8737,1
/@VICTOREST19,/@osmanmorales3012,1
/@VICTOREST19,/@LuisCastillo-oz4df,1
/@VICTOREST19,/@OsvaldoAguirre-l3i,1
/@VICTOREST19,/@ronyarana8849,1
/@VICTOREST19,/@mariorodas593,1
/@VICTOREST19,/@Iv%C3%A1nP%C3%A9rez-j4j,1
/@VICTOREST19,/@allanmunoz7410,1
/@VICTOREST19,/@thelmamoran8565,1
/@VICTOREST19,/@diegoalejandrolopezmendez205,1
/@VICTOREST19,/@fredygarcia9151,1
/@VICTOREST19,/@TeresaLucero-b5o,1
/@VICTOREST19,/@vanigomez492,1
/@VICTOREST19,/@cesarandreas7824,1
/@VICTOREST19,/@oscarnavas9996,1
/@davidlima1348,/@NataliaRodriguez-rx5mr,1
/@VICTOREST19,/@LE_A22,1
/@VICTOREST19,/@federicosaquimux1933,1
/@davidlima1348,/@leonelsantizo5281,1
/@carmenfigueroa1232,/@RolandoGonzalez-o7g,1
/@antonioduarte2288,/@Jos%C3%A9Lopez-g6k,1
/@antonioduarte2288,/@ManuelSanchez-b8q2z,1
/@antonioduarte2288,/@moisesvaldez4043,1
/@antonioduarte2288,/@Hernandez-i1o,1
/@VICTOREST19,/@MacarioMartinezruiz,1
/@VICTOREST19,/@JavierBecerra-h6x,1
/@VICTOREST19,/@johnmejia992,1
/@VICTOREST19,/@kanterra4584,1
/@VICTOREST19,/@belarminavillatoro6474,1
/@VICTOREST19,/@luisgpacheco5858,1
/@VICTOREST19,/@GilmarMaldonado-q9m,1
/@VICTOREST19,/@mariasamo8637,1
/@VICTOREST19,/@josehidalgo4875,1
/@VICTOREST19,/@JacintaTzoy,1
/@VICTOREST19,/@carmenr6311,1
/@VICTOREST19,/@aluxdel4792,1
/@VICTOREST19,/@guillermogonzalez5153,1
/@antonioduarte2288,/@lazarochavez8269,1
/@carmenfigueroa1232,/@albertoshernandez5251,1
/@VICTOREST19,/@maxwellsales885,1
/@carmenfigueroa1232,/@franciscoflores3120,1
/@carmenfigueroa1232,/@Israel-u5i7i,1
/@carmenfigueroa1232,/@cristianescobedo8296,1
/@carmenfigueroa1232,/@Murmullodelbarrio,1
/@carmenfigueroa1232,/@robertoescobar5507,1
/@carmenfigueroa1232,/@josegil3813,1
/@carmenfigueroa1232,/@AntonioChiyal-x5s,1
/@carmenfigueroa1232,/@hectormaaz5523,1
/@carmenfigueroa1232,/@vitalianochavez8382,1
/@carmenfigueroa1232,/@elmilenial4064,1
/@carmenfigueroa1232,/@maydamorales4395,1
/@carmenfigueroa1232,/@rosaoliva9389,1
/@carmenfigueroa1232,/@franciscojuarez9223,1
/@carmenfigueroa1232,/@AbigailRodas-w2r,1
/@carmenfigueroa1232,/@carlosgranados9875,1
/@carmenfigueroa1232,/@pattyfigueroa5609,1
/@carmenfigueroa1232,/@mariogonzalezorellana8956,1
/@carmenfigueroa1232,/@vic-bonivideos,1
/@VICTOREST19,/@MegaKristenstewart,1
/@VICTOREST19,/@gorrarota,1
/@VICTOREST19,/@Aura-vf6dm,1
/@VICTOREST19,/@mdelcid01,1
/@VICTOREST19,/@FranciscoRivera-sf7ne,1
/@VICTOREST19,/@davidisraelesquitsaquil,1
/@VICTOREST19,/@fredydomingo7062,1
/@VICTOREST19,/@edgarroldan5539,1
/@VICTOREST19,/@hectoroliva949,1
/@VICTOREST19,/@inge_vergueta,1
/@VICTOREST19,/@CARLOSSTREMS51,1
/@VICTOREST19,/@SuperVictor2005,1
/@VICTOREST19,/@Rogergh-nw4oj,1
/@VICTOREST19,/@hugoasencio7764,1
/@VICTOREST19,/@amyherrera7352,1
/@VICTOREST19,/@JuanDavila-qd7qj,1
/@VICTOREST19,/@edwingeovanymarroquinmarro6684,1
/@VICTOREST19,/@MariaaliciaColonmorales,1
/@VICTOREST19,/@virgiliogarcia3039,1
/@VICTOREST19,/@markoherrera,1
/@VICTOREST19,/@BenjaminLarios-jd8nk,1
/@VICTOREST19,/@eusebiovasquez4385,1
/@VICTOREST19,/@carlossoto3252,1
/@VICTOREST19,/@mynorrodas8591,1
/@VICTOREST19,/@dorisl.garciaroche7763,1
/@VICTOREST19,/@OseasSamayoa-ol5rz,1
/@VICTOREST19,/@cesaraugustomoralesmonroy6907,1
/@VICTOREST19,/@pablochitay46,1
/@VICTOREST19,/@josecarrera9623,1
/@VICTOREST19,/@victorarturoruanobautista7588,1
/@VICTOREST19,/@VidalVillatoro-p4w,1
/@VICTOREST19,/@luisparedes-pw6qt,1
/@VICTOREST19,/@giovannirodas4836,1
/@VICTOREST19,/@raquelprado3643,1
/@VICTOREST19,/@edvinparedesherrera7632,1
/@VICTOREST19,/@ManuelEdran,1
/@VICTOREST19,/@ARGELIATELON,1
/@VICTOREST19,/@anaaguirre8985,1
/@VICTOREST19,/@RobertoZelaya-x1v,1
/@VICTOREST19,/@hectorcarranza3777,1
/@VICTOREST19,/@OscarHernandez-q8y,1
/@VICTOREST19,/@eddymunoz9789,1
/@davidlima1348,/@caminoseternos752,1
/@davidlima1348,/@OmarMartinez-vv8re,1
/@hugoasencio7764,/@edvinparedesherrera7632,1
/@aluxdel4792,/@marcomendez7509,1
/@aluxdel4792,/@danyraymundo2942,1
/@aluxdel4792,/@ErvinLeonardoCarreraLat%C3%ADn,1
/@aluxdel4792,/@beneficioelcaminovillacana8540,1
/@aluxdel4792,/@RolandoRaguay,1
/@aluxdel4792,/@mireyamorales6595,1
/@aluxdel4792,/@OdilioRodr%C3%ADguez-c5w,1
/@aluxdel4792,/@lizardomorataya8274,1
/@aluxdel4792,/@carlosmedranovelasquez6380,1
/@aluxdel4792,/@romeolopezherrarte799,1
/@aluxdel4792,/@ricardofigueroa5720,1
/@aluxdel4792,/@FidelZacarias-ph7dy,1
/@aluxdel4792,/@AndresMedina-v1s,1
/@aluxdel4792,/@SergioGarcia-z9c,1
/@aluxdel4792,/@domingopeneleu6457,1
/@aluxdel4792,/@ernestogamboa8737,1
/@aluxdel4792,/@osmanmorales3012,1
/@aluxdel4792,/@LuisCastillo-oz4df,1
/@aluxdel4792,/@elmorodriguez6978,1
/@aluxdel4792,/@cuabatzjj5924,1
/@aluxdel4792,/@ronyarana8849,1
/@aluxdel4792,/@nestormendez6216,1
/@aluxdel4792,/@monkchapin,1
/@aluxdel4792,/@andyB5280,1
/@aluxdel4792,/@Jel.Awesh.M,1
/@aluxdel4792,/@byronpontaza,1
/@aluxdel4792,/@JosueRamirez-ey3ih,1
/@aluxdel4792,/@oswaldosolis8728,1
/@aluxdel4792,/@jor77cas,1
/@aluxdel4792,/@welfrealdana5559,1
/@aluxdel4792,/@MrDuenderojo,1
/@aluxdel4792,/@Joseroland21,1
/@aluxdel4792,/@davidgaher9550,1
/@aluxdel4792,/@belvettzapeta1251,1
/@aluxdel4792,/@edwinavila4876,1
/@aluxdel4792,/@yeniferaguirre4498,1
/@aluxdel4792,/@moisesvaldez4043,1
/@aluxdel4792,/@isaiaslopezvelasquez1539,1
/@aluxdel4792,/@alvaroesquivel563,1
/@aluxdel4792,/@OsvaldoAguirre-l3i,1
/@aluxdel4792,/@mariorodas593,1
/@aluxdel4792,/@carlosaguilar-kz7ml,1
/@hugoasencio7764,/@luisgpacheco5858,1
/@hugoasencio7764,/@mariasamo8637,1
/@hugoasencio7764,/@josehidalgo4875,1
/@hugoasencio7764,/@JacintaTzoy,1
/@hugoasencio7764,/@carmenr6311,1
/@hugoasencio7764,/@guillermogonzalez5153,1
/@hugoasencio7764,/@MegaKristenstewart,1
/@hugoasencio7764,/@maxwellsales885,1
/@hugoasencio7764,/@gorrarota,1
/@hugoasencio7764,/@mynorrodas8591,1
/@hugoasencio7764,/@OseasSamayoa-ol5rz,1
/@hugoasencio7764,/@cesaraugustomoralesmonroy6907,1
/@hugoasencio7764,/@pablochitay46,1
/@hugoasencio7764,/@josecarrera9623,1
/@hugoasencio7764,/@victorarturoruanobautista7588,1
/@hugoasencio7764,/@VidalVillatoro-p4w,1
/@hugoasencio7764,/@luisparedes-pw6qt,1
/@hugoasencio7764,/@giovannirodas4836,1
/@hugoasencio7764,/@GilmarMaldonado-q9m,1
/@hugoasencio7764,/@belarminavillatoro6474,1
/@aluxdel4792,/@Iv%C3%A1nP%C3%A9rez-j4j,1
/@hugoasencio7764,/@kanterra4584,1
/@aluxdel4792,/@allanmunoz7410,1
/@aluxdel4792,/@thelmamoran8565,1
/@aluxdel4792,/@diegoalejandrolopezmendez205,1
/@aluxdel4792,/@fredygarcia9151,1
/@aluxdel4792,/@TeresaLucero-b5o,1
/@aluxdel4792,/@vanigomez492,1
/@aluxdel4792,/@cesarandreas7824,1
/@aluxdel4792,/@oscarnavas9996,1
/@zoilagarcia9019,/@lazarobarillas3575,1
/@zoilagarcia9019,/@JoelReynoso-d4r,1
/@zoilagarcia9019,/@alexmonzon4257,1
/@zoilagarcia9019,/@Williams-Garcia67E,1
/@zoilagarcia9019,/@denilsonlopez4083,1
/@zoilagarcia9019,/@MarcosCarillo-b1r,1
/@hugoasencio7764,/@MacarioMartinezruiz,1
/@hugoasencio7764,/@JavierBecerra-h6x,1
/@hugoasencio7764,/@johnmejia992,1
/@aluxdel4792,/@dantesarti4351,1
/@aluxdel4792,/@luisletona2842,1
/@davidlima1348,/@mariocordon8873,1
/@aluxdel4792,/@JavierBecerra-h6x,1
/@aluxdel4792,/@kanterra4584,1
/@aluxdel4792,/@belarminavillatoro6474,1
/@aluxdel4792,/@luisgpacheco5858,1
/@aluxdel4792,/@GilmarMaldonado-q9m,1
/@aluxdel4792,/@mariasamo8637,1
/@aluxdel4792,/@josehidalgo4875,1
/@aluxdel4792,/@JacintaTzoy,1
/@aluxdel4792,/@carmenr6311,1
/@aluxdel4792,/@guillermogonzalez5153,1
/@aluxdel4792,/@MegaKristenstewart,1
/@aluxdel4792,/@maxwellsales885,1
/@aluxdel4792,/@gorrarota,1
/@aluxdel4792,/@mynorrodas8591,1
/@aluxdel4792,/@OseasSamayoa-ol5rz,1
/@aluxdel4792,/@cesaraugustomoralesmonroy6907,1
/@aluxdel4792,/@pablochitay46,1
/@aluxdel4792,/@josecarrera9623,1
/@aluxdel4792,/@johnmejia992,1
/@aluxdel4792,/@MacarioMartinezruiz,1
/@aluxdel4792,/@VidalVillatoro-p4w,1
/@davidlima1348,/@ligiaguerra3057,1
/@davidlima1348,/@EdgarcalderonCalderong,1
/@davidlima1348,/@HectorElias-u2l,1
/@davidlima1348,/@gonzalo6075,1
/@davidlima1348,/@EcPerez-zz9oh,1
/@davidlima1348,/@karensussetteleonvargas9794,1
/@davidlima1348,/@sergiohinestroza9709,1
/@davidlima1348,/@RolandoCastroP%C3%A9rez-d7y,1
/@davidlima1348,/@javiercifuentesarchila6041,1
/@davidlima1348,/@ingenieroar,1
/@davidlima1348,/@estuardoargueta137,1
/@davidlima1348,/@armindapenados2841,1
/@davidlima1348,/@Silviazea,1
/@davidlima1348,/@AnaDiaz-re9sq,1
/@davidlima1348,/@rogeraldana4289,1
/@davidlima1348,/@carloslam5333,1
/@davidlima1348,/@alfredoortega9264,1
/@davidlima1348,/@lidiarodriguez3493,1
/@aluxdel4792,/@victorarturoruanobautista7588,1
/@aluxdel4792,/@luisparedes-pw6qt,1
/@aluxdel4792,/@nestorlorenzana1168,1
/@aluxdel4792,/@CARLOSSTREMS51,1
/@aluxdel4792,/@Rogergh-nw4oj,1
/@aluxdel4792,/@hugoasencio7764,1
/@aluxdel4792,/@amyherrera7352,1
/@aluxdel4792,/@JuanDavila-qd7qj,1
/@aluxdel4792,/@edwingeovanymarroquinmarro6684,1
/@aluxdel4792,/@MariaaliciaColonmorales,1
/@aluxdel4792,/@virgiliogarcia3039,1
/@aluxdel4792,/@markoherrera,1
/@aluxdel4792,/@BenjaminLarios-jd8nk,1
/@aluxdel4792,/@Aura-vf6dm,1
/@aluxdel4792,/@federicosaquimux1933,1
/@aluxdel4792,/@JuanChang-r6k,1
/@aluxdel4792,/@LE_A22,1
/@aluxdel4792,/@ArielRodas-g5y,1
/@aluxdel4792,/@HaroldoCastillo-rh9iw,1
/@aluxdel4792,/@SoniaMarroquin-y6e,1
/@aluxdel4792,/@fredymendez1786,1
/@aluxdel4792,/@SuperVictor2005,1
/@aluxdel4792,/@inge_vergueta,1
/@aluxdel4792,/@giovannirodas4836,1
/@aluxdel4792,/@hectoroliva949,1
/@aluxdel4792,/@raquelprado3643,1
/@aluxdel4792,/@edvinparedesherrera7632,1
/@aluxdel4792,/@ManuelEdran,1
/@aluxdel4792,/@ARGELIATELON,1
/@aluxdel4792,/@anaaguirre8985,1
/@aluxdel4792,/@RobertoZelaya-x1v,1
/@aluxdel4792,/@hectorcarranza3777,1
/@aluxdel4792,/@OscarHernandez-q8y,1
/@aluxdel4792,/@eddymunoz9789,1
/@aluxdel4792,/@dorisl.garciaroche7763,1
/@aluxdel4792,/@carlossoto3252,1
/@aluxdel4792,/@mdelcid01,1
/@aluxdel4792,/@eusebiovasquez4385,1
/@aluxdel4792,/@FranciscoRivera-sf7ne,1
/@aluxdel4792,/@davidisraelesquitsaquil,1
/@aluxdel4792,/@fredydomingo7062,1
/@aluxdel4792,/@edgarroldan5539,1
/@carmenfigueroa1232,/@anibalg47,1
/@carmenfigueroa1232,/@elsasalguero6914,1
/@carmenfigueroa1232,/@lara11roberto,1
/@marisosa7832,/@BenjaminLarios-jd8nk,1
/@marisosa7832,/@federicosaquimux1933,1
/@marisosa7832,/@JuanChang-r6k,1
/@marisosa7832,/@LE_A22,1
/@marisosa7832,/@ArielRodas-g5y,1
/@marisosa7832,/@HaroldoCastillo-rh9iw,1
/@marisosa7832,/@SoniaMarroquin-y6e,1
/@marisosa7832,/@fredymendez1786,1
/@marisosa7832,/@nestorlorenzana1168,1
/@marisosa7832,/@luisletona2842,1
/@marisosa7832,/@carlosaguilar-kz7ml,1
/@marisosa7832,/@dantesarti4351,1
/@marisosa7832,/@monkchapin,1
/@marisosa7832,/@andyB5280,1
/@marisosa7832,/@Jel.Awesh.M,1
/@marisosa7832,/@byronpontaza,1
/@marisosa7832,/@JosueRamirez-ey3ih,1
/@marisosa7832,/@oswaldosolis8728,1
/@marisosa7832,/@Aura-vf6dm,1
/@marisosa7832,/@markoherrera,1
/@marisosa7832,/@welfrealdana5559,1
/@marisosa7832,/@virgiliogarcia3039,1
/@marisosa7832,/@mdelcid01,1
/@marisosa7832,/@eusebiovasquez4385,1
/@marisosa7832,/@FranciscoRivera-sf7ne,1
/@marisosa7832,/@davidisraelesquitsaquil,1
/@marisosa7832,/@fredydomingo7062,1
/@marisosa7832,/@edgarroldan5539,1
/@marisosa7832,/@hectoroliva949,1
/@marisosa7832,/@inge_vergueta,1
/@marisosa7832,/@CARLOSSTREMS51,1
/@marisosa7832,/@SuperVictor2005,1
/@marisosa7832,/@Rogergh-nw4oj,1
/@marisosa7832,/@VICTOREST19,1
/@marisosa7832,/@hugoasencio7764,1
/@marisosa7832,/@amyherrera7352,1
/@marisosa7832,/@JuanDavila-qd7qj,1
/@marisosa7832,/@edwingeovanymarroquinmarro6684,1
/@marisosa7832,/@MariaaliciaColonmorales,1
/@marisosa7832,/@jor77cas,1
/@marisosa7832,/@MrDuenderojo,1
/@marisosa7832,/@dorisl.garciaroche7763,1
/@marisosa7832,/@romeolopezherrarte799,1
/@marisosa7832,/@FidelZacarias-ph7dy,1
/@marisosa7832,/@AndresMedina-v1s,1
/@marisosa7832,/@SergioGarcia-z9c,1
/@marisosa7832,/@domingopeneleu6457,1
/@marisosa7832,/@ernestogamboa8737,1
/@marisosa7832,/@osmanmorales3012,1
/@marisosa7832,/@LuisCastillo-oz4df,1
/@marisosa7832,/@OsvaldoAguirre-l3i,1
/@marisosa7832,/@ronyarana8849,1
/@marisosa7832,/@mariorodas593,1
/@marisosa7832,/@Iv%C3%A1nP%C3%A9rez-j4j,1
/@marisosa7832,/@allanmunoz7410,1
/@marisosa7832,/@thelmamoran8565,1
/@marisosa7832,/@diegoalejandrolopezmendez205,1
/@marisosa7832,/@fredygarcia9151,1
/@marisosa7832,/@TeresaLucero-b5o,1
/@marisosa7832,/@vanigomez492,1
/@marisosa7832,/@ricardofigueroa5720,1
/@marisosa7832,/@carlosmedranovelasquez6380,1
/@marisosa7832,/@Joseroland21,1
/@marisosa7832,/@lizardomorataya8274,1
/@marisosa7832,/@davidgaher9550,1
/@marisosa7832,/@belvettzapeta1251,1
/@marisosa7832,/@edwinavila4876,1
/@marisosa7832,/@yeniferaguirre4498,1
/@marisosa7832,/@moisesvaldez4043,1
/@marisosa7832,/@isaiaslopezvelasquez1539,1
/@marisosa7832,/@alvaroesquivel563,1
/@marisosa7832,/@nestormendez6216,1
/@marisosa7832,/@cuabatzjj5924,1
/@marisosa7832,/@marcomendez7509,1
/@marisosa7832,/@elmorodriguez6978,1
/@marisosa7832,/@danyraymundo2942,1
/@marisosa7832,/@ErvinLeonardoCarreraLat%C3%ADn,1
/@marisosa7832,/@beneficioelcaminovillacana8540,1
/@marisosa7832,/@RolandoRaguay,1
/@marisosa7832,/@mireyamorales6595,1
/@marisosa7832,/@OdilioRodr%C3%ADguez-c5w,1
/@marisosa7832,/@carlossoto3252,1
/@marisosa7832,/@eddymunoz9789,1
/@carmenfigueroa1232,/@luisricardo9671,1
/@isaaclopez7220,/@ErvinLeonardoCarreraLat%C3%ADn,1
/@isaaclopez7220,/@RolandoRaguay,1
/@isaaclopez7220,/@mireyamorales6595,1
/@isaaclopez7220,/@OdilioRodr%C3%ADguez-c5w,1
/@isaaclopez7220,/@lizardomorataya8274,1
/@isaaclopez7220,/@carlosmedranovelasquez6380,1
/@isaaclopez7220,/@romeolopezherrarte799,1
/@isaaclopez7220,/@ricardofigueroa5720,1
/@isaaclopez7220,/@FidelZacarias-ph7dy,1
/@isaaclopez7220,/@AndresMedina-v1s,1
/@isaaclopez7220,/@SergioGarcia-z9c,1
/@isaaclopez7220,/@domingopeneleu6457,1
/@isaaclopez7220,/@ernestogamboa8737,1
/@isaaclopez7220,/@osmanmorales3012,1
/@isaaclopez7220,/@LuisCastillo-oz4df,1
/@isaaclopez7220,/@OsvaldoAguirre-l3i,1
/@isaaclopez7220,/@ronyarana8849,1
/@isaaclopez7220,/@mariorodas593,1
/@isaaclopez7220,/@beneficioelcaminovillacana8540,1
/@isaaclopez7220,/@danyraymundo2942,1
/@isaaclopez7220,/@allanmunoz7410,1
/@isaaclopez7220,/@elmorodriguez6978,1
/@isaaclopez7220,/@byronpontaza,1
/@isaaclopez7220,/@JosueRamirez-ey3ih,1
/@isaaclopez7220,/@oswaldosolis8728,1
/@isaaclopez7220,/@jor77cas,1
/@isaaclopez7220,/@welfrealdana5559,1
/@isaaclopez7220,/@MrDuenderojo,1
/@isaaclopez7220,/@Joseroland21,1
/@isaaclopez7220,/@davidgaher9550,1
/@isaaclopez7220,/@belvettzapeta1251,1
/@isaaclopez7220,/@edwinavila4876,1
/@isaaclopez7220,/@yeniferaguirre4498,1
/@isaaclopez7220,/@moisesvaldez4043,1
/@isaaclopez7220,/@isaiaslopezvelasquez1539,1
/@isaaclopez7220,/@alvaroesquivel563,1
/@isaaclopez7220,/@nestormendez6216,1
/@isaaclopez7220,/@cuabatzjj5924,1
/@isaaclopez7220,/@marcomendez7509,1
/@isaaclopez7220,/@Iv%C3%A1nP%C3%A9rez-j4j,1
/@isaaclopez7220,/@thelmamoran8565,1
/@marisosa7832,/@OscarHernandez-q8y,1
/@marisosa7832,/@maxwellsales885,1
/@marisosa7832,/@mynorrodas8591,1
/@marisosa7832,/@OseasSamayoa-ol5rz,1
/@marisosa7832,/@cesaraugustomoralesmonroy6907,1
/@marisosa7832,/@pablochitay46,1
/@marisosa7832,/@josecarrera9623,1
/@marisosa7832,/@victorarturoruanobautista7588,1
/@marisosa7832,/@VidalVillatoro-p4w,1
/@marisosa7832,/@luisparedes-pw6qt,1
/@marisosa7832,/@giovannirodas4836,1
/@marisosa7832,/@raquelprado3643,1
/@marisosa7832,/@marioajset4283,1
/@marisosa7832,/@edvinparedesherrera7632,1
/@marisosa7832,/@ManuelEdran,1
/@marisosa7832,/@ARGELIATELON,1
/@marisosa7832,/@anaaguirre8985,1
/@marisosa7832,/@RobertoZelaya-x1v,1
/@marisosa7832,/@hectorcarranza3777,1
/@marisosa7832,/@gorrarota,1
/@marisosa7832,/@MegaKristenstewart,1
/@isaaclopez7220,/@diegoalejandrolopezmendez205,1
/@marisosa7832,/@guillermogonzalez5153,1
/@isaaclopez7220,/@fredygarcia9151,1
/@isaaclopez7220,/@TeresaLucero-b5o,1
/@isaaclopez7220,/@vanigomez492,1
/@isaaclopez7220,/@cesarandreas7824,1
/@isaaclopez7220,/@oscarnavas9996,1
/@marisosa7832,/@MacarioMartinezruiz,1
/@marisosa7832,/@JavierBecerra-h6x,1
/@marisosa7832,/@johnmejia992,1
/@marisosa7832,/@kanterra4584,1
/@marisosa7832,/@belarminavillatoro6474,1
/@marisosa7832,/@luisgpacheco5858,1
/@marisosa7832,/@GilmarMaldonado-q9m,1
/@marisosa7832,/@mariasamo8637,1
/@marisosa7832,/@josehidalgo4875,1
/@marisosa7832,/@JacintaTzoy,1
/@marisosa7832,/@carmenr6311,1
/@marisosa7832,/@aluxdel4792,1
/@marisosa7832,/@cesarandreas7824,1
/@marisosa7832,/@oscarnavas9996,1
/@rosaelenaargueta79,/@NataliaRodriguez-rx5mr,1
/@marioajset4283,/@LE_A22,1
/@marioajset4283,/@HaroldoCastillo-rh9iw,1
/@marioajset4283,/@SoniaMarroquin-y6e,1
/@marioajset4283,/@fredymendez1786,1
/@marioajset4283,/@nestorlorenzana1168,1
/@marioajset4283,/@luisletona2842,1
/@marioajset4283,/@carlosaguilar-kz7ml,1
/@marioajset4283,/@dantesarti4351,1
/@marioajset4283,/@monkchapin,1
/@marioajset4283,/@andyB5280,1
/@marioajset4283,/@Jel.Awesh.M,1
/@marioajset4283,/@byronpontaza,1
/@marioajset4283,/@JosueRamirez-ey3ih,1
/@marioajset4283,/@oswaldosolis8728,1
/@marioajset4283,/@jor77cas,1
/@marioajset4283,/@welfrealdana5559,1
/@marioajset4283,/@MrDuenderojo,1
/@marioajset4283,/@Joseroland21,1
/@marioajset4283,/@ArielRodas-g5y,1
/@marioajset4283,/@JuanChang-r6k,1
/@marioajset4283,/@belvettzapeta1251,1
/@marioajset4283,/@federicosaquimux1933,1
/@marioajset4283,/@fredydomingo7062,1
/@marioajset4283,/@edgarroldan5539,1
/@marioajset4283,/@hectoroliva949,1
/@marioajset4283,/@inge_vergueta,1
/@marioajset4283,/@CARLOSSTREMS51,1
/@marioajset4283,/@SuperVictor2005,1
/@marioajset4283,/@Rogergh-nw4oj,1
/@marioajset4283,/@VICTOREST19,1
/@marioajset4283,/@hugoasencio7764,1
/@marioajset4283,/@amyherrera7352,1
/@marioajset4283,/@JuanDavila-qd7qj,1
/@marioajset4283,/@edwingeovanymarroquinmarro6684,1
/@marioajset4283,/@MariaaliciaColonmorales,1
/@marioajset4283,/@virgiliogarcia3039,1
/@marioajset4283,/@markoherrera,1
/@marioajset4283,/@BenjaminLarios-jd8nk,1
/@marioajset4283,/@Aura-vf6dm,1
/@marioajset4283,/@davidgaher9550,1
/@marioajset4283,/@edwinavila4876,1
/@rosaelenaargueta79,/@Lyrics_GT,1
/@marioajset4283,/@SergioGarcia-z9c,1
/@marioajset4283,/@ernestogamboa8737,1
/@marioajset4283,/@osmanmorales3012,1
/@marioajset4283,/@LuisCastillo-oz4df,1
/@marioajset4283,/@OsvaldoAguirre-l3i,1
/@marioajset4283,/@ronyarana8849,1
/@marioajset4283,/@mariorodas593,1
/@marioajset4283,/@Iv%C3%A1nP%C3%A9rez-j4j,1
/@marioajset4283,/@allanmunoz7410,1
/@marioajset4283,/@thelmamoran8565,1
/@marioajset4283,/@diegoalejandrolopezmendez205,1
/@marioajset4283,/@fredygarcia9151,1
/@marioajset4283,/@TeresaLucero-b5o,1
/@marioajset4283,/@vanigomez492,1
/@marioajset4283,/@cesarandreas7824,1
/@marioajset4283,/@oscarnavas9996,1
/@carmenfigueroa1232,/@BernerSoza-mg3vx,1
/@carmenfigueroa1232,/@AlejandroP%C3%A9rez-b6r,1
/@marioajset4283,/@domingopeneleu6457,1
/@marioajset4283,/@AndresMedina-v1s,1
/@marioajset4283,/@yeniferaguirre4498,1
/@marioajset4283,/@FidelZacarias-ph7dy,1
/@marioajset4283,/@moisesvaldez4043,1
/@marioajset4283,/@isaiaslopezvelasquez1539,1
/@marioajset4283,/@alvaroesquivel563,1
/@marioajset4283,/@nestormendez6216,1
/@marioajset4283,/@cuabatzjj5924,1
/@marioajset4283,/@marcomendez7509,1
/@marioajset4283,/@elmorodriguez6978,1
/@marioajset4283,/@danyraymundo2942,1
/@marioajset4283,/@ErvinLeonardoCarreraLat%C3%ADn,1
/@marioajset4283,/@beneficioelcaminovillacana8540,1
/@marioajset4283,/@RolandoRaguay,1
/@marioajset4283,/@mireyamorales6595,1
/@marioajset4283,/@OdilioRodr%C3%ADguez-c5w,1
/@marioajset4283,/@lizardomorataya8274,1
/@marioajset4283,/@carlosmedranovelasquez6380,1
/@marioajset4283,/@romeolopezherrarte799,1
/@marioajset4283,/@ricardofigueroa5720,1
/@marioajset4283,/@davidisraelesquitsaquil,1
/@marioajset4283,/@FranciscoRivera-sf7ne,1
/@marioajset4283,/@eusebiovasquez4385,1
/@rosaelenaargueta79,/@quijotachapina1,1
/@rosaelenaargueta79,/@leonelsantizo5281,1
/@rosaelenaargueta79,/@OmarMartinez-vv8re,1
/@rosaelenaargueta79,/@mariocordon8873,1
/@rosaelenaargueta79,/@EdgarcalderonCalderong,1
/@rosaelenaargueta79,/@HectorElias-u2l,1
/@rosaelenaargueta79,/@gonzalo6075,1
/@rosaelenaargueta79,/@davidlima1348,1
/@rosaelenaargueta79,/@EcPerez-zz9oh,1
/@rosaelenaargueta79,/@karensussetteleonvargas9794,1
/@rosaelenaargueta79,/@sergiohinestroza9709,1
/@rosaelenaargueta79,/@RolandoCastroP%C3%A9rez-d7y,1
/@rosaelenaargueta79,/@javiercifuentesarchila6041,1
/@rosaelenaargueta79,/@ingenieroar,1
/@rosaelenaargueta79,/@estuardoargueta137,1
/@rosaelenaargueta79,/@armindapenados2841,1
/@rosaelenaargueta79,/@Silviazea,1
/@rosaelenaargueta79,/@AnaDiaz-re9sq,1
/@rosaelenaargueta79,/@caminoseternos752,1
/@rosaelenaargueta79,/@josecastillo4390,1
/@marioajset4283,/@mdelcid01,1
/@rosaelenaargueta79,/@pedroros6358,1
/@rosaelenaargueta79,/@genarodelgado3929,1
/@rosaelenaargueta79,/@eustaquiogomez9975,1
/@rosaelenaargueta79,/@laboratorio5528,1
/@rosaelenaargueta79,/@melvinlopez7096,1
/@rosaelenaargueta79,/@Jel.Awesh.M,1
/@rosaelenaargueta79,/@MarcosCarillo-b1r,1
/@rosaelenaargueta79,/@dinoraoroxon5771,1
/@rosaelenaargueta79,/@hendersonlopez3864,1
/@rosaelenaargueta79,/@lesolorzano,1
/@rosaelenaargueta79,/@iamjimalesssa,1
/@rosaelenaargueta79,/@marlenareano-h4t,1
/@rosaelenaargueta79,/@FernandoGarcia-jg1fj,1
/@rosaelenaargueta79,/@lisss1908,1
/@rosaelenaargueta79,/@AndresLemus-k2d,1
/@rosaelenaargueta79,/@inge_vergueta,1
/@rosaelenaargueta79,/@jorgeaguilar-bq3uj,1
/@rosaelenaargueta79,/@aguilar4254,1
/@rosaelenaargueta79,/@rogeraldana4289,1
/@rosaelenaargueta79,/@carloslam5333,1
/@rosaelenaargueta79,/@alfredoortega9264,1
/@rosaelenaargueta79,/@lidiarodriguez3493,1
/@marioajset4283,/@pablochitay46,1
/@marioajset4283,/@josecarrera9623,1
/@marioajset4283,/@victorarturoruanobautista7588,1
/@marioajset4283,/@VidalVillatoro-p4w,1
/@marioajset4283,/@luisparedes-pw6qt,1
/@marioajset4283,/@giovannirodas4836,1
/@marioajset4283,/@raquelprado3643,1
/@marioajset4283,/@edvinparedesherrera7632,1
/@marioajset4283,/@ManuelEdran,1
/@marioajset4283,/@ARGELIATELON,1
/@marioajset4283,/@anaaguirre8985,1
/@marioajset4283,/@RobertoZelaya-x1v,1
/@marioajset4283,/@hectorcarranza3777,1
/@marioajset4283,/@OscarHernandez-q8y,1
/@marioajset4283,/@eddymunoz9789,1
/@marioajset4283,/@dorisl.garciaroche7763,1
/@marioajset4283,/@carlossoto3252,1
/@marioajset4283,/@cesaraugustomoralesmonroy6907,1
/@marioajset4283,/@OseasSamayoa-ol5rz,1
/@marioajset4283,/@mynorrodas8591,1
/@marioajset4283,/@GilmarMaldonado-q9m,1
/@rosaelenaargueta79,/@ligiaguerra3057,1
/@marioajset4283,/@MacarioMartinezruiz,1
/@marioajset4283,/@JavierBecerra-h6x,1
/@marioajset4283,/@johnmejia992,1
/@marioajset4283,/@kanterra4584,1
/@marioajset4283,/@belarminavillatoro6474,1
/@marioajset4283,/@luisgpacheco5858,1
/@marioajset4283,/@mariasamo8637,1
/@marioajset4283,/@gorrarota,1
/@marioajset4283,/@josehidalgo4875,1
/@marioajset4283,/@JacintaTzoy,1
/@marioajset4283,/@carmenr6311,1
/@marioajset4283,/@aluxdel4792,1
/@marioajset4283,/@guillermogonzalez5153,1
/@marioajset4283,/@MegaKristenstewart,1
/@marioajset4283,/@maxwellsales885,1
/@hugoasencio7764,/@raquelprado3643,1
/@hugoasencio7764,/@ManuelEdran,1
/@alfredoortega9264,/@MarcosCarillo-b1r,1
/@edvinparedesherrera7632,/@MacarioMartinezruiz,1
/@edvinparedesherrera7632,/@johnmejia992,1
/@edvinparedesherrera7632,/@kanterra4584,1
/@edvinparedesherrera7632,/@belarminavillatoro6474,1
/@edvinparedesherrera7632,/@luisgpacheco5858,1
/@edvinparedesherrera7632,/@GilmarMaldonado-q9m,1
/@edvinparedesherrera7632,/@mariasamo8637,1
/@edvinparedesherrera7632,/@josehidalgo4875,1
/@edvinparedesherrera7632,/@JacintaTzoy,1
/@edvinparedesherrera7632,/@carmenr6311,1
/@edvinparedesherrera7632,/@guillermogonzalez5153,1
/@edvinparedesherrera7632,/@MegaKristenstewart,1
/@edvinparedesherrera7632,/@maxwellsales885,1
/@edvinparedesherrera7632,/@gorrarota,1
/@edvinparedesherrera7632,/@mynorrodas8591,1
/@edvinparedesherrera7632,/@OseasSamayoa-ol5rz,1
/@edvinparedesherrera7632,/@cesaraugustomoralesmonroy6907,1
/@edvinparedesherrera7632,/@pablochitay46,1
/@edvinparedesherrera7632,/@JavierBecerra-h6x,1
/@AbigailRodas-w2r,/@RolandoGonzalez-o7g,1
/@edvinparedesherrera7632,/@victorarturoruanobautista7588,1
/@AbigailRodas-w2r,/@albertoshernandez5251,1
/@AbigailRodas-w2r,/@Israel-u5i7i,1
/@AbigailRodas-w2r,/@cristianescobedo8296,1
/@AbigailRodas-w2r,/@Murmullodelbarrio,1
/@AbigailRodas-w2r,/@robertoescobar5507,1
/@AbigailRodas-w2r,/@josegil3813,1
/@AbigailRodas-w2r,/@AntonioChiyal-x5s,1
/@AbigailRodas-w2r,/@hectormaaz5523,1
/@AbigailRodas-w2r,/@vitalianochavez8382,1
/@AbigailRodas-w2r,/@elmilenial4064,1
/@AbigailRodas-w2r,/@maydamorales4395,1
/@AbigailRodas-w2r,/@rosaoliva9389,1
/@AbigailRodas-w2r,/@franciscojuarez9223,1
/@AbigailRodas-w2r,/@carlosgranados9875,1
/@AbigailRodas-w2r,/@pattyfigueroa5609,1
/@AbigailRodas-w2r,/@mariogonzalezorellana8956,1
/@AbigailRodas-w2r,/@vic-bonivideos,1
/@AbigailRodas-w2r,/@franciscoflores3120,1
/@edvinparedesherrera7632,/@josecarrera9623,1
/@edvinparedesherrera7632,/@VidalVillatoro-p4w,1
/@AbigailRodas-w2r,/@elsasalguero6914,1
/@edvinparedesherrera7632,/@Rogergh-nw4oj,1
/@edvinparedesherrera7632,/@JuanDavila-qd7qj,1
/@edvinparedesherrera7632,/@edwingeovanymarroquinmarro6684,1
/@edvinparedesherrera7632,/@MariaaliciaColonmorales,1
/@edvinparedesherrera7632,/@virgiliogarcia3039,1
/@edvinparedesherrera7632,/@markoherrera,1
/@edvinparedesherrera7632,/@BenjaminLarios-jd8nk,1
/@edvinparedesherrera7632,/@Aura-vf6dm,1
/@edvinparedesherrera7632,/@federicosaquimux1933,1
/@edvinparedesherrera7632,/@JuanChang-r6k,1
/@edvinparedesherrera7632,/@LE_A22,1
/@edvinparedesherrera7632,/@ArielRodas-g5y,1
/@edvinparedesherrera7632,/@HaroldoCastillo-rh9iw,1
/@edvinparedesherrera7632,/@SoniaMarroquin-y6e,1
/@edvinparedesherrera7632,/@fredymendez1786,1
/@edvinparedesherrera7632,/@nestorlorenzana1168,1
/@edvinparedesherrera7632,/@luisletona2842,1
/@edvinparedesherrera7632,/@carlosaguilar-kz7ml,1
/@edvinparedesherrera7632,/@amyherrera7352,1
/@edvinparedesherrera7632,/@SuperVictor2005,1
/@edvinparedesherrera7632,/@luisparedes-pw6qt,1
/@edvinparedesherrera7632,/@CARLOSSTREMS51,1
/@edvinparedesherrera7632,/@raquelprado3643,1
/@edvinparedesherrera7632,/@ARGELIATELON,1
/@edvinparedesherrera7632,/@anaaguirre8985,1
/@edvinparedesherrera7632,/@RobertoZelaya-x1v,1
/@edvinparedesherrera7632,/@hectorcarranza3777,1
/@edvinparedesherrera7632,/@OscarHernandez-q8y,1
/@edvinparedesherrera7632,/@eddymunoz9789,1
/@edvinparedesherrera7632,/@dorisl.garciaroche7763,1
/@edvinparedesherrera7632,/@carlossoto3252,1
/@edvinparedesherrera7632,/@mdelcid01,1
/@edvinparedesherrera7632,/@eusebiovasquez4385,1
/@edvinparedesherrera7632,/@FranciscoRivera-sf7ne,1
/@edvinparedesherrera7632,/@davidisraelesquitsaquil,1
/@edvinparedesherrera7632,/@fredydomingo7062,1
/@edvinparedesherrera7632,/@edgarroldan5539,1
/@edvinparedesherrera7632,/@hectoroliva949,1
/@edvinparedesherrera7632,/@inge_vergueta,1
/@AbigailRodas-w2r,/@anibalg47,1
/@AbigailRodas-w2r,/@lara11roberto,1
/@edvinparedesherrera7632,/@monkchapin,1
/@isaidiaz2388,/@crislexrubi4387,1
/@isaidiaz2388,/@kingr4706,1
/@isaidiaz2388,/@elenaluarca9377,1
/@isaidiaz2388,/@maynorcalel1442,1
/@isaidiaz2388,/@JoseReyes-rn6sh,1
/@isaidiaz2388,/@bryansicasales4280,1
/@leonelsantizo5281,/@NataliaRodriguez-rx5mr,1
/@leonelsantizo5281,/@Lyrics_GT,1
/@leonelsantizo5281,/@genarodelgado3929,1
/@leonelsantizo5281,/@eustaquiogomez9975,1
/@leonelsantizo5281,/@laboratorio5528,1
/@leonelsantizo5281,/@melvinlopez7096,1
/@leonelsantizo5281,/@Jel.Awesh.M,1
/@leonelsantizo5281,/@MarcosCarillo-b1r,1
/@leonelsantizo5281,/@dinoraoroxon5771,1
/@leonelsantizo5281,/@hendersonlopez3864,1
/@leonelsantizo5281,/@lesolorzano,1
/@leonelsantizo5281,/@iamjimalesssa,1
/@isaidiaz2388,/@jeanmorales1677,1
/@isaidiaz2388,/@zetag,1
/@leonelsantizo5281,/@FernandoGarcia-jg1fj,1
/@isaidiaz2388,/@samuelaguilar529,1
/@giovannirodas4836,/@fredygarcia9151,1
/@giovannirodas4836,/@TeresaLucero-b5o,1
/@giovannirodas4836,/@vanigomez492,1
/@giovannirodas4836,/@cesarandreas7824,1
/@giovannirodas4836,/@oscarnavas9996,1
/@isaidiaz2388,/@alexandrevasquez4135,1
/@isaidiaz2388,/@carlosoliva9249,1
/@isaidiaz2388,/@TheAlexX_C,1
/@isaidiaz2388,/@ChRiStOpHeR7969,1
/@isaidiaz2388,/@melvinperez6710,1
/@isaidiaz2388,/@rolandojuchuna484,1
/@isaidiaz2388,/@perritojuega1,1
/@isaidiaz2388,/@mynorgudiel8646,1
/@isaidiaz2388,/@jimmygomez724,1
/@isaidiaz2388,/@alexarcos8349,1
/@isaidiaz2388,/@WalksandSuch,1
/@isaidiaz2388,/@arielsarc09,1
/@leonelsantizo5281,/@marlenareano-h4t,1
/@leonelsantizo5281,/@lisss1908,1
/@AbigailRodas-w2r,/@luisricardo9671,1
/@leonelsantizo5281,/@armindapenados2841,1
/@leonelsantizo5281,/@AnaDiaz-re9sq,1
/@leonelsantizo5281,/@rogeraldana4289,1
/@leonelsantizo5281,/@carloslam5333,1
/@leonelsantizo5281,/@alfredoortega9264,1
/@leonelsantizo5281,/@lidiarodriguez3493,1
/@leonelsantizo5281,/@ligiaguerra3057,1
/@allanreneramirezgonzalez534,/@rwdm76,1
/@allanreneramirezgonzalez534,/@inge_vergueta,1
/@allanreneramirezgonzalez534,/@imrcp5694,1
/@allanreneramirezgonzalez534,/@ULJoshmg2011,1
/@allanreneramirezgonzalez534,/@daniloarevalo3170,1
/@allanreneramirezgonzalez534,/@Alejandro00710,1
/@allanreneramirezgonzalez534,/@cmorera21,1
/@allanreneramirezgonzalez534,/@hashojea7348,1
/@allanreneramirezgonzalez534,/@2jose82,1
/@AbigailRodas-w2r,/@BernerSoza-mg3vx,1
/@AbigailRodas-w2r,/@AlejandroP%C3%A9rez-b6r,1
/@leonelsantizo5281,/@Silviazea,1
/@leonelsantizo5281,/@estuardoargueta137,1
/@leonelsantizo5281,/@AndresLemus-k2d,1
/@leonelsantizo5281,/@ingenieroar,1
/@leonelsantizo5281,/@inge_vergueta,1
/@leonelsantizo5281,/@jorgeaguilar-bq3uj,1
/@leonelsantizo5281,/@aguilar4254,1
/@leonelsantizo5281,/@pedroros6358,1
/@leonelsantizo5281,/@josecastillo4390,1
/@leonelsantizo5281,/@quijotachapina1,1
/@leonelsantizo5281,/@caminoseternos752,1
/@leonelsantizo5281,/@OmarMartinez-vv8re,1
/@leonelsantizo5281,/@mariocordon8873,1
/@leonelsantizo5281,/@EdgarcalderonCalderong,1
/@leonelsantizo5281,/@HectorElias-u2l,1
/@leonelsantizo5281,/@gonzalo6075,1
/@leonelsantizo5281,/@EcPerez-zz9oh,1
/@leonelsantizo5281,/@karensussetteleonvargas9794,1
/@leonelsantizo5281,/@sergiohinestroza9709,1
/@leonelsantizo5281,/@RolandoCastroP%C3%A9rez-d7y,1
/@leonelsantizo5281,/@javiercifuentesarchila6041,1
/@edvinparedesherrera7632,/@dantesarti4351,1
/@edvinparedesherrera7632,/@andyB5280,1
/@hugoasencio7764,/@ARGELIATELON,1
/@johnmejia992,/@fredymendez1786,1
/@johnmejia992,/@luisletona2842,1
/@johnmejia992,/@carlosaguilar-kz7ml,1
/@johnmejia992,/@dantesarti4351,1
/@johnmejia992,/@monkchapin,1
/@johnmejia992,/@andyB5280,1
/@johnmejia992,/@Jel.Awesh.M,1
/@johnmejia992,/@byronpontaza,1
/@johnmejia992,/@JosueRamirez-ey3ih,1
/@johnmejia992,/@oswaldosolis8728,1
/@johnmejia992,/@jor77cas,1
/@johnmejia992,/@welfrealdana5559,1
/@johnmejia992,/@MrDuenderojo,1
/@johnmejia992,/@Joseroland21,1
/@johnmejia992,/@davidgaher9550,1
/@johnmejia992,/@belvettzapeta1251,1
/@johnmejia992,/@edwinavila4876,1
/@johnmejia992,/@yeniferaguirre4498,1
/@johnmejia992,/@nestorlorenzana1168,1
/@johnmejia992,/@SoniaMarroquin-y6e,1
/@johnmejia992,/@isaiaslopezvelasquez1539,1
/@johnmejia992,/@HaroldoCastillo-rh9iw,1
/@johnmejia992,/@hectoroliva949,1
/@johnmejia992,/@inge_vergueta,1
/@johnmejia992,/@CARLOSSTREMS51,1
/@johnmejia992,/@SuperVictor2005,1
/@johnmejia992,/@Rogergh-nw4oj,1
/@johnmejia992,/@amyherrera7352,1
/@johnmejia992,/@JuanDavila-qd7qj,1
/@johnmejia992,/@edwingeovanymarroquinmarro6684,1
/@johnmejia992,/@MariaaliciaColonmorales,1
/@johnmejia992,/@virgiliogarcia3039,1
/@johnmejia992,/@markoherrera,1
/@johnmejia992,/@BenjaminLarios-jd8nk,1
/@johnmejia992,/@Aura-vf6dm,1
/@johnmejia992,/@federicosaquimux1933,1
/@johnmejia992,/@JuanChang-r6k,1
/@johnmejia992,/@LE_A22,1
/@johnmejia992,/@ArielRodas-g5y,1
/@johnmejia992,/@moisesvaldez4043,1
/@johnmejia992,/@alvaroesquivel563,1
/@johnmejia992,/@fredydomingo7062,1
/@johnmejia992,/@LuisCastillo-oz4df,1
/@johnmejia992,/@ronyarana8849,1
/@johnmejia992,/@mariorodas593,1
/@johnmejia992,/@Iv%C3%A1nP%C3%A9rez-j4j,1
/@johnmejia992,/@allanmunoz7410,1
/@johnmejia992,/@thelmamoran8565,1
/@johnmejia992,/@diegoalejandrolopezmendez205,1
/@johnmejia992,/@fredygarcia9151,1
/@johnmejia992,/@TeresaLucero-b5o,1
/@johnmejia992,/@vanigomez492,1
/@johnmejia992,/@cesarandreas7824,1
/@johnmejia992,/@oscarnavas9996,1
/@alfredoortega9264,/@NataliaRodriguez-rx5mr,1
/@alfredoortega9264,/@Lyrics_GT,1
/@alfredoortega9264,/@genarodelgado3929,1
/@alfredoortega9264,/@eustaquiogomez9975,1
/@alfredoortega9264,/@laboratorio5528,1
/@alfredoortega9264,/@melvinlopez7096,1
/@johnmejia992,/@OsvaldoAguirre-l3i,1
/@johnmejia992,/@osmanmorales3012,1
/@johnmejia992,/@nestormendez6216,1
/@johnmejia992,/@ernestogamboa8737,1
/@johnmejia992,/@cuabatzjj5924,1
/@johnmejia992,/@marcomendez7509,1
/@johnmejia992,/@elmorodriguez6978,1
/@johnmejia992,/@danyraymundo2942,1
/@johnmejia992,/@ErvinLeonardoCarreraLat%C3%ADn,1
/@johnmejia992,/@beneficioelcaminovillacana8540,1
/@johnmejia992,/@RolandoRaguay,1
/@johnmejia992,/@mireyamorales6595,1
/@johnmejia992,/@OdilioRodr%C3%ADguez-c5w,1
/@johnmejia992,/@lizardomorataya8274,1
/@johnmejia992,/@carlosmedranovelasquez6380,1
/@johnmejia992,/@romeolopezherrarte799,1
/@johnmejia992,/@ricardofigueroa5720,1
/@johnmejia992,/@FidelZacarias-ph7dy,1
/@johnmejia992,/@AndresMedina-v1s,1
/@johnmejia992,/@SergioGarcia-z9c,1
/@johnmejia992,/@domingopeneleu6457,1
/@johnmejia992,/@edgarroldan5539,1
/@johnmejia992,/@davidisraelesquitsaquil,1
/@edvinparedesherrera7632,/@Jel.Awesh.M,1
/@edvinparedesherrera7632,/@ErvinLeonardoCarreraLat%C3%ADn,1
/@edvinparedesherrera7632,/@RolandoRaguay,1
/@edvinparedesherrera7632,/@mireyamorales6595,1
/@edvinparedesherrera7632,/@OdilioRodr%C3%ADguez-c5w,1
/@edvinparedesherrera7632,/@lizardomorataya8274,1
/@edvinparedesherrera7632,/@carlosmedranovelasquez6380,1
/@edvinparedesherrera7632,/@romeolopezherrarte799,1
/@edvinparedesherrera7632,/@ricardofigueroa5720,1
/@edvinparedesherrera7632,/@FidelZacarias-ph7dy,1
/@edvinparedesherrera7632,/@AndresMedina-v1s,1
/@edvinparedesherrera7632,/@SergioGarcia-z9c,1
/@edvinparedesherrera7632,/@domingopeneleu6457,1
/@edvinparedesherrera7632,/@ernestogamboa8737,1
/@edvinparedesherrera7632,/@osmanmorales3012,1
/@edvinparedesherrera7632,/@LuisCastillo-oz4df,1
/@edvinparedesherrera7632,/@OsvaldoAguirre-l3i,1
/@edvinparedesherrera7632,/@ronyarana8849,1
/@edvinparedesherrera7632,/@mariorodas593,1
/@edvinparedesherrera7632,/@beneficioelcaminovillacana8540,1
/@edvinparedesherrera7632,/@danyraymundo2942,1
/@edvinparedesherrera7632,/@allanmunoz7410,1
/@edvinparedesherrera7632,/@elmorodriguez6978,1
/@edvinparedesherrera7632,/@byronpontaza,1
/@edvinparedesherrera7632,/@JosueRamirez-ey3ih,1
/@edvinparedesherrera7632,/@oswaldosolis8728,1
/@edvinparedesherrera7632,/@jor77cas,1
/@edvinparedesherrera7632,/@welfrealdana5559,1
/@edvinparedesherrera7632,/@MrDuenderojo,1
/@edvinparedesherrera7632,/@Joseroland21,1
/@edvinparedesherrera7632,/@davidgaher9550,1
/@edvinparedesherrera7632,/@belvettzapeta1251,1
/@edvinparedesherrera7632,/@edwinavila4876,1
/@edvinparedesherrera7632,/@yeniferaguirre4498,1
/@edvinparedesherrera7632,/@moisesvaldez4043,1
/@edvinparedesherrera7632,/@isaiaslopezvelasquez1539,1
/@edvinparedesherrera7632,/@alvaroesquivel563,1
/@edvinparedesherrera7632,/@nestormendez6216,1
/@edvinparedesherrera7632,/@cuabatzjj5924,1
/@edvinparedesherrera7632,/@marcomendez7509,1
/@edvinparedesherrera7632,/@Iv%C3%A1nP%C3%A9rez-j4j,1
/@edvinparedesherrera7632,/@thelmamoran8565,1
/@johnmejia992,/@FranciscoRivera-sf7ne,1
/@johnmejia992,/@mynorrodas8591,1
/@johnmejia992,/@cesaraugustomoralesmonroy6907,1
/@johnmejia992,/@pablochitay46,1
/@johnmejia992,/@josecarrera9623,1
/@johnmejia992,/@victorarturoruanobautista7588,1
/@johnmejia992,/@VidalVillatoro-p4w,1
/@johnmejia992,/@luisparedes-pw6qt,1
/@johnmejia992,/@raquelprado3643,1
/@johnmejia992,/@ARGELIATELON,1
/@johnmejia992,/@anaaguirre8985,1
/@johnmejia992,/@RobertoZelaya-x1v,1
/@johnmejia992,/@hectorcarranza3777,1
/@johnmejia992,/@OscarHernandez-q8y,1
/@johnmejia992,/@eddymunoz9789,1
/@johnmejia992,/@dorisl.garciaroche7763,1
/@johnmejia992,/@carlossoto3252,1
/@johnmejia992,/@mdelcid01,1
/@johnmejia992,/@eusebiovasquez4385,1
/@johnmejia992,/@OseasSamayoa-ol5rz,1
/@johnmejia992,/@gorrarota,1
/@edvinparedesherrera7632,/@diegoalejandrolopezmendez205,1
/@johnmejia992,/@maxwellsales885,1
/@edvinparedesherrera7632,/@fredygarcia9151,1
/@edvinparedesherrera7632,/@TeresaLucero-b5o,1
/@edvinparedesherrera7632,/@vanigomez492,1
/@edvinparedesherrera7632,/@cesarandreas7824,1
/@edvinparedesherrera7632,/@oscarnavas9996,1
/@johnmejia992,/@MacarioMartinezruiz,1
/@johnmejia992,/@JavierBecerra-h6x,1
/@johnmejia992,/@kanterra4584,1
/@johnmejia992,/@belarminavillatoro6474,1
/@johnmejia992,/@luisgpacheco5858,1
/@johnmejia992,/@GilmarMaldonado-q9m,1
/@johnmejia992,/@mariasamo8637,1
/@johnmejia992,/@josehidalgo4875,1
/@johnmejia992,/@JacintaTzoy,1
/@johnmejia992,/@carmenr6311,1
/@johnmejia992,/@guillermogonzalez5153,1
/@johnmejia992,/@MegaKristenstewart,1
/@giovannirodas4836,/@diegoalejandrolopezmendez205,1
/@giovannirodas4836,/@thelmamoran8565,1
/@giovannirodas4836,/@allanmunoz7410,1
/@ManuelEdran,/@OseasSamayoa-ol5rz,1
/@ManuelEdran,/@pablochitay46,1
/@ManuelEdran,/@josecarrera9623,1
/@ManuelEdran,/@victorarturoruanobautista7588,1
/@ManuelEdran,/@VidalVillatoro-p4w,1
/@ManuelEdran,/@luisparedes-pw6qt,1
/@ManuelEdran,/@giovannirodas4836,1
/@ManuelEdran,/@raquelprado3643,1
/@ManuelEdran,/@edvinparedesherrera7632,1
/@ManuelEdran,/@ARGELIATELON,1
/@ManuelEdran,/@anaaguirre8985,1
/@ManuelEdran,/@RobertoZelaya-x1v,1
/@ManuelEdran,/@hectorcarranza3777,1
/@ManuelEdran,/@OscarHernandez-q8y,1
/@ManuelEdran,/@eddymunoz9789,1
/@ManuelEdran,/@dorisl.garciaroche7763,1
/@ManuelEdran,/@carlossoto3252,1
/@ManuelEdran,/@mdelcid01,1
/@ManuelEdran,/@cesaraugustomoralesmonroy6907,1
/@ManuelEdran,/@mynorrodas8591,1
/@ManuelEdran,/@FranciscoRivera-sf7ne,1
/@ManuelEdran,/@gorrarota,1
/@hugoasencio7764,/@vanigomez492,1
/@hugoasencio7764,/@cesarandreas7824,1
/@hugoasencio7764,/@oscarnavas9996,1
/@ManuelEdran,/@MacarioMartinezruiz,1
/@ManuelEdran,/@JavierBecerra-h6x,1
/@ManuelEdran,/@johnmejia992,1
/@ManuelEdran,/@kanterra4584,1
/@ManuelEdran,/@belarminavillatoro6474,1
/@ManuelEdran,/@luisgpacheco5858,1
/@ManuelEdran,/@GilmarMaldonado-q9m,1
/@ManuelEdran,/@mariasamo8637,1
/@ManuelEdran,/@josehidalgo4875,1
/@ManuelEdran,/@JacintaTzoy,1
/@ManuelEdran,/@carmenr6311,1
/@ManuelEdran,/@guillermogonzalez5153,1
/@ManuelEdran,/@MegaKristenstewart,1
/@ManuelEdran,/@maxwellsales885,1
/@ManuelEdran,/@eusebiovasquez4385,1
/@ManuelEdran,/@davidisraelesquitsaquil,1
/@hugoasencio7764,/@fredygarcia9151,1
/@ManuelEdran,/@SoniaMarroquin-y6e,1
/@ManuelEdran,/@nestorlorenzana1168,1
/@ManuelEdran,/@luisletona2842,1
/@ManuelEdran,/@carlosaguilar-kz7ml,1
/@ManuelEdran,/@dantesarti4351,1
/@ManuelEdran,/@monkchapin,1
/@ManuelEdran,/@andyB5280,1
/@ManuelEdran,/@Jel.Awesh.M,1
/@ManuelEdran,/@byronpontaza,1
/@ManuelEdran,/@JosueRamirez-ey3ih,1
/@ManuelEdran,/@oswaldosolis8728,1
/@ManuelEdran,/@jor77cas,1
/@ManuelEdran,/@welfrealdana5559,1
/@ManuelEdran,/@MrDuenderojo,1
/@ManuelEdran,/@Joseroland21,1
/@ManuelEdran,/@davidgaher9550,1
/@ManuelEdran,/@belvettzapeta1251,1
/@ManuelEdran,/@edwinavila4876,1
/@ManuelEdran,/@fredymendez1786,1
/@ManuelEdran,/@HaroldoCastillo-rh9iw,1
/@ManuelEdran,/@fredydomingo7062,1
/@ManuelEdran,/@ArielRodas-g5y,1
/@ManuelEdran,/@edgarroldan5539,1
/@ManuelEdran,/@hectoroliva949,1
/@ManuelEdran,/@inge_vergueta,1
/@ManuelEdran,/@CARLOSSTREMS51,1
/@ManuelEdran,/@SuperVictor2005,1
/@ManuelEdran,/@Rogergh-nw4oj,1
/@ManuelEdran,/@amyherrera7352,1
/@ManuelEdran,/@JuanDavila-qd7qj,1
/@ManuelEdran,/@edwingeovanymarroquinmarro6684,1
/@ManuelEdran,/@MariaaliciaColonmorales,1
/@ManuelEdran,/@virgiliogarcia3039,1
/@ManuelEdran,/@markoherrera,1
/@ManuelEdran,/@BenjaminLarios-jd8nk,1
/@ManuelEdran,/@Aura-vf6dm,1
/@ManuelEdran,/@federicosaquimux1933,1
/@ManuelEdran,/@JuanChang-r6k,1
/@ManuelEdran,/@LE_A22,1
/@hugoasencio7764,/@TeresaLucero-b5o,1
/@hugoasencio7764,/@diegoalejandrolopezmendez205,1
/@giovannirodas4836,/@Iv%C3%A1nP%C3%A9rez-j4j,1
/@hugoasencio7764,/@JuanDavila-qd7qj,1
/@hugoasencio7764,/@MariaaliciaColonmorales,1
/@hugoasencio7764,/@virgiliogarcia3039,1
/@hugoasencio7764,/@markoherrera,1
/@hugoasencio7764,/@BenjaminLarios-jd8nk,1
/@hugoasencio7764,/@Aura-vf6dm,1
/@hugoasencio7764,/@federicosaquimux1933,1
/@hugoasencio7764,/@JuanChang-r6k,1
/@hugoasencio7764,/@LE_A22,1
/@hugoasencio7764,/@ArielRodas-g5y,1
/@hugoasencio7764,/@HaroldoCastillo-rh9iw,1
/@hugoasencio7764,/@SoniaMarroquin-y6e,1
/@hugoasencio7764,/@fredymendez1786,1
/@hugoasencio7764,/@nestorlorenzana1168,1
/@hugoasencio7764,/@luisletona2842,1
/@hugoasencio7764,/@carlosaguilar-kz7ml,1
/@hugoasencio7764,/@dantesarti4351,1
/@hugoasencio7764,/@monkchapin,1
/@hugoasencio7764,/@edwingeovanymarroquinmarro6684,1
/@hugoasencio7764,/@amyherrera7352,1
/@hugoasencio7764,/@Jel.Awesh.M,1
/@hugoasencio7764,/@Rogergh-nw4oj,1
/@hugoasencio7764,/@anaaguirre8985,1
/@hugoasencio7764,/@RobertoZelaya-x1v,1
/@hugoasencio7764,/@hectorcarranza3777,1
/@hugoasencio7764,/@OscarHernandez-q8y,1
/@hugoasencio7764,/@eddymunoz9789,1
/@hugoasencio7764,/@dorisl.garciaroche7763,1
/@hugoasencio7764,/@carlossoto3252,1
/@hugoasencio7764,/@mdelcid01,1
/@hugoasencio7764,/@eusebiovasquez4385,1
/@hugoasencio7764,/@FranciscoRivera-sf7ne,1
/@hugoasencio7764,/@davidisraelesquitsaquil,1
/@hugoasencio7764,/@fredydomingo7062,1
/@hugoasencio7764,/@edgarroldan5539,1
/@hugoasencio7764,/@hectoroliva949,1
/@hugoasencio7764,/@inge_vergueta,1
/@hugoasencio7764,/@CARLOSSTREMS51,1
/@hugoasencio7764,/@SuperVictor2005,1
/@hugoasencio7764,/@andyB5280,1
/@hugoasencio7764,/@byronpontaza,1
/@hugoasencio7764,/@thelmamoran8565,1
/@hugoasencio7764,/@RolandoRaguay,1
/@hugoasencio7764,/@OdilioRodr%C3%ADguez-c5w,1
/@hugoasencio7764,/@lizardomorataya8274,1
/@hugoasencio7764,/@carlosmedranovelasquez6380,1
/@hugoasencio7764,/@romeolopezherrarte799,1
/@hugoasencio7764,/@ricardofigueroa5720,1
/@hugoasencio7764,/@FidelZacarias-ph7dy,1
/@hugoasencio7764,/@AndresMedina-v1s,1
/@hugoasencio7764,/@SergioGarcia-z9c,1
/@hugoasencio7764,/@domingopeneleu6457,1
/@hugoasencio7764,/@ernestogamboa8737,1
/@hugoasencio7764,/@osmanmorales3012,1
/@hugoasencio7764,/@LuisCastillo-oz4df,1
/@hugoasencio7764,/@OsvaldoAguirre-l3i,1
/@hugoasencio7764,/@ronyarana8849,1
/@hugoasencio7764,/@mariorodas593,1
/@hugoasencio7764,/@Iv%C3%A1nP%C3%A9rez-j4j,1
/@hugoasencio7764,/@allanmunoz7410,1
/@hugoasencio7764,/@mireyamorales6595,1
/@hugoasencio7764,/@beneficioelcaminovillacana8540,1
/@hugoasencio7764,/@JosueRamirez-ey3ih,1
/@hugoasencio7764,/@ErvinLeonardoCarreraLat%C3%ADn,1
/@hugoasencio7764,/@oswaldosolis8728,1
/@hugoasencio7764,/@jor77cas,1
/@hugoasencio7764,/@welfrealdana5559,1
/@hugoasencio7764,/@MrDuenderojo,1
/@hugoasencio7764,/@Joseroland21,1
/@hugoasencio7764,/@davidgaher9550,1
/@hugoasencio7764,/@belvettzapeta1251,1
/@hugoasencio7764,/@edwinavila4876,1
/@hugoasencio7764,/@yeniferaguirre4498,1
/@hugoasencio7764,/@moisesvaldez4043,1
/@hugoasencio7764,/@isaiaslopezvelasquez1539,1
/@hugoasencio7764,/@alvaroesquivel563,1
/@hugoasencio7764,/@nestormendez6216,1
/@hugoasencio7764,/@cuabatzjj5924,1
/@hugoasencio7764,/@marcomendez7509,1
/@hugoasencio7764,/@elmorodriguez6978,1
/@hugoasencio7764,/@danyraymundo2942,1
/@ManuelEdran,/@yeniferaguirre4498,1
/@ManuelEdran,/@moisesvaldez4043,1
/@ManuelEdran,/@isaiaslopezvelasquez1539,1
/@giovannirodas4836,/@Rogergh-nw4oj,1
/@giovannirodas4836,/@JuanDavila-qd7qj,1
/@giovannirodas4836,/@edwingeovanymarroquinmarro6684,1
/@giovannirodas4836,/@MariaaliciaColonmorales,1
/@giovannirodas4836,/@virgiliogarcia3039,1
/@giovannirodas4836,/@markoherrera,1
/@giovannirodas4836,/@BenjaminLarios-jd8nk,1
/@giovannirodas4836,/@Aura-vf6dm,1
/@giovannirodas4836,/@federicosaquimux1933,1
/@giovannirodas4836,/@JuanChang-r6k,1
/@giovannirodas4836,/@LE_A22,1
/@giovannirodas4836,/@ArielRodas-g5y,1
/@giovannirodas4836,/@HaroldoCastillo-rh9iw,1
/@giovannirodas4836,/@SoniaMarroquin-y6e,1
/@giovannirodas4836,/@fredymendez1786,1
/@giovannirodas4836,/@nestorlorenzana1168,1
/@giovannirodas4836,/@luisletona2842,1
/@giovannirodas4836,/@carlosaguilar-kz7ml,1
/@giovannirodas4836,/@amyherrera7352,1
/@giovannirodas4836,/@SuperVictor2005,1
/@giovannirodas4836,/@monkchapin,1
/@giovannirodas4836,/@CARLOSSTREMS51,1
/@giovannirodas4836,/@edvinparedesherrera7632,1
/@giovannirodas4836,/@ARGELIATELON,1
/@giovannirodas4836,/@anaaguirre8985,1
/@giovannirodas4836,/@RobertoZelaya-x1v,1
/@giovannirodas4836,/@hectorcarranza3777,1
/@giovannirodas4836,/@OscarHernandez-q8y,1
/@giovannirodas4836,/@eddymunoz9789,1
/@giovannirodas4836,/@dorisl.garciaroche7763,1
/@giovannirodas4836,/@carlossoto3252,1
/@giovannirodas4836,/@mdelcid01,1
/@giovannirodas4836,/@eusebiovasquez4385,1
/@giovannirodas4836,/@FranciscoRivera-sf7ne,1
/@giovannirodas4836,/@davidisraelesquitsaquil,1
/@giovannirodas4836,/@fredydomingo7062,1
/@giovannirodas4836,/@edgarroldan5539,1
/@giovannirodas4836,/@hectoroliva949,1
/@giovannirodas4836,/@inge_vergueta,1
/@giovannirodas4836,/@dantesarti4351,1
/@giovannirodas4836,/@andyB5280,1
/@ManuelEdran,/@alvaroesquivel563,1
/@giovannirodas4836,/@ErvinLeonardoCarreraLat%C3%ADn,1
/@giovannirodas4836,/@RolandoRaguay,1
/@giovannirodas4836,/@mireyamorales6595,1
/@giovannirodas4836,/@OdilioRodr%C3%ADguez-c5w,1
/@giovannirodas4836,/@lizardomorataya8274,1
/@giovannirodas4836,/@carlosmedranovelasquez6380,1
/@giovannirodas4836,/@romeolopezherrarte799,1
/@giovannirodas4836,/@ricardofigueroa5720,1
/@giovannirodas4836,/@FidelZacarias-ph7dy,1
/@giovannirodas4836,/@AndresMedina-v1s,1
/@giovannirodas4836,/@SergioGarcia-z9c,1
/@giovannirodas4836,/@domingopeneleu6457,1
/@giovannirodas4836,/@ernestogamboa8737,1
/@giovannirodas4836,/@osmanmorales3012,1
/@giovannirodas4836,/@LuisCastillo-oz4df,1
/@giovannirodas4836,/@OsvaldoAguirre-l3i,1
/@giovannirodas4836,/@ronyarana8849,1
/@giovannirodas4836,/@mariorodas593,1
/@giovannirodas4836,/@beneficioelcaminovillacana8540,1
/@giovannirodas4836,/@danyraymundo2942,1
/@giovannirodas4836,/@Jel.Awesh.M,1
/@giovannirodas4836,/@elmorodriguez6978,1
/@giovannirodas4836,/@byronpontaza,1
/@giovannirodas4836,/@JosueRamirez-ey3ih,1
/@giovannirodas4836,/@oswaldosolis8728,1
/@giovannirodas4836,/@jor77cas,1
/@giovannirodas4836,/@welfrealdana5559,1
/@giovannirodas4836,/@MrDuenderojo,1
/@giovannirodas4836,/@Joseroland21,1
/@giovannirodas4836,/@davidgaher9550,1
/@giovannirodas4836,/@belvettzapeta1251,1
/@giovannirodas4836,/@edwinavila4876,1
/@giovannirodas4836,/@yeniferaguirre4498,1
/@giovannirodas4836,/@moisesvaldez4043,1
/@giovannirodas4836,/@isaiaslopezvelasquez1539,1
/@giovannirodas4836,/@alvaroesquivel563,1
/@giovannirodas4836,/@nestormendez6216,1
/@giovannirodas4836,/@cuabatzjj5924,1
/@giovannirodas4836,/@marcomendez7509,1
/@giovannirodas4836,/@raquelprado3643,1
/@giovannirodas4836,/@luisparedes-pw6qt,1
/@giovannirodas4836,/@VidalVillatoro-p4w,1
/@ManuelEdran,/@osmanmorales3012,1
/@ManuelEdran,/@OsvaldoAguirre-l3i,1
/@ManuelEdran,/@ronyarana8849,1
/@ManuelEdran,/@mariorodas593,1
/@ManuelEdran,/@Iv%C3%A1nP%C3%A9rez-j4j,1
/@ManuelEdran,/@allanmunoz7410,1
/@ManuelEdran,/@thelmamoran8565,1
/@ManuelEdran,/@diegoalejandrolopezmendez205,1
/@ManuelEdran,/@fredygarcia9151,1
/@ManuelEdran,/@TeresaLucero-b5o,1
/@ManuelEdran,/@vanigomez492,1
/@ManuelEdran,/@cesarandreas7824,1
/@ManuelEdran,/@oscarnavas9996,1
/@lazarochavez8269,/@Jos%C3%A9Lopez-g6k,1
/@lazarochavez8269,/@ManuelSanchez-b8q2z,1
/@lazarochavez8269,/@moisesvaldez4043,1
/@lazarochavez8269,/@Hernandez-i1o,1
/@FreddyGmez,/@alexandrevasquez4135,1
/@ManuelEdran,/@LuisCastillo-oz4df,1
/@ManuelEdran,/@ernestogamboa8737,1
/@giovannirodas4836,/@victorarturoruanobautista7588,1
/@ManuelEdran,/@domingopeneleu6457,1
/@ManuelEdran,/@nestormendez6216,1
/@ManuelEdran,/@cuabatzjj5924,1
/@ManuelEdran,/@marcomendez7509,1
/@ManuelEdran,/@elmorodriguez6978,1
/@ManuelEdran,/@danyraymundo2942,1
/@ManuelEdran,/@ErvinLeonardoCarreraLat%C3%ADn,1
/@ManuelEdran,/@beneficioelcaminovillacana8540,1
/@ManuelEdran,/@RolandoRaguay,1
/@ManuelEdran,/@mireyamorales6595,1
/@ManuelEdran,/@OdilioRodr%C3%ADguez-c5w,1
/@ManuelEdran,/@lizardomorataya8274,1
/@ManuelEdran,/@carlosmedranovelasquez6380,1
/@ManuelEdran,/@romeolopezherrarte799,1
/@ManuelEdran,/@ricardofigueroa5720,1
/@ManuelEdran,/@FidelZacarias-ph7dy,1
/@ManuelEdran,/@AndresMedina-v1s,1
/@ManuelEdran,/@SergioGarcia-z9c,1
/@FreddyGmez,/@carlosoliva9249,1
/@FreddyGmez,/@TheAlexX_C,1
/@FreddyGmez,/@ChRiStOpHeR7969,1
/@FreddyGmez,/@melvinperez6710,1
/@giovannirodas4836,/@kanterra4584,1
/@giovannirodas4836,/@belarminavillatoro6474,1
/@giovannirodas4836,/@luisgpacheco5858,1
/@giovannirodas4836,/@GilmarMaldonado-q9m,1
/@giovannirodas4836,/@mariasamo8637,1
/@giovannirodas4836,/@josehidalgo4875,1
/@giovannirodas4836,/@JacintaTzoy,1
/@giovannirodas4836,/@carmenr6311,1
/@giovannirodas4836,/@guillermogonzalez5153,1
/@giovannirodas4836,/@MegaKristenstewart,1
/@giovannirodas4836,/@maxwellsales885,1
/@giovannirodas4836,/@gorrarota,1
/@giovannirodas4836,/@mynorrodas8591,1
/@giovannirodas4836,/@OseasSamayoa-ol5rz,1
/@giovannirodas4836,/@cesaraugustomoralesmonroy6907,1
/@giovannirodas4836,/@pablochitay46,1
/@giovannirodas4836,/@josecarrera9623,1
/@giovannirodas4836,/@johnmejia992,1
/@giovannirodas4836,/@JavierBecerra-h6x,1
/@giovannirodas4836,/@MacarioMartinezruiz,1
/@FreddyGmez,/@arielsarc09,1
/@FreddyGmez,/@isaidiaz2388,1
/@FreddyGmez,/@rolandojuchuna484,1
/@FreddyGmez,/@perritojuega1,1
/@FreddyGmez,/@mynorgudiel8646,1
/@FreddyGmez,/@jimmygomez724,1
/@FreddyGmez,/@alexarcos8349,1
/@FreddyGmez,/@WalksandSuch,1
/@FreddyGmez,/@samuelaguilar529,1
/@FreddyGmez,/@bryansicasales4280,1
/@FreddyGmez,/@zetag,1
/@FreddyGmez,/@crislexrubi4387,1
/@FreddyGmez,/@jeanmorales1677,1
/@FreddyGmez,/@kingr4706,1
/@FreddyGmez,/@elenaluarca9377,1
/@FreddyGmez,/@maynorcalel1442,1
/@FreddyGmez,/@JoseReyes-rn6sh,1
/@isaaclopez7220,/@Jel.Awesh.M,1
/@isaaclopez7220,/@andyB5280,1
/@isaaclopez7220,/@monkchapin,1
/@almacatalan2717,/@JuanChang-r6k,1
/@almacatalan2717,/@ArielRodas-g5y,1
/@almacatalan2717,/@HaroldoCastillo-rh9iw,1
/@almacatalan2717,/@SoniaMarroquin-y6e,1
/@almacatalan2717,/@fredymendez1786,1
/@almacatalan2717,/@nestorlorenzana1168,1
/@almacatalan2717,/@luisletona2842,1
/@almacatalan2717,/@carlosaguilar-kz7ml,1
/@almacatalan2717,/@dantesarti4351,1
/@almacatalan2717,/@monkchapin,1
/@almacatalan2717,/@andyB5280,1
/@almacatalan2717,/@Jel.Awesh.M,1
/@almacatalan2717,/@byronpontaza,1
/@almacatalan2717,/@JosueRamirez-ey3ih,1
/@almacatalan2717,/@oswaldosolis8728,1
/@almacatalan2717,/@jor77cas,1
/@almacatalan2717,/@welfrealdana5559,1
/@almacatalan2717,/@katerynsantiago2907,1
/@almacatalan2717,/@LE_A22,1
/@almacatalan2717,/@federicosaquimux1933,1
/@almacatalan2717,/@Joseroland21,1
/@almacatalan2717,/@Aura-vf6dm,1
/@almacatalan2717,/@davidisraelesquitsaquil,1
/@almacatalan2717,/@fredydomingo7062,1
/@almacatalan2717,/@edgarroldan5539,1
/@almacatalan2717,/@hectoroliva949,1
/@almacatalan2717,/@inge_vergueta,1
/@almacatalan2717,/@CARLOSSTREMS51,1
/@almacatalan2717,/@SuperVictor2005,1
/@almacatalan2717,/@Rogergh-nw4oj,1
/@almacatalan2717,/@VICTOREST19,1
/@almacatalan2717,/@hugoasencio7764,1
/@almacatalan2717,/@amyherrera7352,1
/@almacatalan2717,/@JuanDavila-qd7qj,1
/@almacatalan2717,/@edwingeovanymarroquinmarro6684,1
/@almacatalan2717,/@MariaaliciaColonmorales,1
/@almacatalan2717,/@virgiliogarcia3039,1
/@almacatalan2717,/@markoherrera,1
/@almacatalan2717,/@BenjaminLarios-jd8nk,1
/@almacatalan2717,/@MrDuenderojo,1
/@almacatalan2717,/@davidgaher9550,1
/@almacatalan2717,/@eusebiovasquez4385,1
/@almacatalan2717,/@EnnioAroche,1
/@almacatalan2717,/@AndresMedina-v1s,1
/@almacatalan2717,/@SergioGarcia-z9c,1
/@almacatalan2717,/@domingopeneleu6457,1
/@almacatalan2717,/@alfonsomorales2653,1
/@almacatalan2717,/@ernestogamboa8737,1
/@almacatalan2717,/@osmanmorales3012,1
/@almacatalan2717,/@LuisCastillo-oz4df,1
/@almacatalan2717,/@OsvaldoAguirre-l3i,1
/@almacatalan2717,/@JoseSimilox-p6e,1
/@almacatalan2717,/@ronyarana8849,1
/@almacatalan2717,/@mariorodas593,1
/@almacatalan2717,/@Iv%C3%A1nP%C3%A9rez-j4j,1
/@almacatalan2717,/@allanmunoz7410,1
/@almacatalan2717,/@thelmamoran8565,1
/@almacatalan2717,/@diegoalejandrolopezmendez205,1
/@almacatalan2717,/@fredygarcia9151,1
/@almacatalan2717,/@TeresaLucero-b5o,1
/@almacatalan2717,/@FidelZacarias-ph7dy,1
/@almacatalan2717,/@ricardofigueroa5720,1
/@almacatalan2717,/@belvettzapeta1251,1
/@almacatalan2717,/@romeolopezherrarte799,1
/@almacatalan2717,/@edwinavila4876,1
/@almacatalan2717,/@yeniferaguirre4498,1
/@almacatalan2717,/@moisesvaldez4043,1
/@almacatalan2717,/@isaiaslopezvelasquez1539,1
/@almacatalan2717,/@alvaroesquivel563,1
/@almacatalan2717,/@nestormendez6216,1
/@almacatalan2717,/@cuabatzjj5924,1
/@almacatalan2717,/@marcomendez7509,1
/@almacatalan2717,/@elmorodriguez6978,1
/@almacatalan2717,/@danyraymundo2942,1
/@almacatalan2717,/@ErvinLeonardoCarreraLat%C3%ADn,1
/@almacatalan2717,/@beneficioelcaminovillacana8540,1
/@almacatalan2717,/@RolandoRaguay,1
/@almacatalan2717,/@mireyamorales6595,1
/@almacatalan2717,/@OdilioRodr%C3%ADguez-c5w,1
/@almacatalan2717,/@lizardomorataya8274,1
/@almacatalan2717,/@carlosmedranovelasquez6380,1
/@almacatalan2717,/@FranciscoRivera-sf7ne,1
/@almacatalan2717,/@mdelcid01,1
/@almacatalan2717,/@cesarandreas7824,1
/@simoncreyesc7579,/@ricardofigueroa5720,1
/@simoncreyesc7579,/@FidelZacarias-ph7dy,1
/@simoncreyesc7579,/@AndresMedina-v1s,1
/@simoncreyesc7579,/@SergioGarcia-z9c,1
/@simoncreyesc7579,/@domingopeneleu6457,1
/@simoncreyesc7579,/@alfonsomorales2653,1
/@simoncreyesc7579,/@ernestogamboa8737,1
/@simoncreyesc7579,/@osmanmorales3012,1
/@simoncreyesc7579,/@LuisCastillo-oz4df,1
/@simoncreyesc7579,/@OsvaldoAguirre-l3i,1
/@simoncreyesc7579,/@JoseSimilox-p6e,1
/@simoncreyesc7579,/@ronyarana8849,1
/@simoncreyesc7579,/@mariorodas593,1
/@simoncreyesc7579,/@Iv%C3%A1nP%C3%A9rez-j4j,1
/@simoncreyesc7579,/@allanmunoz7410,1
/@simoncreyesc7579,/@thelmamoran8565,1
/@simoncreyesc7579,/@diegoalejandrolopezmendez205,1
/@simoncreyesc7579,/@fredygarcia9151,1
/@simoncreyesc7579,/@EnnioAroche,1
/@simoncreyesc7579,/@romeolopezherrarte799,1
/@simoncreyesc7579,/@vanigomez492,1
/@simoncreyesc7579,/@carlosmedranovelasquez6380,1
/@simoncreyesc7579,/@belvettzapeta1251,1
/@simoncreyesc7579,/@edwinavila4876,1
/@simoncreyesc7579,/@yeniferaguirre4498,1
/@simoncreyesc7579,/@moisesvaldez4043,1
/@simoncreyesc7579,/@isaiaslopezvelasquez1539,1
/@simoncreyesc7579,/@alvaroesquivel563,1
/@simoncreyesc7579,/@nestormendez6216,1
/@simoncreyesc7579,/@cuabatzjj5924,1
/@simoncreyesc7579,/@marcomendez7509,1
/@simoncreyesc7579,/@elmorodriguez6978,1
/@simoncreyesc7579,/@danyraymundo2942,1
/@simoncreyesc7579,/@ErvinLeonardoCarreraLat%C3%ADn,1
/@simoncreyesc7579,/@beneficioelcaminovillacana8540,1
/@simoncreyesc7579,/@RolandoRaguay,1
/@simoncreyesc7579,/@mireyamorales6595,1
/@simoncreyesc7579,/@OdilioRodr%C3%ADguez-c5w,1
/@simoncreyesc7579,/@lizardomorataya8274,1
/@simoncreyesc7579,/@TeresaLucero-b5o,1
/@simoncreyesc7579,/@cesarandreas7824,1
/@almacatalan2717,/@carlossoto3252,1
/@almacatalan2717,/@pablochitay46,1
/@almacatalan2717,/@victorarturoruanobautista7588,1
/@almacatalan2717,/@VidalVillatoro-p4w,1
/@almacatalan2717,/@luisparedes-pw6qt,1
/@almacatalan2717,/@giovannirodas4836,1
/@almacatalan2717,/@raquelprado3643,1
/@almacatalan2717,/@marioajset4283,1
/@almacatalan2717,/@edvinparedesherrera7632,1
/@almacatalan2717,/@ManuelEdran,1
/@almacatalan2717,/@ARGELIATELON,1
/@almacatalan2717,/@anaaguirre8985,1
/@almacatalan2717,/@RobertoZelaya-x1v,1
/@almacatalan2717,/@hectorcarranza3777,1
/@almacatalan2717,/@OscarHernandez-q8y,1
/@almacatalan2717,/@eddymunoz9789,1
/@almacatalan2717,/@dorisl.garciaroche7763,1
/@almacatalan2717,/@isaaclopez7220,1
/@almacatalan2717,/@marisosa7832,1
/@almacatalan2717,/@josecarrera9623,1
/@almacatalan2717,/@cesaraugustomoralesmonroy6907,1
/@simoncreyesc7579,/@oscarnavas9996,1
/@almacatalan2717,/@OseasSamayoa-ol5rz,1
/@almacatalan2717,/@MacarioMartinezruiz,1
/@almacatalan2717,/@JavierBecerra-h6x,1
/@almacatalan2717,/@johnmejia992,1
/@almacatalan2717,/@kanterra4584,1
/@almacatalan2717,/@belarminavillatoro6474,1
/@almacatalan2717,/@luisgpacheco5858,1
/@almacatalan2717,/@GilmarMaldonado-q9m,1
/@almacatalan2717,/@mariasamo8637,1
/@almacatalan2717,/@josehidalgo4875,1
/@almacatalan2717,/@JacintaTzoy,1
/@almacatalan2717,/@carmenr6311,1
/@almacatalan2717,/@aluxdel4792,1
/@almacatalan2717,/@guillermogonzalez5153,1
/@almacatalan2717,/@MegaKristenstewart,1
/@almacatalan2717,/@maxwellsales885,1
/@almacatalan2717,/@gorrarota,1
/@almacatalan2717,/@mynorrodas8591,1
/@almacatalan2717,/@vanigomez492,1
/@almacatalan2717,/@oscarnavas9996,1
/@isaaclopez7220,/@dantesarti4351,1
/@megavision4488,/@pattyfigueroa5609,1
/@megavision4488,/@vic-bonivideos,1
/@megavision4488,/@franciscoflores3120,1
/@megavision4488,/@albertoshernandez5251,1
/@megavision4488,/@RolandoGonzalez-o7g,1
/@HectorCarranza-u4j4o,/@NataliaRodriguez-rx5mr,1
/@HectorCarranza-u4j4o,/@Lyrics_GT,1
/@HectorCarranza-u4j4o,/@genarodelgado3929,1
/@HectorCarranza-u4j4o,/@eustaquiogomez9975,1
/@HectorCarranza-u4j4o,/@laboratorio5528,1
/@HectorCarranza-u4j4o,/@melvinlopez7096,1
/@HectorCarranza-u4j4o,/@Jel.Awesh.M,1
/@HectorCarranza-u4j4o,/@MarcosCarillo-b1r,1
/@HectorCarranza-u4j4o,/@dinoraoroxon5771,1
/@HectorCarranza-u4j4o,/@hendersonlopez3864,1
/@HectorCarranza-u4j4o,/@lesolorzano,1
/@HectorCarranza-u4j4o,/@rosaelenaargueta79,1
/@HectorCarranza-u4j4o,/@iamjimalesssa,1
/@megavision4488,/@mariogonzalezorellana8956,1
/@megavision4488,/@carmenfigueroa1232,1
/@HectorCarranza-u4j4o,/@FernandoGarcia-jg1fj,1
/@megavision4488,/@carlosgranados9875,1
/@megavision4488,/@luisricardo9671,1
/@megavision4488,/@lara11roberto,1
/@megavision4488,/@elsasalguero6914,1
/@megavision4488,/@anibalg47,1
/@megavision4488,/@Israel-u5i7i,1
/@megavision4488,/@cristianescobedo8296,1
/@megavision4488,/@Murmullodelbarrio,1
/@megavision4488,/@robertoescobar5507,1
/@megavision4488,/@josegil3813,1
/@megavision4488,/@AntonioChiyal-x5s,1
/@megavision4488,/@hectormaaz5523,1
/@megavision4488,/@vitalianochavez8382,1
/@megavision4488,/@elmilenial4064,1
/@megavision4488,/@maydamorales4395,1
/@megavision4488,/@rosaoliva9389,1
/@megavision4488,/@franciscojuarez9223,1
/@megavision4488,/@AbigailRodas-w2r,1
/@HectorCarranza-u4j4o,/@marlenareano-h4t,1
/@HectorCarranza-u4j4o,/@lisss1908,1
/@megavision4488,/@BorisTebal%C3%A1n,1
/@HectorCarranza-u4j4o,/@javiercifuentesarchila6041,1
/@HectorCarranza-u4j4o,/@estuardoargueta137,1
/@HectorCarranza-u4j4o,/@armindapenados2841,1
/@HectorCarranza-u4j4o,/@Silviazea,1
/@HectorCarranza-u4j4o,/@AnaDiaz-re9sq,1
/@HectorCarranza-u4j4o,/@rogeraldana4289,1
/@HectorCarranza-u4j4o,/@carloslam5333,1
/@HectorCarranza-u4j4o,/@alfredoortega9264,1
/@HectorCarranza-u4j4o,/@lidiarodriguez3493,1
/@HectorCarranza-u4j4o,/@ligiaguerra3057,1
/@BorisTebal%C3%A1n,/@BernerSoza-mg3vx,1
/@BorisTebal%C3%A1n,/@AlejandroP%C3%A9rez-b6r,1
/@BorisTebal%C3%A1n,/@luisricardo9671,1
/@BorisTebal%C3%A1n,/@lara11roberto,1
/@BorisTebal%C3%A1n,/@elsasalguero6914,1
/@BorisTebal%C3%A1n,/@anibalg47,1
/@BorisTebal%C3%A1n,/@Israel-u5i7i,1
/@BorisTebal%C3%A1n,/@cristianescobedo8296,1
/@HectorCarranza-u4j4o,/@ingenieroar,1
/@HectorCarranza-u4j4o,/@RauldejesusOlivagonzalez,1
/@HectorCarranza-u4j4o,/@AndresLemus-k2d,1
/@HectorCarranza-u4j4o,/@RolandoCastroP%C3%A9rez-d7y,1
/@HectorCarranza-u4j4o,/@inge_vergueta,1
/@HectorCarranza-u4j4o,/@jorgeaguilar-bq3uj,1
/@HectorCarranza-u4j4o,/@aguilar4254,1
/@HectorCarranza-u4j4o,/@pedroros6358,1
/@HectorCarranza-u4j4o,/@josecastillo4390,1
/@HectorCarranza-u4j4o,/@quijotachapina1,1
/@HectorCarranza-u4j4o,/@caminoseternos752,1
/@HectorCarranza-u4j4o,/@leonelsantizo5281,1
/@HectorCarranza-u4j4o,/@OmarMartinez-vv8re,1
/@HectorCarranza-u4j4o,/@mariocordon8873,1
/@HectorCarranza-u4j4o,/@EdgarcalderonCalderong,1
/@HectorCarranza-u4j4o,/@HectorElias-u2l,1
/@HectorCarranza-u4j4o,/@gonzalo6075,1
/@HectorCarranza-u4j4o,/@davidlima1348,1
/@HectorCarranza-u4j4o,/@EcPerez-zz9oh,1
/@HectorCarranza-u4j4o,/@karensussetteleonvargas9794,1
/@HectorCarranza-u4j4o,/@sergiohinestroza9709,1
/@megavision4488,/@AlejandroP%C3%A9rez-b6r,1
/@megavision4488,/@BernerSoza-mg3vx,1
/@CelestinoQuej-j7k,/@lazarochavez8269,1
/@OttoPalencia-b7r,/@vitalianochavez8382,1
/@OttoPalencia-b7r,/@maydamorales4395,1
/@OttoPalencia-b7r,/@rosaoliva9389,1
/@OttoPalencia-b7r,/@franciscojuarez9223,1
/@OttoPalencia-b7r,/@AbigailRodas-w2r,1
/@OttoPalencia-b7r,/@megavision4488,1
/@OttoPalencia-b7r,/@carlosgranados9875,1
/@OttoPalencia-b7r,/@carmenfigueroa1232,1
/@OttoPalencia-b7r,/@pattyfigueroa5609,1
/@OttoPalencia-b7r,/@mariogonzalezorellana8956,1
/@OttoPalencia-b7r,/@vic-bonivideos,1
/@OttoPalencia-b7r,/@franciscoflores3120,1
/@OttoPalencia-b7r,/@albertoshernandez5251,1
/@OttoPalencia-b7r,/@RolandoGonzalez-o7g,1
/@sabinamarinaguerra3248,/@alexandrevasquez4135,1
/@sabinamarinaguerra3248,/@FreddyGmez,1
/@sabinamarinaguerra3248,/@carlosoliva9249,1
/@sabinamarinaguerra3248,/@TheAlexX_C,1
/@OttoPalencia-b7r,/@elmilenial4064,1
/@OttoPalencia-b7r,/@hectormaaz5523,1
/@sabinamarinaguerra3248,/@melvinperez6710,1
/@OttoPalencia-b7r,/@AntonioChiyal-x5s,1
/@CelestinoQuej-j7k,/@Jos%C3%A9Lopez-g6k,1
/@CelestinoQuej-j7k,/@antonioduarte2288,1
/@CelestinoQuej-j7k,/@ManuelSanchez-b8q2z,1
/@CelestinoQuej-j7k,/@moisesvaldez4043,1
/@CelestinoQuej-j7k,/@Hernandez-i1o,1
/@OttoPalencia-b7r,/@BernerSoza-mg3vx,1
/@OttoPalencia-b7r,/@BorisTebal%C3%A1n,1
/@OttoPalencia-b7r,/@AlejandroP%C3%A9rez-b6r,1
/@OttoPalencia-b7r,/@luisricardo9671,1
/@OttoPalencia-b7r,/@lara11roberto,1
/@OttoPalencia-b7r,/@elsasalguero6914,1
/@OttoPalencia-b7r,/@anibalg47,1
/@OttoPalencia-b7r,/@Israel-u5i7i,1
/@OttoPalencia-b7r,/@cristianescobedo8296,1
/@OttoPalencia-b7r,/@Murmullodelbarrio,1
/@OttoPalencia-b7r,/@robertoescobar5507,1
/@OttoPalencia-b7r,/@josegil3813,1
/@sabinamarinaguerra3248,/@ChRiStOpHeR7969,1
/@sabinamarinaguerra3248,/@isaidiaz2388,1
/@jhonymanuel9891,/@bryansicasales4280,1
/@jhonymanuel9891,/@TheAlexX_C,1
/@jhonymanuel9891,/@melvinperez6710,1
/@jhonymanuel9891,/@isaidiaz2388,1
/@jhonymanuel9891,/@rolandojuchuna484,1
/@jhonymanuel9891,/@perritojuega1,1
/@jhonymanuel9891,/@mynorgudiel8646,1
/@jhonymanuel9891,/@jimmygomez724,1
/@jhonymanuel9891,/@alexarcos8349,1
/@jhonymanuel9891,/@WalksandSuch,1
/@jhonymanuel9891,/@arielsarc09,1
/@jhonymanuel9891,/@samuelaguilar529,1
/@jhonymanuel9891,/@zetag,1
/@jhonymanuel9891,/@crislexrubi4387,1
/@jhonymanuel9891,/@jeanmorales1677,1
/@jhonymanuel9891,/@kingr4706,1
/@jhonymanuel9891,/@elenaluarca9377,1
/@jhonymanuel9891,/@maynorcalel1442,1
/@jhonymanuel9891,/@JoseReyes-rn6sh,1
/@jhonymanuel9891,/@ChRiStOpHeR7969,1
/@jhonymanuel9891,/@carlosoliva9249,1
/@sabinamarinaguerra3248,/@rolandojuchuna484,1
/@jhonymanuel9891,/@FreddyGmez,1
/@sabinamarinaguerra3248,/@perritojuega1,1
/@sabinamarinaguerra3248,/@mynorgudiel8646,1
/@sabinamarinaguerra3248,/@jimmygomez724,1
/@sabinamarinaguerra3248,/@alexarcos8349,1
/@sabinamarinaguerra3248,/@WalksandSuch,1
/@sabinamarinaguerra3248,/@arielsarc09,1
/@sabinamarinaguerra3248,/@samuelaguilar529,1
/@sabinamarinaguerra3248,/@zetag,1
/@sabinamarinaguerra3248,/@crislexrubi4387,1
/@sabinamarinaguerra3248,/@jeanmorales1677,1
/@sabinamarinaguerra3248,/@kingr4706,1
/@sabinamarinaguerra3248,/@elenaluarca9377,1
/@sabinamarinaguerra3248,/@maynorcalel1442,1
/@sabinamarinaguerra3248,/@JoseReyes-rn6sh,1
/@sabinamarinaguerra3248,/@jhonymanuel9891,1
/@sabinamarinaguerra3248,/@bryansicasales4280,1
/@jhonymanuel9891,/@alexandrevasquez4135,1
/@simoncreyesc7579,/@davidgaher9550,1
/@simoncreyesc7579,/@Joseroland21,1
/@simoncreyesc7579,/@MrDuenderojo,1
/@Tommii.10,/@mariocordon8873,1
/@Tommii.10,/@HectorElias-u2l,1
/@Tommii.10,/@gonzalo6075,1
/@Tommii.10,/@davidlima1348,1
/@Tommii.10,/@EcPerez-zz9oh,1
/@Tommii.10,/@karensussetteleonvargas9794,1
/@Tommii.10,/@sergiohinestroza9709,1
/@Tommii.10,/@RolandoCastroP%C3%A9rez-d7y,1
/@Tommii.10,/@RauldejesusOlivagonzalez,1
/@Tommii.10,/@javiercifuentesarchila6041,1
/@Tommii.10,/@ingenieroar,1
/@Tommii.10,/@estuardoargueta137,1
/@Tommii.10,/@armindapenados2841,1
/@Tommii.10,/@Silviazea,1
/@Tommii.10,/@AnaDiaz-re9sq,1
/@Tommii.10,/@rogeraldana4289,1
/@Tommii.10,/@carloslam5333,1
/@Tommii.10,/@alfredoortega9264,1
/@Tommii.10,/@EdgarcalderonCalderong,1
/@Tommii.10,/@OmarMartinez-vv8re,1
/@Tommii.10,/@ligiaguerra3057,1
/@Tommii.10,/@leonelsantizo5281,1
/@Tommii.10,/@dinoraoroxon5771,1
/@Tommii.10,/@hendersonlopez3864,1
/@Tommii.10,/@lesolorzano,1
/@Tommii.10,/@HectorCarranza-u4j4o,1
/@Tommii.10,/@rosaelenaargueta79,1
/@Tommii.10,/@iamjimalesssa,1
/@Tommii.10,/@marlenareano-h4t,1
/@Tommii.10,/@FernandoGarcia-jg1fj,1
/@Tommii.10,/@lisss1908,1
/@Tommii.10,/@AndresLemus-k2d,1
/@Tommii.10,/@inge_vergueta,1
/@Tommii.10,/@jorgeaguilar-bq3uj,1
/@Tommii.10,/@aguilar4254,1
/@Tommii.10,/@pedroros6358,1
/@Tommii.10,/@josecastillo4390,1
/@Tommii.10,/@quijotachapina1,1
/@Tommii.10,/@caminoseternos752,1
/@Tommii.10,/@lidiarodriguez3493,1
/@normaleticiaorozcojuarez2418,/@MacarioMartinezruiz,1
/@Tommii.10,/@Jel.Awesh.M,1
/@normaleticiaorozcojuarez2418,/@victorarturoruanobautista7588,1
/@normaleticiaorozcojuarez2418,/@luisparedes-pw6qt,1
/@normaleticiaorozcojuarez2418,/@giovannirodas4836,1
/@normaleticiaorozcojuarez2418,/@raquelprado3643,1
/@normaleticiaorozcojuarez2418,/@marioajset4283,1
/@normaleticiaorozcojuarez2418,/@edvinparedesherrera7632,1
/@normaleticiaorozcojuarez2418,/@ManuelEdran,1
/@normaleticiaorozcojuarez2418,/@ARGELIATELON,1
/@normaleticiaorozcojuarez2418,/@anaaguirre8985,1
/@normaleticiaorozcojuarez2418,/@RobertoZelaya-x1v,1
/@normaleticiaorozcojuarez2418,/@hectorcarranza3777,1
/@normaleticiaorozcojuarez2418,/@OscarHernandez-q8y,1
/@normaleticiaorozcojuarez2418,/@eddymunoz9789,1
/@normaleticiaorozcojuarez2418,/@dorisl.garciaroche7763,1
/@normaleticiaorozcojuarez2418,/@isaaclopez7220,1
/@normaleticiaorozcojuarez2418,/@marisosa7832,1
/@normaleticiaorozcojuarez2418,/@carlossoto3252,1
/@normaleticiaorozcojuarez2418,/@mdelcid01,1
/@normaleticiaorozcojuarez2418,/@VidalVillatoro-p4w,1
/@normaleticiaorozcojuarez2418,/@josecarrera9623,1
/@normaleticiaorozcojuarez2418,/@JavierBecerra-h6x,1
/@normaleticiaorozcojuarez2418,/@pablochitay46,1
/@normaleticiaorozcojuarez2418,/@johnmejia992,1
/@normaleticiaorozcojuarez2418,/@kanterra4584,1
/@normaleticiaorozcojuarez2418,/@belarminavillatoro6474,1
/@normaleticiaorozcojuarez2418,/@luisgpacheco5858,1
/@normaleticiaorozcojuarez2418,/@GilmarMaldonado-q9m,1
/@normaleticiaorozcojuarez2418,/@mariasamo8637,1
/@normaleticiaorozcojuarez2418,/@josehidalgo4875,1
/@normaleticiaorozcojuarez2418,/@JacintaTzoy,1
/@normaleticiaorozcojuarez2418,/@carmenr6311,1
/@normaleticiaorozcojuarez2418,/@aluxdel4792,1
/@normaleticiaorozcojuarez2418,/@guillermogonzalez5153,1
/@normaleticiaorozcojuarez2418,/@MegaKristenstewart,1
/@normaleticiaorozcojuarez2418,/@maxwellsales885,1
/@normaleticiaorozcojuarez2418,/@gorrarota,1
/@normaleticiaorozcojuarez2418,/@mynorrodas8591,1
/@normaleticiaorozcojuarez2418,/@OseasSamayoa-ol5rz,1
/@normaleticiaorozcojuarez2418,/@cesaraugustomoralesmonroy6907,1
/@Tommii.10,/@MarcosCarillo-b1r,1
/@Tommii.10,/@melvinlopez7096,1
/@simoncreyesc7579,/@katerynsantiago2907,1
/@JorgeMunoz-gd9et,/@megavision4488,1
/@JorgeMunoz-gd9et,/@carmenfigueroa1232,1
/@JorgeMunoz-gd9et,/@pattyfigueroa5609,1
/@JorgeMunoz-gd9et,/@mariogonzalezorellana8956,1
/@JorgeMunoz-gd9et,/@vic-bonivideos,1
/@JorgeMunoz-gd9et,/@franciscoflores3120,1
/@JorgeMunoz-gd9et,/@OttoPalencia-b7r,1
/@JorgeMunoz-gd9et,/@albertoshernandez5251,1
/@JorgeMunoz-gd9et,/@RolandoGonzalez-o7g,1
/@AlbertoMancilla-p9h,/@BernerSoza-mg3vx,1
/@AlbertoMancilla-p9h,/@BorisTebal%C3%A1n,1
/@AlbertoMancilla-p9h,/@AlejandroP%C3%A9rez-b6r,1
/@AlbertoMancilla-p9h,/@luisricardo9671,1
/@AlbertoMancilla-p9h,/@lara11roberto,1
/@AlbertoMancilla-p9h,/@elsasalguero6914,1
/@AlbertoMancilla-p9h,/@anibalg47,1
/@AlbertoMancilla-p9h,/@Israel-u5i7i,1
/@AlbertoMancilla-p9h,/@cristianescobedo8296,1
/@JorgeMunoz-gd9et,/@carlosgranados9875,1
/@JorgeMunoz-gd9et,/@AbigailRodas-w2r,1
/@AlbertoMancilla-p9h,/@robertoescobar5507,1
/@JorgeMunoz-gd9et,/@franciscojuarez9223,1
/@JorgeMunoz-gd9et,/@BorisTebal%C3%A1n,1
/@JorgeMunoz-gd9et,/@AlejandroP%C3%A9rez-b6r,1
/@JorgeMunoz-gd9et,/@luisricardo9671,1
/@JorgeMunoz-gd9et,/@lara11roberto,1
/@JorgeMunoz-gd9et,/@elsasalguero6914,1
/@JorgeMunoz-gd9et,/@anibalg47,1
/@JorgeMunoz-gd9et,/@Israel-u5i7i,1
/@JorgeMunoz-gd9et,/@cristianescobedo8296,1
/@JorgeMunoz-gd9et,/@Murmullodelbarrio,1
/@JorgeMunoz-gd9et,/@robertoescobar5507,1
/@JorgeMunoz-gd9et,/@josegil3813,1
/@JorgeMunoz-gd9et,/@AntonioChiyal-x5s,1
/@JorgeMunoz-gd9et,/@hectormaaz5523,1
/@JorgeMunoz-gd9et,/@vitalianochavez8382,1
/@JorgeMunoz-gd9et,/@elmilenial4064,1
/@JorgeMunoz-gd9et,/@maydamorales4395,1
/@JorgeMunoz-gd9et,/@rosaoliva9389,1
/@AlbertoMancilla-p9h,/@Murmullodelbarrio,1
/@AlbertoMancilla-p9h,/@josegil3813,1
/@Tommii.10,/@laboratorio5528,1
/@mariaalexander427,/@flornolberto2425,1
/@mariaalexander427,/@MarioCortez-o6v,1
/@mariaalexander427,/@aurahernandez5646,1
/@mariaalexander427,/@jesusguzman2321,1
/@mariaalexander427,/@rosadiaz6945,1
/@mariaalexander427,/@eugeneramirez4405,1
/@mariaalexander427,/@BelkisRodriguezRamirez,1
/@mariaalexander427,/@RosaMontesdeOca777,1
/@mariaalexander427,/@luisroldan7374,1
/@mariaalexander427,/@pasionpornada,1
/@mariaalexander427,/@WilR-s8r,1
/@mariaalexander427,/@susievidal4134,1
/@mariaalexander427,/@Ripped-Yoda,1
/@mariaalexander427,/@Paul-gf7ec,1
/@Tommii.10,/@NataliaRodriguez-rx5mr,1
/@Tommii.10,/@Lyrics_GT,1
/@Tommii.10,/@genarodelgado3929,1
/@Tommii.10,/@eustaquiogomez9975,1
/@mariaalexander427,/@marthareiss5434,1
/@mariaalexander427,/@MariaNavarroYT,1
/@AlbertoMancilla-p9h,/@AntonioChiyal-x5s,1
/@mariaalexander427,/@DoraSalas-j5o,1
/@AlbertoMancilla-p9h,/@hectormaaz5523,1
/@AlbertoMancilla-p9h,/@vitalianochavez8382,1
/@AlbertoMancilla-p9h,/@elmilenial4064,1
/@AlbertoMancilla-p9h,/@maydamorales4395,1
/@AlbertoMancilla-p9h,/@rosaoliva9389,1
/@AlbertoMancilla-p9h,/@franciscojuarez9223,1
/@AlbertoMancilla-p9h,/@AbigailRodas-w2r,1
/@AlbertoMancilla-p9h,/@megavision4488,1
/@AlbertoMancilla-p9h,/@carlosgranados9875,1
/@AlbertoMancilla-p9h,/@carmenfigueroa1232,1
/@AlbertoMancilla-p9h,/@pattyfigueroa5609,1
/@AlbertoMancilla-p9h,/@mariogonzalezorellana8956,1
/@AlbertoMancilla-p9h,/@vic-bonivideos,1
/@AlbertoMancilla-p9h,/@franciscoflores3120,1
/@AlbertoMancilla-p9h,/@OttoPalencia-b7r,1
/@AlbertoMancilla-p9h,/@albertoshernandez5251,1
/@AlbertoMancilla-p9h,/@RolandoGonzalez-o7g,1
/@normaleticiaorozcojuarez2418,/@eusebiovasquez4385,1
/@normaleticiaorozcojuarez2418,/@FranciscoRivera-sf7ne,1
/@normaleticiaorozcojuarez2418,/@davidisraelesquitsaquil,1
/@simoncreyesc7579,/@pablochitay46,1
/@simoncreyesc7579,/@victorarturoruanobautista7588,1
/@simoncreyesc7579,/@VidalVillatoro-p4w,1
/@simoncreyesc7579,/@luisparedes-pw6qt,1
/@simoncreyesc7579,/@giovannirodas4836,1
/@simoncreyesc7579,/@raquelprado3643,1
/@simoncreyesc7579,/@marioajset4283,1
/@simoncreyesc7579,/@edvinparedesherrera7632,1
/@simoncreyesc7579,/@ManuelEdran,1
/@simoncreyesc7579,/@ARGELIATELON,1
/@simoncreyesc7579,/@anaaguirre8985,1
/@simoncreyesc7579,/@RobertoZelaya-x1v,1
/@simoncreyesc7579,/@hectorcarranza3777,1
/@simoncreyesc7579,/@OscarHernandez-q8y,1
/@simoncreyesc7579,/@eddymunoz9789,1
/@simoncreyesc7579,/@dorisl.garciaroche7763,1
/@simoncreyesc7579,/@isaaclopez7220,1
/@simoncreyesc7579,/@marisosa7832,1
/@simoncreyesc7579,/@josecarrera9623,1
/@simoncreyesc7579,/@cesaraugustomoralesmonroy6907,1
/@simoncreyesc7579,/@mdelcid01,1
/@simoncreyesc7579,/@OseasSamayoa-ol5rz,1
/@simoncreyesc7579,/@MacarioMartinezruiz,1
/@simoncreyesc7579,/@JavierBecerra-h6x,1
/@simoncreyesc7579,/@johnmejia992,1
/@simoncreyesc7579,/@kanterra4584,1
/@simoncreyesc7579,/@belarminavillatoro6474,1
/@simoncreyesc7579,/@luisgpacheco5858,1
/@simoncreyesc7579,/@GilmarMaldonado-q9m,1
/@simoncreyesc7579,/@mariasamo8637,1
/@simoncreyesc7579,/@josehidalgo4875,1
/@simoncreyesc7579,/@JacintaTzoy,1
/@simoncreyesc7579,/@carmenr6311,1
/@simoncreyesc7579,/@aluxdel4792,1
/@simoncreyesc7579,/@guillermogonzalez5153,1
/@simoncreyesc7579,/@MegaKristenstewart,1
/@simoncreyesc7579,/@maxwellsales885,1
/@simoncreyesc7579,/@gorrarota,1
/@simoncreyesc7579,/@mynorrodas8591,1
/@simoncreyesc7579,/@carlossoto3252,1
/@simoncreyesc7579,/@eusebiovasquez4385,1
/@normaleticiaorozcojuarez2418,/@fredydomingo7062,1
/@simoncreyesc7579,/@federicosaquimux1933,1
/@simoncreyesc7579,/@LE_A22,1
/@simoncreyesc7579,/@ArielRodas-g5y,1
/@simoncreyesc7579,/@HaroldoCastillo-rh9iw,1
/@simoncreyesc7579,/@SoniaMarroquin-y6e,1
/@simoncreyesc7579,/@fredymendez1786,1
/@simoncreyesc7579,/@nestorlorenzana1168,1
/@simoncreyesc7579,/@luisletona2842,1
/@simoncreyesc7579,/@carlosaguilar-kz7ml,1
/@simoncreyesc7579,/@dantesarti4351,1
/@simoncreyesc7579,/@monkchapin,1
/@simoncreyesc7579,/@andyB5280,1
/@simoncreyesc7579,/@Jel.Awesh.M,1
/@simoncreyesc7579,/@byronpontaza,1
/@simoncreyesc7579,/@JosueRamirez-ey3ih,1
/@simoncreyesc7579,/@oswaldosolis8728,1
/@simoncreyesc7579,/@jor77cas,1
/@simoncreyesc7579,/@welfrealdana5559,1
/@simoncreyesc7579,/@JuanChang-r6k,1
/@simoncreyesc7579,/@Aura-vf6dm,1
/@simoncreyesc7579,/@FranciscoRivera-sf7ne,1
/@simoncreyesc7579,/@BenjaminLarios-jd8nk,1
/@simoncreyesc7579,/@davidisraelesquitsaquil,1
/@simoncreyesc7579,/@fredydomingo7062,1
/@simoncreyesc7579,/@edgarroldan5539,1
/@simoncreyesc7579,/@hectoroliva949,1
/@simoncreyesc7579,/@inge_vergueta,1
/@simoncreyesc7579,/@CARLOSSTREMS51,1
/@simoncreyesc7579,/@almacatalan2717,1
/@simoncreyesc7579,/@SuperVictor2005,1
/@simoncreyesc7579,/@Rogergh-nw4oj,1
/@simoncreyesc7579,/@VICTOREST19,1
/@simoncreyesc7579,/@hugoasencio7764,1
/@simoncreyesc7579,/@amyherrera7352,1
/@simoncreyesc7579,/@JuanDavila-qd7qj,1
/@simoncreyesc7579,/@edwingeovanymarroquinmarro6684,1
/@simoncreyesc7579,/@MariaaliciaColonmorales,1
/@simoncreyesc7579,/@virgiliogarcia3039,1
/@simoncreyesc7579,/@markoherrera,1
/@normaleticiaorozcojuarez2418,/@oscarnavas9996,1
/@normaleticiaorozcojuarez2418,/@cesarandreas7824,1
/@normaleticiaorozcojuarez2418,/@vanigomez492,1
/@normaleticiaorozcojuarez2418,/@JuanChang-r6k,1
/@normaleticiaorozcojuarez2418,/@ArielRodas-g5y,1
/@normaleticiaorozcojuarez2418,/@HaroldoCastillo-rh9iw,1
/@normaleticiaorozcojuarez2418,/@SoniaMarroquin-y6e,1
/@normaleticiaorozcojuarez2418,/@fredymendez1786,1
/@normaleticiaorozcojuarez2418,/@nestorlorenzana1168,1
/@normaleticiaorozcojuarez2418,/@luisletona2842,1
/@normaleticiaorozcojuarez2418,/@carlosaguilar-kz7ml,1
/@normaleticiaorozcojuarez2418,/@dantesarti4351,1
/@normaleticiaorozcojuarez2418,/@monkchapin,1
/@normaleticiaorozcojuarez2418,/@andyB5280,1
/@normaleticiaorozcojuarez2418,/@Jel.Awesh.M,1
/@normaleticiaorozcojuarez2418,/@byronpontaza,1
/@normaleticiaorozcojuarez2418,/@JosueRamirez-ey3ih,1
/@normaleticiaorozcojuarez2418,/@oswaldosolis8728,1
/@normaleticiaorozcojuarez2418,/@jor77cas,1
/@normaleticiaorozcojuarez2418,/@welfrealdana5559,1
/@normaleticiaorozcojuarez2418,/@katerynsantiago2907,1
/@normaleticiaorozcojuarez2418,/@LE_A22,1
/@normaleticiaorozcojuarez2418,/@federicosaquimux1933,1
/@normaleticiaorozcojuarez2418,/@TeresaLucero-b5o,1
/@normaleticiaorozcojuarez2418,/@Aura-vf6dm,1
/@normaleticiaorozcojuarez2418,/@edgarroldan5539,1
/@normaleticiaorozcojuarez2418,/@hectoroliva949,1
/@normaleticiaorozcojuarez2418,/@inge_vergueta,1
/@normaleticiaorozcojuarez2418,/@simoncreyesc7579,1
/@normaleticiaorozcojuarez2418,/@CARLOSSTREMS51,1
/@normaleticiaorozcojuarez2418,/@almacatalan2717,1
/@normaleticiaorozcojuarez2418,/@SuperVictor2005,1
/@normaleticiaorozcojuarez2418,/@Rogergh-nw4oj,1
/@normaleticiaorozcojuarez2418,/@VICTOREST19,1
/@normaleticiaorozcojuarez2418,/@hugoasencio7764,1
/@normaleticiaorozcojuarez2418,/@amyherrera7352,1
/@normaleticiaorozcojuarez2418,/@JuanDavila-qd7qj,1
/@normaleticiaorozcojuarez2418,/@edwingeovanymarroquinmarro6684,1
/@normaleticiaorozcojuarez2418,/@MariaaliciaColonmorales,1
/@normaleticiaorozcojuarez2418,/@virgiliogarcia3039,1
/@normaleticiaorozcojuarez2418,/@markoherrera,1
/@normaleticiaorozcojuarez2418,/@BenjaminLarios-jd8nk,1
/@normaleticiaorozcojuarez2418,/@MrDuenderojo,1
/@normaleticiaorozcojuarez2418,/@Joseroland21,1
/@normaleticiaorozcojuarez2418,/@davidgaher9550,1
/@normaleticiaorozcojuarez2418,/@belvettzapeta1251,1
/@normaleticiaorozcojuarez2418,/@FidelZacarias-ph7dy,1
/@normaleticiaorozcojuarez2418,/@AndresMedina-v1s,1
/@normaleticiaorozcojuarez2418,/@SergioGarcia-z9c,1
/@normaleticiaorozcojuarez2418,/@domingopeneleu6457,1
/@normaleticiaorozcojuarez2418,/@alfonsomorales2653,1
/@normaleticiaorozcojuarez2418,/@ernestogamboa8737,1
/@normaleticiaorozcojuarez2418,/@osmanmorales3012,1
/@normaleticiaorozcojuarez2418,/@LuisCastillo-oz4df,1
/@normaleticiaorozcojuarez2418,/@OsvaldoAguirre-l3i,1
/@normaleticiaorozcojuarez2418,/@JoseSimilox-p6e,1
/@normaleticiaorozcojuarez2418,/@ronyarana8849,1
/@normaleticiaorozcojuarez2418,/@mariorodas593,1
/@normaleticiaorozcojuarez2418,/@Iv%C3%A1nP%C3%A9rez-j4j,1
/@normaleticiaorozcojuarez2418,/@allanmunoz7410,1
/@normaleticiaorozcojuarez2418,/@thelmamoran8565,1
/@normaleticiaorozcojuarez2418,/@diegoalejandrolopezmendez205,1
/@normaleticiaorozcojuarez2418,/@fredygarcia9151,1
/@normaleticiaorozcojuarez2418,/@EnnioAroche,1
/@normaleticiaorozcojuarez2418,/@ricardofigueroa5720,1
/@normaleticiaorozcojuarez2418,/@romeolopezherrarte799,1
/@normaleticiaorozcojuarez2418,/@marcomendez7509,1
/@normaleticiaorozcojuarez2418,/@edwinavila4876,1
/@normaleticiaorozcojuarez2418,/@yeniferaguirre4498,1
/@normaleticiaorozcojuarez2418,/@moisesvaldez4043,1
/@normaleticiaorozcojuarez2418,/@isaiaslopezvelasquez1539,1
/@normaleticiaorozcojuarez2418,/@alvaroesquivel563,1
/@normaleticiaorozcojuarez2418,/@nestormendez6216,1
/@normaleticiaorozcojuarez2418,/@cuabatzjj5924,1
/@normaleticiaorozcojuarez2418,/@elmorodriguez6978,1
/@normaleticiaorozcojuarez2418,/@carlosmedranovelasquez6380,1
/@normaleticiaorozcojuarez2418,/@danyraymundo2942,1
/@normaleticiaorozcojuarez2418,/@ErvinLeonardoCarreraLat%C3%ADn,1
/@normaleticiaorozcojuarez2418,/@beneficioelcaminovillacana8540,1
/@normaleticiaorozcojuarez2418,/@RolandoRaguay,1
/@normaleticiaorozcojuarez2418,/@mireyamorales6595,1
/@normaleticiaorozcojuarez2418,/@OdilioRodr%C3%ADguez-c5w,1
/@normaleticiaorozcojuarez2418,/@lizardomorataya8274,1
/@BorisTebal%C3%A1n,/@Murmullodelbarrio,1
/@BorisTebal%C3%A1n,/@robertoescobar5507,1
/@BorisTebal%C3%A1n,/@josegil3813,1
/@RauldejesusOlivagonzalez,/@dinoraoroxon5771,1
/@RauldejesusOlivagonzalez,/@lesolorzano,1
/@RauldejesusOlivagonzalez,/@rosaelenaargueta79,1
/@RauldejesusOlivagonzalez,/@iamjimalesssa,1
/@RauldejesusOlivagonzalez,/@marlenareano-h4t,1
/@RauldejesusOlivagonzalez,/@FernandoGarcia-jg1fj,1
/@RauldejesusOlivagonzalez,/@lisss1908,1
/@RauldejesusOlivagonzalez,/@AndresLemus-k2d,1
/@RauldejesusOlivagonzalez,/@inge_vergueta,1
/@RauldejesusOlivagonzalez,/@jorgeaguilar-bq3uj,1
/@RauldejesusOlivagonzalez,/@aguilar4254,1
/@RauldejesusOlivagonzalez,/@pedroros6358,1
/@RauldejesusOlivagonzalez,/@josecastillo4390,1
/@RauldejesusOlivagonzalez,/@quijotachapina1,1
/@RauldejesusOlivagonzalez,/@caminoseternos752,1
/@RauldejesusOlivagonzalez,/@leonelsantizo5281,1
/@RauldejesusOlivagonzalez,/@OmarMartinez-vv8re,1
/@RauldejesusOlivagonzalez,/@mariocordon8873,1
/@RauldejesusOlivagonzalez,/@hendersonlopez3864,1
/@RauldejesusOlivagonzalez,/@MarcosCarillo-b1r,1
/@RauldejesusOlivagonzalez,/@HectorElias-u2l,1
/@RauldejesusOlivagonzalez,/@Jel.Awesh.M,1
/@katerynsantiago2907,/@ronyarana8849,1
/@katerynsantiago2907,/@mariorodas593,1
/@katerynsantiago2907,/@Iv%C3%A1nP%C3%A9rez-j4j,1
/@katerynsantiago2907,/@allanmunoz7410,1
/@katerynsantiago2907,/@thelmamoran8565,1
/@katerynsantiago2907,/@diegoalejandrolopezmendez205,1
/@katerynsantiago2907,/@fredygarcia9151,1
/@katerynsantiago2907,/@TeresaLucero-b5o,1
/@katerynsantiago2907,/@vanigomez492,1
/@katerynsantiago2907,/@cesarandreas7824,1
/@katerynsantiago2907,/@oscarnavas9996,1
/@RauldejesusOlivagonzalez,/@NataliaRodriguez-rx5mr,1
/@RauldejesusOlivagonzalez,/@Lyrics_GT,1
/@RauldejesusOlivagonzalez,/@genarodelgado3929,1
/@RauldejesusOlivagonzalez,/@eustaquiogomez9975,1
/@RauldejesusOlivagonzalez,/@laboratorio5528,1
/@RauldejesusOlivagonzalez,/@melvinlopez7096,1
/@RauldejesusOlivagonzalez,/@EdgarcalderonCalderong,1
/@RauldejesusOlivagonzalez,/@gonzalo6075,1
/@katerynsantiago2907,/@LuisCastillo-oz4df,1
/@EnnioAroche,/@belarminavillatoro6474,1
/@EnnioAroche,/@GilmarMaldonado-q9m,1
/@EnnioAroche,/@mariasamo8637,1
/@EnnioAroche,/@josehidalgo4875,1
/@EnnioAroche,/@JacintaTzoy,1
/@EnnioAroche,/@carmenr6311,1
/@EnnioAroche,/@aluxdel4792,1
/@EnnioAroche,/@guillermogonzalez5153,1
/@EnnioAroche,/@MegaKristenstewart,1
/@EnnioAroche,/@maxwellsales885,1
/@EnnioAroche,/@gorrarota,1
/@EnnioAroche,/@mynorrodas8591,1
/@EnnioAroche,/@OseasSamayoa-ol5rz,1
/@EnnioAroche,/@cesaraugustomoralesmonroy6907,1
/@EnnioAroche,/@pablochitay46,1
/@EnnioAroche,/@josecarrera9623,1
/@EnnioAroche,/@victorarturoruanobautista7588,1
/@EnnioAroche,/@VidalVillatoro-p4w,1
/@EnnioAroche,/@luisgpacheco5858,1
/@EnnioAroche,/@kanterra4584,1
/@RauldejesusOlivagonzalez,/@davidlima1348,1
/@EnnioAroche,/@johnmejia992,1
/@RauldejesusOlivagonzalez,/@EcPerez-zz9oh,1
/@RauldejesusOlivagonzalez,/@karensussetteleonvargas9794,1
/@RauldejesusOlivagonzalez,/@sergiohinestroza9709,1
/@RauldejesusOlivagonzalez,/@RolandoCastroP%C3%A9rez-d7y,1
/@RauldejesusOlivagonzalez,/@javiercifuentesarchila6041,1
/@RauldejesusOlivagonzalez,/@ingenieroar,1
/@RauldejesusOlivagonzalez,/@estuardoargueta137,1
/@RauldejesusOlivagonzalez,/@armindapenados2841,1
/@RauldejesusOlivagonzalez,/@Silviazea,1
/@RauldejesusOlivagonzalez,/@AnaDiaz-re9sq,1
/@RauldejesusOlivagonzalez,/@rogeraldana4289,1
/@RauldejesusOlivagonzalez,/@carloslam5333,1
/@RauldejesusOlivagonzalez,/@alfredoortega9264,1
/@RauldejesusOlivagonzalez,/@lidiarodriguez3493,1
/@RauldejesusOlivagonzalez,/@ligiaguerra3057,1
/@EnnioAroche,/@MacarioMartinezruiz,1
/@EnnioAroche,/@JavierBecerra-h6x,1
/@katerynsantiago2907,/@OsvaldoAguirre-l3i,1
/@katerynsantiago2907,/@osmanmorales3012,1
/@katerynsantiago2907,/@raquelprado3643,1
/@katerynsantiago2907,/@inge_vergueta,1
/@katerynsantiago2907,/@SuperVictor2005,1
/@katerynsantiago2907,/@Rogergh-nw4oj,1
/@katerynsantiago2907,/@VICTOREST19,1
/@katerynsantiago2907,/@hugoasencio7764,1
/@katerynsantiago2907,/@amyherrera7352,1
/@katerynsantiago2907,/@JuanDavila-qd7qj,1
/@katerynsantiago2907,/@edwingeovanymarroquinmarro6684,1
/@katerynsantiago2907,/@MariaaliciaColonmorales,1
/@katerynsantiago2907,/@virgiliogarcia3039,1
/@katerynsantiago2907,/@markoherrera,1
/@katerynsantiago2907,/@BenjaminLarios-jd8nk,1
/@katerynsantiago2907,/@Aura-vf6dm,1
/@katerynsantiago2907,/@federicosaquimux1933,1
/@katerynsantiago2907,/@JuanChang-r6k,1
/@katerynsantiago2907,/@LE_A22,1
/@katerynsantiago2907,/@ArielRodas-g5y,1
/@katerynsantiago2907,/@HaroldoCastillo-rh9iw,1
/@katerynsantiago2907,/@CARLOSSTREMS51,1
/@katerynsantiago2907,/@hectoroliva949,1
/@katerynsantiago2907,/@fredymendez1786,1
/@katerynsantiago2907,/@edgarroldan5539,1
/@katerynsantiago2907,/@edvinparedesherrera7632,1
/@katerynsantiago2907,/@ManuelEdran,1
/@katerynsantiago2907,/@ARGELIATELON,1
/@katerynsantiago2907,/@anaaguirre8985,1
/@katerynsantiago2907,/@RobertoZelaya-x1v,1
/@katerynsantiago2907,/@hectorcarranza3777,1
/@katerynsantiago2907,/@OscarHernandez-q8y,1
/@katerynsantiago2907,/@eddymunoz9789,1
/@katerynsantiago2907,/@dorisl.garciaroche7763,1
/@katerynsantiago2907,/@isaaclopez7220,1
/@katerynsantiago2907,/@marisosa7832,1
/@katerynsantiago2907,/@carlossoto3252,1
/@katerynsantiago2907,/@mdelcid01,1
/@katerynsantiago2907,/@eusebiovasquez4385,1
/@katerynsantiago2907,/@FranciscoRivera-sf7ne,1
/@katerynsantiago2907,/@davidisraelesquitsaquil,1
/@katerynsantiago2907,/@fredydomingo7062,1
/@katerynsantiago2907,/@SoniaMarroquin-y6e,1
/@katerynsantiago2907,/@nestorlorenzana1168,1
/@katerynsantiago2907,/@ernestogamboa8737,1
/@katerynsantiago2907,/@nestormendez6216,1
/@katerynsantiago2907,/@marcomendez7509,1
/@katerynsantiago2907,/@elmorodriguez6978,1
/@katerynsantiago2907,/@danyraymundo2942,1
/@katerynsantiago2907,/@ErvinLeonardoCarreraLat%C3%ADn,1
/@katerynsantiago2907,/@beneficioelcaminovillacana8540,1
/@katerynsantiago2907,/@RolandoRaguay,1
/@katerynsantiago2907,/@mireyamorales6595,1
/@katerynsantiago2907,/@OdilioRodr%C3%ADguez-c5w,1
/@katerynsantiago2907,/@lizardomorataya8274,1
/@katerynsantiago2907,/@carlosmedranovelasquez6380,1
/@katerynsantiago2907,/@romeolopezherrarte799,1
/@katerynsantiago2907,/@ricardofigueroa5720,1
/@katerynsantiago2907,/@EnnioAroche,1
/@katerynsantiago2907,/@FidelZacarias-ph7dy,1
/@katerynsantiago2907,/@AndresMedina-v1s,1
/@katerynsantiago2907,/@SergioGarcia-z9c,1
/@katerynsantiago2907,/@domingopeneleu6457,1
/@katerynsantiago2907,/@cuabatzjj5924,1
/@katerynsantiago2907,/@alvaroesquivel563,1
/@katerynsantiago2907,/@luisletona2842,1
/@katerynsantiago2907,/@isaiaslopezvelasquez1539,1
/@katerynsantiago2907,/@carlosaguilar-kz7ml,1
/@katerynsantiago2907,/@dantesarti4351,1
/@katerynsantiago2907,/@monkchapin,1
/@katerynsantiago2907,/@andyB5280,1
/@katerynsantiago2907,/@Jel.Awesh.M,1
/@katerynsantiago2907,/@byronpontaza,1
/@katerynsantiago2907,/@JosueRamirez-ey3ih,1
/@katerynsantiago2907,/@oswaldosolis8728,1
/@katerynsantiago2907,/@jor77cas,1
/@katerynsantiago2907,/@welfrealdana5559,1
/@katerynsantiago2907,/@MrDuenderojo,1
/@katerynsantiago2907,/@Joseroland21,1
/@katerynsantiago2907,/@davidgaher9550,1
/@katerynsantiago2907,/@belvettzapeta1251,1
/@katerynsantiago2907,/@edwinavila4876,1
/@katerynsantiago2907,/@yeniferaguirre4498,1
/@katerynsantiago2907,/@moisesvaldez4043,1
/@EnnioAroche,/@luisparedes-pw6qt,1
/@EnnioAroche,/@giovannirodas4836,1
/@EnnioAroche,/@raquelprado3643,1
/@isaaclopez7220,/@josehidalgo4875,1
/@isaaclopez7220,/@carmenr6311,1
/@isaaclopez7220,/@aluxdel4792,1
/@isaaclopez7220,/@guillermogonzalez5153,1
/@isaaclopez7220,/@MegaKristenstewart,1
/@isaaclopez7220,/@maxwellsales885,1
/@isaaclopez7220,/@gorrarota,1
/@isaaclopez7220,/@mynorrodas8591,1
/@isaaclopez7220,/@OseasSamayoa-ol5rz,1
/@isaaclopez7220,/@cesaraugustomoralesmonroy6907,1
/@isaaclopez7220,/@pablochitay46,1
/@isaaclopez7220,/@josecarrera9623,1
/@isaaclopez7220,/@victorarturoruanobautista7588,1
/@isaaclopez7220,/@VidalVillatoro-p4w,1
/@isaaclopez7220,/@luisparedes-pw6qt,1
/@isaaclopez7220,/@giovannirodas4836,1
/@isaaclopez7220,/@raquelprado3643,1
/@isaaclopez7220,/@marioajset4283,1
/@isaaclopez7220,/@JacintaTzoy,1
/@isaaclopez7220,/@mariasamo8637,1
/@isaaclopez7220,/@ManuelEdran,1
/@isaaclopez7220,/@GilmarMaldonado-q9m,1
/@EnnioAroche,/@ronyarana8849,1
/@EnnioAroche,/@mariorodas593,1
/@EnnioAroche,/@Iv%C3%A1nP%C3%A9rez-j4j,1
/@EnnioAroche,/@allanmunoz7410,1
/@EnnioAroche,/@thelmamoran8565,1
/@EnnioAroche,/@diegoalejandrolopezmendez205,1
/@EnnioAroche,/@fredygarcia9151,1
/@EnnioAroche,/@TeresaLucero-b5o,1
/@EnnioAroche,/@vanigomez492,1
/@EnnioAroche,/@cesarandreas7824,1
/@EnnioAroche,/@oscarnavas9996,1
/@isaaclopez7220,/@MacarioMartinezruiz,1
/@isaaclopez7220,/@JavierBecerra-h6x,1
/@isaaclopez7220,/@johnmejia992,1
/@isaaclopez7220,/@kanterra4584,1
/@isaaclopez7220,/@belarminavillatoro6474,1
/@isaaclopez7220,/@luisgpacheco5858,1
/@isaaclopez7220,/@edvinparedesherrera7632,1
/@isaaclopez7220,/@ARGELIATELON,1
/@EnnioAroche,/@marioajset4283,1
/@isaaclopez7220,/@hugoasencio7764,1
/@isaaclopez7220,/@JuanDavila-qd7qj,1
/@isaaclopez7220,/@edwingeovanymarroquinmarro6684,1
/@isaaclopez7220,/@MariaaliciaColonmorales,1
/@isaaclopez7220,/@virgiliogarcia3039,1
/@isaaclopez7220,/@markoherrera,1
/@isaaclopez7220,/@BenjaminLarios-jd8nk,1
/@isaaclopez7220,/@Aura-vf6dm,1
/@isaaclopez7220,/@federicosaquimux1933,1
/@isaaclopez7220,/@JuanChang-r6k,1
/@isaaclopez7220,/@LE_A22,1
/@isaaclopez7220,/@ArielRodas-g5y,1
/@isaaclopez7220,/@HaroldoCastillo-rh9iw,1
/@isaaclopez7220,/@SoniaMarroquin-y6e,1
/@isaaclopez7220,/@fredymendez1786,1
/@isaaclopez7220,/@nestorlorenzana1168,1
/@isaaclopez7220,/@luisletona2842,1
/@isaaclopez7220,/@carlosaguilar-kz7ml,1
/@isaaclopez7220,/@amyherrera7352,1
/@isaaclopez7220,/@VICTOREST19,1
/@isaaclopez7220,/@anaaguirre8985,1
/@isaaclopez7220,/@Rogergh-nw4oj,1
/@isaaclopez7220,/@RobertoZelaya-x1v,1
/@isaaclopez7220,/@hectorcarranza3777,1
/@isaaclopez7220,/@OscarHernandez-q8y,1
/@isaaclopez7220,/@eddymunoz9789,1
/@isaaclopez7220,/@dorisl.garciaroche7763,1
/@isaaclopez7220,/@marisosa7832,1
/@isaaclopez7220,/@carlossoto3252,1
/@isaaclopez7220,/@mdelcid01,1
/@isaaclopez7220,/@eusebiovasquez4385,1
/@isaaclopez7220,/@FranciscoRivera-sf7ne,1
/@isaaclopez7220,/@davidisraelesquitsaquil,1
/@isaaclopez7220,/@fredydomingo7062,1
/@isaaclopez7220,/@edgarroldan5539,1
/@isaaclopez7220,/@hectoroliva949,1
/@isaaclopez7220,/@inge_vergueta,1
/@isaaclopez7220,/@CARLOSSTREMS51,1
/@isaaclopez7220,/@SuperVictor2005,1
/@EnnioAroche,/@OsvaldoAguirre-l3i,1
/@EnnioAroche,/@LuisCastillo-oz4df,1
/@EnnioAroche,/@osmanmorales3012,1
/@EnnioAroche,/@inge_vergueta,1
/@EnnioAroche,/@SuperVictor2005,1
/@EnnioAroche,/@Rogergh-nw4oj,1
/@EnnioAroche,/@VICTOREST19,1
/@EnnioAroche,/@hugoasencio7764,1
/@EnnioAroche,/@amyherrera7352,1
/@EnnioAroche,/@JuanDavila-qd7qj,1
/@EnnioAroche,/@edwingeovanymarroquinmarro6684,1
/@EnnioAroche,/@MariaaliciaColonmorales,1
/@EnnioAroche,/@virgiliogarcia3039,1
/@EnnioAroche,/@markoherrera,1
/@EnnioAroche,/@BenjaminLarios-jd8nk,1
/@EnnioAroche,/@Aura-vf6dm,1
/@EnnioAroche,/@federicosaquimux1933,1
/@EnnioAroche,/@JuanChang-r6k,1
/@EnnioAroche,/@LE_A22,1
/@EnnioAroche,/@ArielRodas-g5y,1
/@EnnioAroche,/@HaroldoCastillo-rh9iw,1
/@EnnioAroche,/@CARLOSSTREMS51,1
/@EnnioAroche,/@hectoroliva949,1
/@EnnioAroche,/@ernestogamboa8737,1
/@EnnioAroche,/@edgarroldan5539,1
/@EnnioAroche,/@edvinparedesherrera7632,1
/@EnnioAroche,/@ManuelEdran,1
/@EnnioAroche,/@ARGELIATELON,1
/@EnnioAroche,/@anaaguirre8985,1
/@EnnioAroche,/@RobertoZelaya-x1v,1
/@EnnioAroche,/@hectorcarranza3777,1
/@EnnioAroche,/@OscarHernandez-q8y,1
/@EnnioAroche,/@eddymunoz9789,1
/@EnnioAroche,/@dorisl.garciaroche7763,1
/@EnnioAroche,/@isaaclopez7220,1
/@EnnioAroche,/@marisosa7832,1
/@EnnioAroche,/@carlossoto3252,1
/@EnnioAroche,/@mdelcid01,1
/@EnnioAroche,/@eusebiovasquez4385,1
/@EnnioAroche,/@FranciscoRivera-sf7ne,1
/@EnnioAroche,/@davidisraelesquitsaquil,1
/@EnnioAroche,/@fredydomingo7062,1
/@EnnioAroche,/@SoniaMarroquin-y6e,1
/@EnnioAroche,/@fredymendez1786,1
/@EnnioAroche,/@nestorlorenzana1168,1
/@EnnioAroche,/@luisletona2842,1
/@EnnioAroche,/@cuabatzjj5924,1
/@EnnioAroche,/@marcomendez7509,1
/@EnnioAroche,/@elmorodriguez6978,1
/@EnnioAroche,/@danyraymundo2942,1
/@EnnioAroche,/@ErvinLeonardoCarreraLat%C3%ADn,1
/@EnnioAroche,/@beneficioelcaminovillacana8540,1
/@EnnioAroche,/@RolandoRaguay,1
/@EnnioAroche,/@mireyamorales6595,1
/@EnnioAroche,/@OdilioRodr%C3%ADguez-c5w,1
/@EnnioAroche,/@lizardomorataya8274,1
/@EnnioAroche,/@carlosmedranovelasquez6380,1
/@EnnioAroche,/@romeolopezherrarte799,1
/@EnnioAroche,/@ricardofigueroa5720,1
/@EnnioAroche,/@FidelZacarias-ph7dy,1
/@EnnioAroche,/@AndresMedina-v1s,1
/@EnnioAroche,/@SergioGarcia-z9c,1
/@EnnioAroche,/@domingopeneleu6457,1
/@EnnioAroche,/@nestormendez6216,1
/@EnnioAroche,/@alvaroesquivel563,1
/@EnnioAroche,/@isaiaslopezvelasquez1539,1
/@EnnioAroche,/@oswaldosolis8728,1
/@EnnioAroche,/@carlosaguilar-kz7ml,1
/@EnnioAroche,/@dantesarti4351,1
/@EnnioAroche,/@monkchapin,1
/@EnnioAroche,/@andyB5280,1
/@EnnioAroche,/@Jel.Awesh.M,1
/@EnnioAroche,/@byronpontaza,1
/@EnnioAroche,/@JosueRamirez-ey3ih,1
/@EnnioAroche,/@jor77cas,1
/@EnnioAroche,/@moisesvaldez4043,1
/@EnnioAroche,/@welfrealdana5559,1
/@EnnioAroche,/@MrDuenderojo,1
/@EnnioAroche,/@Joseroland21,1
/@EnnioAroche,/@davidgaher9550,1
/@EnnioAroche,/@belvettzapeta1251,1
/@EnnioAroche,/@edwinavila4876,1
/@EnnioAroche,/@yeniferaguirre4498,1
/@katerynsantiago2907,/@marioajset4283,1
/@katerynsantiago2907,/@giovannirodas4836,1
/@BorisTebal%C3%A1n,/@AntonioChiyal-x5s,1
/@JoseSimilox-p6e,/@edwingeovanymarroquinmarro6684,1
/@JoseSimilox-p6e,/@virgiliogarcia3039,1
/@JoseSimilox-p6e,/@markoherrera,1
/@JoseSimilox-p6e,/@BenjaminLarios-jd8nk,1
/@JoseSimilox-p6e,/@Aura-vf6dm,1
/@JoseSimilox-p6e,/@federicosaquimux1933,1
/@JoseSimilox-p6e,/@JuanChang-r6k,1
/@JoseSimilox-p6e,/@LE_A22,1
/@JoseSimilox-p6e,/@ArielRodas-g5y,1
/@JoseSimilox-p6e,/@HaroldoCastillo-rh9iw,1
/@JoseSimilox-p6e,/@SoniaMarroquin-y6e,1
/@JoseSimilox-p6e,/@fredymendez1786,1
/@JoseSimilox-p6e,/@nestorlorenzana1168,1
/@JoseSimilox-p6e,/@luisletona2842,1
/@JoseSimilox-p6e,/@carlosaguilar-kz7ml,1
/@JoseSimilox-p6e,/@dantesarti4351,1
/@JoseSimilox-p6e,/@monkchapin,1
/@JoseSimilox-p6e,/@andyB5280,1
/@JoseSimilox-p6e,/@MariaaliciaColonmorales,1
/@JoseSimilox-p6e,/@JuanDavila-qd7qj,1
/@JoseSimilox-p6e,/@byronpontaza,1
/@JoseSimilox-p6e,/@amyherrera7352,1
/@JoseSimilox-p6e,/@dorisl.garciaroche7763,1
/@JoseSimilox-p6e,/@isaaclopez7220,1
/@JoseSimilox-p6e,/@marisosa7832,1
/@JoseSimilox-p6e,/@carlossoto3252,1
/@JoseSimilox-p6e,/@mdelcid01,1
/@JoseSimilox-p6e,/@eusebiovasquez4385,1
/@JoseSimilox-p6e,/@FranciscoRivera-sf7ne,1
/@JoseSimilox-p6e,/@davidisraelesquitsaquil,1
/@JoseSimilox-p6e,/@fredydomingo7062,1
/@JoseSimilox-p6e,/@edgarroldan5539,1
/@JoseSimilox-p6e,/@hectoroliva949,1
/@JoseSimilox-p6e,/@inge_vergueta,1
/@JoseSimilox-p6e,/@CARLOSSTREMS51,1
/@JoseSimilox-p6e,/@SuperVictor2005,1
/@JoseSimilox-p6e,/@Rogergh-nw4oj,1
/@JoseSimilox-p6e,/@VICTOREST19,1
/@JoseSimilox-p6e,/@hugoasencio7764,1
/@JoseSimilox-p6e,/@Jel.Awesh.M,1
/@JoseSimilox-p6e,/@JosueRamirez-ey3ih,1
/@JoseSimilox-p6e,/@OscarHernandez-q8y,1
/@JoseSimilox-p6e,/@RolandoRaguay,1
/@JoseSimilox-p6e,/@OdilioRodr%C3%ADguez-c5w,1
/@JoseSimilox-p6e,/@lizardomorataya8274,1
/@JoseSimilox-p6e,/@carlosmedranovelasquez6380,1
/@JoseSimilox-p6e,/@romeolopezherrarte799,1
/@JoseSimilox-p6e,/@ricardofigueroa5720,1
/@JoseSimilox-p6e,/@EnnioAroche,1
/@JoseSimilox-p6e,/@FidelZacarias-ph7dy,1
/@JoseSimilox-p6e,/@AndresMedina-v1s,1
/@JoseSimilox-p6e,/@SergioGarcia-z9c,1
/@JoseSimilox-p6e,/@domingopeneleu6457,1
/@JoseSimilox-p6e,/@alfonsomorales2653,1
/@JoseSimilox-p6e,/@ernestogamboa8737,1
/@JoseSimilox-p6e,/@osmanmorales3012,1
/@JoseSimilox-p6e,/@LuisCastillo-oz4df,1
/@JoseSimilox-p6e,/@OsvaldoAguirre-l3i,1
/@JoseSimilox-p6e,/@ronyarana8849,1
/@JoseSimilox-p6e,/@mariorodas593,1
/@JoseSimilox-p6e,/@mireyamorales6595,1
/@JoseSimilox-p6e,/@beneficioelcaminovillacana8540,1
/@JoseSimilox-p6e,/@oswaldosolis8728,1
/@JoseSimilox-p6e,/@ErvinLeonardoCarreraLat%C3%ADn,1
/@JoseSimilox-p6e,/@jor77cas,1
/@JoseSimilox-p6e,/@welfrealdana5559,1
/@JoseSimilox-p6e,/@katerynsantiago2907,1
/@JoseSimilox-p6e,/@MrDuenderojo,1
/@JoseSimilox-p6e,/@Joseroland21,1
/@JoseSimilox-p6e,/@davidgaher9550,1
/@JoseSimilox-p6e,/@belvettzapeta1251,1
/@JoseSimilox-p6e,/@edwinavila4876,1
/@JoseSimilox-p6e,/@yeniferaguirre4498,1
/@JoseSimilox-p6e,/@moisesvaldez4043,1
/@JoseSimilox-p6e,/@isaiaslopezvelasquez1539,1
/@JoseSimilox-p6e,/@alvaroesquivel563,1
/@JoseSimilox-p6e,/@nestormendez6216,1
/@JoseSimilox-p6e,/@cuabatzjj5924,1
/@JoseSimilox-p6e,/@marcomendez7509,1
/@JoseSimilox-p6e,/@elmorodriguez6978,1
/@JoseSimilox-p6e,/@danyraymundo2942,1
/@JoseSimilox-p6e,/@eddymunoz9789,1
/@JoseSimilox-p6e,/@hectorcarranza3777,1
/@katerynsantiago2907,/@luisparedes-pw6qt,1
/@marthareiss5434,/@aurahernandez5646,1
/@marthareiss5434,/@rosadiaz6945,1
/@marthareiss5434,/@eugeneramirez4405,1
/@marthareiss5434,/@BelkisRodriguezRamirez,1
/@marthareiss5434,/@RosaMontesdeOca777,1
/@marthareiss5434,/@luisroldan7374,1
/@marthareiss5434,/@pasionpornada,1
/@marthareiss5434,/@WilR-s8r,1
/@marthareiss5434,/@susievidal4134,1
/@marthareiss5434,/@Ripped-Yoda,1
/@marthareiss5434,/@Paul-gf7ec,1
/@rosadiaz9235,/@DennisseLopetegi,1
/@rosadiaz9235,/@Burgos68,1
/@rosadiaz9235,/@ErmeP%C3%A9rez-q4s,1
/@rosadiaz9235,/@Luis-gn3fj,1
/@rosadiaz9235,/@NormaL%C3%B3pez-v7e,1
/@rosadiaz9235,/@virgiliogarcia3039,1
/@rosadiaz9235,/@mariavail8998,1
/@marthareiss5434,/@jesusguzman2321,1
/@marthareiss5434,/@MarioCortez-o6v,1
/@rosadiaz9235,/@pablobarrios7931,1
/@marthareiss5434,/@flornolberto2425,1
/@BorisTebal%C3%A1n,/@hectormaaz5523,1
/@BorisTebal%C3%A1n,/@vitalianochavez8382,1
/@BorisTebal%C3%A1n,/@elmilenial4064,1
/@BorisTebal%C3%A1n,/@maydamorales4395,1
/@BorisTebal%C3%A1n,/@rosaoliva9389,1
/@BorisTebal%C3%A1n,/@franciscojuarez9223,1
/@BorisTebal%C3%A1n,/@AbigailRodas-w2r,1
/@BorisTebal%C3%A1n,/@carlosgranados9875,1
/@BorisTebal%C3%A1n,/@carmenfigueroa1232,1
/@BorisTebal%C3%A1n,/@pattyfigueroa5609,1
/@BorisTebal%C3%A1n,/@mariogonzalezorellana8956,1
/@BorisTebal%C3%A1n,/@vic-bonivideos,1
/@BorisTebal%C3%A1n,/@franciscoflores3120,1
/@BorisTebal%C3%A1n,/@albertoshernandez5251,1
/@BorisTebal%C3%A1n,/@RolandoGonzalez-o7g,1
/@marthareiss5434,/@DoraSalas-j5o,1
/@marthareiss5434,/@MariaNavarroYT,1
/@rosadiaz9235,/@juandeleon9060,1
/@rosadiaz9235,/@ronaldgarcia8522,1
/@JoseSimilox-p6e,/@RobertoZelaya-x1v,1
/@JoseSimilox-p6e,/@guillermogonzalez5153,1
/@JoseSimilox-p6e,/@maxwellsales885,1
/@JoseSimilox-p6e,/@gorrarota,1
/@JoseSimilox-p6e,/@mynorrodas8591,1
/@JoseSimilox-p6e,/@OseasSamayoa-ol5rz,1
/@JoseSimilox-p6e,/@cesaraugustomoralesmonroy6907,1
/@JoseSimilox-p6e,/@pablochitay46,1
/@JoseSimilox-p6e,/@josecarrera9623,1
/@JoseSimilox-p6e,/@victorarturoruanobautista7588,1
/@JoseSimilox-p6e,/@VidalVillatoro-p4w,1
/@JoseSimilox-p6e,/@luisparedes-pw6qt,1
/@JoseSimilox-p6e,/@giovannirodas4836,1
/@JoseSimilox-p6e,/@raquelprado3643,1
/@JoseSimilox-p6e,/@marioajset4283,1
/@JoseSimilox-p6e,/@edvinparedesherrera7632,1
/@JoseSimilox-p6e,/@ManuelEdran,1
/@JoseSimilox-p6e,/@ARGELIATELON,1
/@JoseSimilox-p6e,/@anaaguirre8985,1
/@JoseSimilox-p6e,/@MegaKristenstewart,1
/@JoseSimilox-p6e,/@aluxdel4792,1
/@rosadiaz9235,/@herbertaguilar1387,1
/@JoseSimilox-p6e,/@carmenr6311,1
/@rosadiaz9235,/@CarlosCortez-v5r,1
/@rosadiaz9235,/@aureliomaldonado4793,1
/@rosadiaz9235,/@danielantoniogonzalezflore4901,1
/@rosadiaz9235,/@ericapaz5406,1
/@rosadiaz9235,/@srms70,1
/@rosadiaz9235,/@josegil3813,1
/@rosadiaz9235,/@kevinochoa3695,1
/@JoseSimilox-p6e,/@MacarioMartinezruiz,1
/@JoseSimilox-p6e,/@JavierBecerra-h6x,1
/@JoseSimilox-p6e,/@johnmejia992,1
/@JoseSimilox-p6e,/@kanterra4584,1
/@JoseSimilox-p6e,/@belarminavillatoro6474,1
/@JoseSimilox-p6e,/@luisgpacheco5858,1
/@JoseSimilox-p6e,/@GilmarMaldonado-q9m,1
/@JoseSimilox-p6e,/@mariasamo8637,1
/@JoseSimilox-p6e,/@josehidalgo4875,1
/@JoseSimilox-p6e,/@JacintaTzoy,1
/@JoseSimilox-p6e,/@Iv%C3%A1nP%C3%A9rez-j4j,1
/@JoseSimilox-p6e,/@allanmunoz7410,1
/@JoseSimilox-p6e,/@thelmamoran8565,1
/@alfonsomorales2653,/@mireyamorales6595,1
/@alfonsomorales2653,/@lizardomorataya8274,1
/@alfonsomorales2653,/@carlosmedranovelasquez6380,1
/@alfonsomorales2653,/@romeolopezherrarte799,1
/@alfonsomorales2653,/@ricardofigueroa5720,1
/@alfonsomorales2653,/@EnnioAroche,1
/@alfonsomorales2653,/@FidelZacarias-ph7dy,1
/@alfonsomorales2653,/@AndresMedina-v1s,1
/@alfonsomorales2653,/@SergioGarcia-z9c,1
/@alfonsomorales2653,/@domingopeneleu6457,1
/@alfonsomorales2653,/@ernestogamboa8737,1
/@alfonsomorales2653,/@osmanmorales3012,1
/@alfonsomorales2653,/@LuisCastillo-oz4df,1
/@alfonsomorales2653,/@OsvaldoAguirre-l3i,1
/@alfonsomorales2653,/@ronyarana8849,1
/@alfonsomorales2653,/@mariorodas593,1
/@alfonsomorales2653,/@Iv%C3%A1nP%C3%A9rez-j4j,1
/@alfonsomorales2653,/@allanmunoz7410,1
/@alfonsomorales2653,/@OdilioRodr%C3%ADguez-c5w,1
/@alfonsomorales2653,/@RolandoRaguay,1
/@alfonsomorales2653,/@diegoalejandrolopezmendez205,1
/@alfonsomorales2653,/@beneficioelcaminovillacana8540,1
/@alfonsomorales2653,/@welfrealdana5559,1
/@alfonsomorales2653,/@katerynsantiago2907,1
/@alfonsomorales2653,/@MrDuenderojo,1
/@alfonsomorales2653,/@Joseroland21,1
/@alfonsomorales2653,/@davidgaher9550,1
/@alfonsomorales2653,/@belvettzapeta1251,1
/@alfonsomorales2653,/@edwinavila4876,1
/@alfonsomorales2653,/@yeniferaguirre4498,1
/@alfonsomorales2653,/@moisesvaldez4043,1
/@alfonsomorales2653,/@isaiaslopezvelasquez1539,1
/@alfonsomorales2653,/@alvaroesquivel563,1
/@alfonsomorales2653,/@nestormendez6216,1
/@alfonsomorales2653,/@cuabatzjj5924,1
/@alfonsomorales2653,/@marcomendez7509,1
/@alfonsomorales2653,/@elmorodriguez6978,1
/@alfonsomorales2653,/@danyraymundo2942,1
/@alfonsomorales2653,/@ErvinLeonardoCarreraLat%C3%ADn,1
/@alfonsomorales2653,/@thelmamoran8565,1
/@alfonsomorales2653,/@fredygarcia9151,1
/@JoseSimilox-p6e,/@diegoalejandrolopezmendez205,1
/@katerynsantiago2907,/@belarminavillatoro6474,1
/@katerynsantiago2907,/@GilmarMaldonado-q9m,1
/@katerynsantiago2907,/@mariasamo8637,1
/@katerynsantiago2907,/@josehidalgo4875,1
/@katerynsantiago2907,/@JacintaTzoy,1
/@katerynsantiago2907,/@carmenr6311,1
/@katerynsantiago2907,/@aluxdel4792,1
/@katerynsantiago2907,/@guillermogonzalez5153,1
/@katerynsantiago2907,/@MegaKristenstewart,1
/@katerynsantiago2907,/@maxwellsales885,1
/@katerynsantiago2907,/@gorrarota,1
/@katerynsantiago2907,/@mynorrodas8591,1
/@katerynsantiago2907,/@OseasSamayoa-ol5rz,1
/@katerynsantiago2907,/@cesaraugustomoralesmonroy6907,1
/@katerynsantiago2907,/@pablochitay46,1
/@katerynsantiago2907,/@josecarrera9623,1
/@katerynsantiago2907,/@victorarturoruanobautista7588,1
/@katerynsantiago2907,/@VidalVillatoro-p4w,1
/@katerynsantiago2907,/@luisgpacheco5858,1
/@katerynsantiago2907,/@kanterra4584,1
/@alfonsomorales2653,/@TeresaLucero-b5o,1
/@katerynsantiago2907,/@johnmejia992,1
/@alfonsomorales2653,/@vanigomez492,1
/@alfonsomorales2653,/@cesarandreas7824,1
/@alfonsomorales2653,/@oscarnavas9996,1
/@juliohernandez7438,/@ruddydepaz322,1
/@juliohernandez7438,/@jorgecifuentes-m5g,1
/@juliohernandez7438,/@elsalvador3605,1
/@juliohernandez7438,/@carlitosramirez4739,1
/@juliohernandez7438,/@MacoMorales-i2i2d,1
/@juliohernandez7438,/@HonwayLee-z5g,1
/@juliohernandez7438,/@JessicaHuaz-96,1
/@juliohernandez7438,/@edithsan7688,1
/@juliohernandez7438,/@MariaSantos-c8y3h,1
/@juliohernandez7438,/@franciscoflores3120,1
/@juliohernandez7438,/@Historia-wm4os,1
/@juliohernandez7438,/@RaulPerez-cw2vi,1
/@katerynsantiago2907,/@MacarioMartinezruiz,1
/@katerynsantiago2907,/@JavierBecerra-h6x,1
/@alfonsomorales2653,/@jor77cas,1
/@alfonsomorales2653,/@oswaldosolis8728,1
/@alfonsomorales2653,/@JosueRamirez-ey3ih,1
/@alfonsomorales2653,/@maxwellsales885,1
/@alfonsomorales2653,/@mynorrodas8591,1
/@alfonsomorales2653,/@OseasSamayoa-ol5rz,1
/@alfonsomorales2653,/@cesaraugustomoralesmonroy6907,1
/@alfonsomorales2653,/@pablochitay46,1
/@alfonsomorales2653,/@josecarrera9623,1
/@alfonsomorales2653,/@victorarturoruanobautista7588,1
/@alfonsomorales2653,/@VidalVillatoro-p4w,1
/@alfonsomorales2653,/@luisparedes-pw6qt,1
/@alfonsomorales2653,/@giovannirodas4836,1
/@alfonsomorales2653,/@raquelprado3643,1
/@alfonsomorales2653,/@marioajset4283,1
/@alfonsomorales2653,/@edvinparedesherrera7632,1
/@alfonsomorales2653,/@ManuelEdran,1
/@alfonsomorales2653,/@ARGELIATELON,1
/@alfonsomorales2653,/@anaaguirre8985,1
/@alfonsomorales2653,/@RobertoZelaya-x1v,1
/@alfonsomorales2653,/@hectorcarranza3777,1
/@alfonsomorales2653,/@gorrarota,1
/@alfonsomorales2653,/@MegaKristenstewart,1
/@alfonsomorales2653,/@byronpontaza,1
/@alfonsomorales2653,/@guillermogonzalez5153,1
/@JoseSimilox-p6e,/@fredygarcia9151,1
/@JoseSimilox-p6e,/@TeresaLucero-b5o,1
/@JoseSimilox-p6e,/@vanigomez492,1
/@JoseSimilox-p6e,/@cesarandreas7824,1
/@JoseSimilox-p6e,/@oscarnavas9996,1
/@alfonsomorales2653,/@MacarioMartinezruiz,1
/@alfonsomorales2653,/@JavierBecerra-h6x,1
/@alfonsomorales2653,/@johnmejia992,1
/@alfonsomorales2653,/@kanterra4584,1
/@alfonsomorales2653,/@belarminavillatoro6474,1
/@alfonsomorales2653,/@luisgpacheco5858,1
/@alfonsomorales2653,/@GilmarMaldonado-q9m,1
/@alfonsomorales2653,/@mariasamo8637,1
/@alfonsomorales2653,/@josehidalgo4875,1
/@alfonsomorales2653,/@JacintaTzoy,1
/@alfonsomorales2653,/@carmenr6311,1
/@alfonsomorales2653,/@aluxdel4792,1
/@alfonsomorales2653,/@OscarHernandez-q8y,1
/@alfonsomorales2653,/@eddymunoz9789,1
/@alfonsomorales2653,/@dorisl.garciaroche7763,1
/@alfonsomorales2653,/@isaaclopez7220,1
/@alfonsomorales2653,/@markoherrera,1
/@alfonsomorales2653,/@BenjaminLarios-jd8nk,1
/@alfonsomorales2653,/@Aura-vf6dm,1
/@alfonsomorales2653,/@federicosaquimux1933,1
/@alfonsomorales2653,/@JuanChang-r6k,1
/@alfonsomorales2653,/@LE_A22,1
/@alfonsomorales2653,/@ArielRodas-g5y,1
/@alfonsomorales2653,/@HaroldoCastillo-rh9iw,1
/@alfonsomorales2653,/@SoniaMarroquin-y6e,1
/@alfonsomorales2653,/@fredymendez1786,1
/@alfonsomorales2653,/@nestorlorenzana1168,1
/@alfonsomorales2653,/@luisletona2842,1
/@alfonsomorales2653,/@carlosaguilar-kz7ml,1
/@alfonsomorales2653,/@dantesarti4351,1
/@alfonsomorales2653,/@monkchapin,1
/@alfonsomorales2653,/@andyB5280,1
/@alfonsomorales2653,/@Jel.Awesh.M,1
/@alfonsomorales2653,/@virgiliogarcia3039,1
/@alfonsomorales2653,/@MariaaliciaColonmorales,1
/@alfonsomorales2653,/@edwingeovanymarroquinmarro6684,1
/@alfonsomorales2653,/@edgarroldan5539,1
/@alfonsomorales2653,/@marisosa7832,1
/@alfonsomorales2653,/@carlossoto3252,1
/@alfonsomorales2653,/@mdelcid01,1
/@alfonsomorales2653,/@eusebiovasquez4385,1
/@alfonsomorales2653,/@FranciscoRivera-sf7ne,1
/@alfonsomorales2653,/@davidisraelesquitsaquil,1
/@alfonsomorales2653,/@fredydomingo7062,1
/@alfonsomorales2653,/@hectoroliva949,1
/@alfonsomorales2653,/@JuanDavila-qd7qj,1
/@alfonsomorales2653,/@inge_vergueta,1
/@alfonsomorales2653,/@CARLOSSTREMS51,1
/@alfonsomorales2653,/@SuperVictor2005,1
/@alfonsomorales2653,/@Rogergh-nw4oj,1
/@alfonsomorales2653,/@VICTOREST19,1
/@alfonsomorales2653,/@hugoasencio7764,1
/@alfonsomorales2653,/@amyherrera7352,1
/@alfredoortega9264,/@Jel.Awesh.M,1
/@alfredoortega9264,/@dinoraoroxon5771,1
/@diegoalejandrolopezmendez205,/@thelmamoran8565,1
/@hectoroliva949,/@mariasamo8637,1
/@hectoroliva949,/@JacintaTzoy,1
/@hectoroliva949,/@guillermogonzalez5153,1
/@hectoroliva949,/@MegaKristenstewart,1
/@hectoroliva949,/@gorrarota,1
/@hectoroliva949,/@mynorrodas8591,1
/@hectoroliva949,/@OseasSamayoa-ol5rz,1
/@hectoroliva949,/@pablochitay46,1
/@hectoroliva949,/@josecarrera9623,1
/@hectoroliva949,/@victorarturoruanobautista7588,1
/@hectoroliva949,/@VidalVillatoro-p4w,1
/@hectoroliva949,/@raquelprado3643,1
/@hectoroliva949,/@ARGELIATELON,1
/@hectoroliva949,/@anaaguirre8985,1
/@hectoroliva949,/@RobertoZelaya-x1v,1
/@hectoroliva949,/@hectorcarranza3777,1
/@hectoroliva949,/@OscarHernandez-q8y,1
/@hectoroliva949,/@eddymunoz9789,1
/@hectoroliva949,/@josehidalgo4875,1
/@hectoroliva949,/@GilmarMaldonado-q9m,1
/@hectoroliva949,/@mdelcid01,1
/@hectoroliva949,/@luisgpacheco5858,1
/@lizardomorataya8274,/@SergioGarcia-z9c,1
/@lizardomorataya8274,/@domingopeneleu6457,1
/@lizardomorataya8274,/@ronyarana8849,1
/@lizardomorataya8274,/@mariorodas593,1
/@lizardomorataya8274,/@Iv%C3%A1nP%C3%A9rez-j4j,1
/@lizardomorataya8274,/@allanmunoz7410,1
/@lizardomorataya8274,/@thelmamoran8565,1
/@lizardomorataya8274,/@diegoalejandrolopezmendez205,1
/@lizardomorataya8274,/@fredygarcia9151,1
/@lizardomorataya8274,/@TeresaLucero-b5o,1
/@lizardomorataya8274,/@vanigomez492,1
/@lizardomorataya8274,/@cesarandreas7824,1
/@lizardomorataya8274,/@oscarnavas9996,1
/@hectoroliva949,/@MacarioMartinezruiz,1
/@hectoroliva949,/@JavierBecerra-h6x,1
/@hectoroliva949,/@kanterra4584,1
/@hectoroliva949,/@belarminavillatoro6474,1
/@hectoroliva949,/@dorisl.garciaroche7763,1
/@hectoroliva949,/@eusebiovasquez4385,1
/@lizardomorataya8274,/@FidelZacarias-ph7dy,1
/@hectoroliva949,/@fredymendez1786,1
/@hectoroliva949,/@luisletona2842,1
/@hectoroliva949,/@carlosaguilar-kz7ml,1
/@hectoroliva949,/@dantesarti4351,1
/@hectoroliva949,/@monkchapin,1
/@hectoroliva949,/@andyB5280,1
/@hectoroliva949,/@Jel.Awesh.M,1
/@hectoroliva949,/@byronpontaza,1
/@hectoroliva949,/@JosueRamirez-ey3ih,1
/@hectoroliva949,/@jor77cas,1
/@hectoroliva949,/@welfrealdana5559,1
/@hectoroliva949,/@MrDuenderojo,1
/@hectoroliva949,/@Joseroland21,1
/@hectoroliva949,/@davidgaher9550,1
/@hectoroliva949,/@belvettzapeta1251,1
/@hectoroliva949,/@edwinavila4876,1
/@hectoroliva949,/@yeniferaguirre4498,1
/@hectoroliva949,/@moisesvaldez4043,1
/@hectoroliva949,/@nestorlorenzana1168,1
/@hectoroliva949,/@SoniaMarroquin-y6e,1
/@hectoroliva949,/@FranciscoRivera-sf7ne,1
/@hectoroliva949,/@HaroldoCastillo-rh9iw,1
/@hectoroliva949,/@davidisraelesquitsaquil,1
/@hectoroliva949,/@fredydomingo7062,1
/@hectoroliva949,/@edgarroldan5539,1
/@hectoroliva949,/@inge_vergueta,1
/@hectoroliva949,/@CARLOSSTREMS51,1
/@hectoroliva949,/@SuperVictor2005,1
/@hectoroliva949,/@Rogergh-nw4oj,1
/@hectoroliva949,/@amyherrera7352,1
/@hectoroliva949,/@JuanDavila-qd7qj,1
/@hectoroliva949,/@edwingeovanymarroquinmarro6684,1
/@hectoroliva949,/@virgiliogarcia3039,1
/@hectoroliva949,/@markoherrera,1
/@hectoroliva949,/@BenjaminLarios-jd8nk,1
/@hectoroliva949,/@federicosaquimux1933,1
/@hectoroliva949,/@JuanChang-r6k,1
/@hectoroliva949,/@LE_A22,1
/@hectoroliva949,/@ArielRodas-g5y,1
/@lizardomorataya8274,/@AndresMedina-v1s,1
/@lizardomorataya8274,/@ricardofigueroa5720,1
/@hectoroliva949,/@alvaroesquivel563,1
/@lizardomorataya8274,/@ARGELIATELON,1
/@lizardomorataya8274,/@RobertoZelaya-x1v,1
/@lizardomorataya8274,/@hectorcarranza3777,1
/@lizardomorataya8274,/@OscarHernandez-q8y,1
/@lizardomorataya8274,/@eddymunoz9789,1
/@lizardomorataya8274,/@dorisl.garciaroche7763,1
/@lizardomorataya8274,/@mdelcid01,1
/@lizardomorataya8274,/@eusebiovasquez4385,1
/@lizardomorataya8274,/@FranciscoRivera-sf7ne,1
/@lizardomorataya8274,/@davidisraelesquitsaquil,1
/@lizardomorataya8274,/@fredydomingo7062,1
/@lizardomorataya8274,/@edgarroldan5539,1
/@lizardomorataya8274,/@hectoroliva949,1
/@lizardomorataya8274,/@inge_vergueta,1
/@lizardomorataya8274,/@CARLOSSTREMS51,1
/@lizardomorataya8274,/@SuperVictor2005,1
/@lizardomorataya8274,/@Rogergh-nw4oj,1
/@lizardomorataya8274,/@amyherrera7352,1
/@lizardomorataya8274,/@anaaguirre8985,1
/@lizardomorataya8274,/@raquelprado3643,1
/@lizardomorataya8274,/@edwingeovanymarroquinmarro6684,1
/@lizardomorataya8274,/@VidalVillatoro-p4w,1
/@lizardomorataya8274,/@MacarioMartinezruiz,1
/@lizardomorataya8274,/@JavierBecerra-h6x,1
/@lizardomorataya8274,/@kanterra4584,1
/@lizardomorataya8274,/@belarminavillatoro6474,1
/@lizardomorataya8274,/@luisgpacheco5858,1
/@lizardomorataya8274,/@GilmarMaldonado-q9m,1
/@lizardomorataya8274,/@mariasamo8637,1
/@lizardomorataya8274,/@josehidalgo4875,1
/@lizardomorataya8274,/@JacintaTzoy,1
/@lizardomorataya8274,/@guillermogonzalez5153,1
/@lizardomorataya8274,/@MegaKristenstewart,1
/@lizardomorataya8274,/@gorrarota,1
/@lizardomorataya8274,/@mynorrodas8591,1
/@lizardomorataya8274,/@OseasSamayoa-ol5rz,1
/@lizardomorataya8274,/@pablochitay46,1
/@lizardomorataya8274,/@josecarrera9623,1
/@lizardomorataya8274,/@victorarturoruanobautista7588,1
/@lizardomorataya8274,/@JuanDavila-qd7qj,1
/@lizardomorataya8274,/@virgiliogarcia3039,1
/@lizardomorataya8274,/@romeolopezherrarte799,1
/@lizardomorataya8274,/@MrDuenderojo,1
/@lizardomorataya8274,/@davidgaher9550,1
/@lizardomorataya8274,/@belvettzapeta1251,1
/@lizardomorataya8274,/@edwinavila4876,1
/@lizardomorataya8274,/@yeniferaguirre4498,1
/@lizardomorataya8274,/@moisesvaldez4043,1
/@lizardomorataya8274,/@isaiaslopezvelasquez1539,1
/@lizardomorataya8274,/@alvaroesquivel563,1
/@lizardomorataya8274,/@nestormendez6216,1
/@lizardomorataya8274,/@cuabatzjj5924,1
/@lizardomorataya8274,/@marcomendez7509,1
/@lizardomorataya8274,/@elmorodriguez6978,1
/@lizardomorataya8274,/@danyraymundo2942,1
/@lizardomorataya8274,/@beneficioelcaminovillacana8540,1
/@lizardomorataya8274,/@RolandoRaguay,1
/@lizardomorataya8274,/@mireyamorales6595,1
/@lizardomorataya8274,/@OdilioRodr%C3%ADguez-c5w,1
/@lizardomorataya8274,/@carlosmedranovelasquez6380,1
/@lizardomorataya8274,/@Joseroland21,1
/@lizardomorataya8274,/@welfrealdana5559,1
/@lizardomorataya8274,/@markoherrera,1
/@lizardomorataya8274,/@jor77cas,1
/@lizardomorataya8274,/@BenjaminLarios-jd8nk,1
/@lizardomorataya8274,/@federicosaquimux1933,1
/@lizardomorataya8274,/@JuanChang-r6k,1
/@lizardomorataya8274,/@LE_A22,1
/@lizardomorataya8274,/@ArielRodas-g5y,1
/@lizardomorataya8274,/@HaroldoCastillo-rh9iw,1
/@lizardomorataya8274,/@SoniaMarroquin-y6e,1
/@lizardomorataya8274,/@fredymendez1786,1
/@lizardomorataya8274,/@nestorlorenzana1168,1
/@lizardomorataya8274,/@luisletona2842,1
/@lizardomorataya8274,/@carlosaguilar-kz7ml,1
/@lizardomorataya8274,/@dantesarti4351,1
/@lizardomorataya8274,/@monkchapin,1
/@lizardomorataya8274,/@andyB5280,1
/@lizardomorataya8274,/@Jel.Awesh.M,1
/@lizardomorataya8274,/@byronpontaza,1
/@lizardomorataya8274,/@JosueRamirez-ey3ih,1
/@hectoroliva949,/@isaiaslopezvelasquez1539,1
/@hectoroliva949,/@nestormendez6216,1
/@luisletona2842,/@HaroldoCastillo-rh9iw,1
/@federicosaquimux1933,/@romeolopezherrarte799,1
/@federicosaquimux1933,/@FidelZacarias-ph7dy,1
/@federicosaquimux1933,/@AndresMedina-v1s,1
/@federicosaquimux1933,/@SergioGarcia-z9c,1
/@federicosaquimux1933,/@domingopeneleu6457,1
/@federicosaquimux1933,/@ronyarana8849,1
/@federicosaquimux1933,/@mariorodas593,1
/@federicosaquimux1933,/@Iv%C3%A1nP%C3%A9rez-j4j,1
/@federicosaquimux1933,/@allanmunoz7410,1
/@federicosaquimux1933,/@thelmamoran8565,1
/@federicosaquimux1933,/@diegoalejandrolopezmendez205,1
/@federicosaquimux1933,/@fredygarcia9151,1
/@federicosaquimux1933,/@TeresaLucero-b5o,1
/@federicosaquimux1933,/@vanigomez492,1
/@federicosaquimux1933,/@cesarandreas7824,1
/@federicosaquimux1933,/@oscarnavas9996,1
/@luisletona2842,/@MacarioMartinezruiz,1
/@luisletona2842,/@JavierBecerra-h6x,1
/@federicosaquimux1933,/@ricardofigueroa5720,1
/@federicosaquimux1933,/@carlosmedranovelasquez6380,1
/@luisletona2842,/@belarminavillatoro6474,1
/@federicosaquimux1933,/@OdilioRodr%C3%ADguez-c5w,1
/@federicosaquimux1933,/@MrDuenderojo,1
/@federicosaquimux1933,/@Joseroland21,1
/@federicosaquimux1933,/@davidgaher9550,1
/@federicosaquimux1933,/@belvettzapeta1251,1
/@federicosaquimux1933,/@edwinavila4876,1
/@federicosaquimux1933,/@yeniferaguirre4498,1
/@federicosaquimux1933,/@moisesvaldez4043,1
/@federicosaquimux1933,/@isaiaslopezvelasquez1539,1
/@federicosaquimux1933,/@alvaroesquivel563,1
/@federicosaquimux1933,/@nestormendez6216,1
/@federicosaquimux1933,/@cuabatzjj5924,1
/@federicosaquimux1933,/@marcomendez7509,1
/@federicosaquimux1933,/@elmorodriguez6978,1
/@federicosaquimux1933,/@danyraymundo2942,1
/@federicosaquimux1933,/@beneficioelcaminovillacana8540,1
/@federicosaquimux1933,/@RolandoRaguay,1
/@federicosaquimux1933,/@mireyamorales6595,1
/@luisletona2842,/@kanterra4584,1
/@luisletona2842,/@luisgpacheco5858,1
/@federicosaquimux1933,/@jor77cas,1
/@luisletona2842,/@dorisl.garciaroche7763,1
/@luisletona2842,/@eusebiovasquez4385,1
/@luisletona2842,/@FranciscoRivera-sf7ne,1
/@luisletona2842,/@davidisraelesquitsaquil,1
/@luisletona2842,/@fredydomingo7062,1
/@luisletona2842,/@edgarroldan5539,1
/@luisletona2842,/@inge_vergueta,1
/@luisletona2842,/@CARLOSSTREMS51,1
/@luisletona2842,/@SuperVictor2005,1
/@luisletona2842,/@Rogergh-nw4oj,1
/@luisletona2842,/@amyherrera7352,1
/@luisletona2842,/@JuanDavila-qd7qj,1
/@luisletona2842,/@edwingeovanymarroquinmarro6684,1
/@luisletona2842,/@virgiliogarcia3039,1
/@luisletona2842,/@markoherrera,1
/@luisletona2842,/@BenjaminLarios-jd8nk,1
/@luisletona2842,/@JuanChang-r6k,1
/@luisletona2842,/@LE_A22,1
/@luisletona2842,/@mdelcid01,1
/@luisletona2842,/@eddymunoz9789,1
/@luisletona2842,/@GilmarMaldonado-q9m,1
/@luisletona2842,/@OscarHernandez-q8y,1
/@luisletona2842,/@mariasamo8637,1
/@luisletona2842,/@josehidalgo4875,1
/@luisletona2842,/@JacintaTzoy,1
/@luisletona2842,/@guillermogonzalez5153,1
/@luisletona2842,/@MegaKristenstewart,1
/@luisletona2842,/@gorrarota,1
/@luisletona2842,/@mynorrodas8591,1
/@luisletona2842,/@OseasSamayoa-ol5rz,1
/@luisletona2842,/@pablochitay46,1
/@luisletona2842,/@josecarrera9623,1
/@luisletona2842,/@victorarturoruanobautista7588,1
/@luisletona2842,/@VidalVillatoro-p4w,1
/@luisletona2842,/@raquelprado3643,1
/@luisletona2842,/@ARGELIATELON,1
/@luisletona2842,/@anaaguirre8985,1
/@luisletona2842,/@RobertoZelaya-x1v,1
/@luisletona2842,/@hectorcarranza3777,1
/@federicosaquimux1933,/@welfrealdana5559,1
/@federicosaquimux1933,/@JosueRamirez-ey3ih,1
/@hectoroliva949,/@cuabatzjj5924,1
/@hectoroliva949,/@diegoalejandrolopezmendez205,1
/@hectoroliva949,/@TeresaLucero-b5o,1
/@hectoroliva949,/@vanigomez492,1
/@hectoroliva949,/@cesarandreas7824,1
/@hectoroliva949,/@oscarnavas9996,1
/@federicosaquimux1933,/@MacarioMartinezruiz,1
/@federicosaquimux1933,/@JavierBecerra-h6x,1
/@federicosaquimux1933,/@kanterra4584,1
/@federicosaquimux1933,/@belarminavillatoro6474,1
/@federicosaquimux1933,/@luisgpacheco5858,1
/@federicosaquimux1933,/@GilmarMaldonado-q9m,1
/@federicosaquimux1933,/@mariasamo8637,1
/@federicosaquimux1933,/@josehidalgo4875,1
/@federicosaquimux1933,/@JacintaTzoy,1
/@federicosaquimux1933,/@guillermogonzalez5153,1
/@federicosaquimux1933,/@MegaKristenstewart,1
/@federicosaquimux1933,/@gorrarota,1
/@federicosaquimux1933,/@mynorrodas8591,1
/@hectoroliva949,/@fredygarcia9151,1
/@hectoroliva949,/@thelmamoran8565,1
/@federicosaquimux1933,/@pablochitay46,1
/@hectoroliva949,/@allanmunoz7410,1
/@hectoroliva949,/@marcomendez7509,1
/@hectoroliva949,/@elmorodriguez6978,1
/@hectoroliva949,/@danyraymundo2942,1
/@hectoroliva949,/@beneficioelcaminovillacana8540,1
/@hectoroliva949,/@RolandoRaguay,1
/@hectoroliva949,/@mireyamorales6595,1
/@hectoroliva949,/@OdilioRodr%C3%ADguez-c5w,1
/@hectoroliva949,/@carlosmedranovelasquez6380,1
/@hectoroliva949,/@romeolopezherrarte799,1
/@hectoroliva949,/@ricardofigueroa5720,1
/@hectoroliva949,/@FidelZacarias-ph7dy,1
/@hectoroliva949,/@AndresMedina-v1s,1
/@hectoroliva949,/@SergioGarcia-z9c,1
/@hectoroliva949,/@domingopeneleu6457,1
/@hectoroliva949,/@ronyarana8849,1
/@hectoroliva949,/@mariorodas593,1
/@hectoroliva949,/@Iv%C3%A1nP%C3%A9rez-j4j,1
/@federicosaquimux1933,/@OseasSamayoa-ol5rz,1
/@federicosaquimux1933,/@josecarrera9623,1
/@federicosaquimux1933,/@byronpontaza,1
/@federicosaquimux1933,/@amyherrera7352,1
/@federicosaquimux1933,/@edwingeovanymarroquinmarro6684,1
/@federicosaquimux1933,/@virgiliogarcia3039,1
/@federicosaquimux1933,/@markoherrera,1
/@federicosaquimux1933,/@BenjaminLarios-jd8nk,1
/@federicosaquimux1933,/@JuanChang-r6k,1
/@federicosaquimux1933,/@LE_A22,1
/@federicosaquimux1933,/@ArielRodas-g5y,1
/@federicosaquimux1933,/@HaroldoCastillo-rh9iw,1
/@federicosaquimux1933,/@SoniaMarroquin-y6e,1
/@federicosaquimux1933,/@fredymendez1786,1
/@federicosaquimux1933,/@nestorlorenzana1168,1
/@federicosaquimux1933,/@luisletona2842,1
/@federicosaquimux1933,/@carlosaguilar-kz7ml,1
/@federicosaquimux1933,/@dantesarti4351,1
/@federicosaquimux1933,/@monkchapin,1
/@federicosaquimux1933,/@andyB5280,1
/@federicosaquimux1933,/@Jel.Awesh.M,1
/@federicosaquimux1933,/@JuanDavila-qd7qj,1
/@federicosaquimux1933,/@Rogergh-nw4oj,1
/@federicosaquimux1933,/@victorarturoruanobautista7588,1
/@federicosaquimux1933,/@SuperVictor2005,1
/@federicosaquimux1933,/@VidalVillatoro-p4w,1
/@federicosaquimux1933,/@raquelprado3643,1
/@federicosaquimux1933,/@ARGELIATELON,1
/@federicosaquimux1933,/@anaaguirre8985,1
/@federicosaquimux1933,/@RobertoZelaya-x1v,1
/@federicosaquimux1933,/@hectorcarranza3777,1
/@federicosaquimux1933,/@OscarHernandez-q8y,1
/@federicosaquimux1933,/@eddymunoz9789,1
/@federicosaquimux1933,/@dorisl.garciaroche7763,1
/@federicosaquimux1933,/@mdelcid01,1
/@federicosaquimux1933,/@eusebiovasquez4385,1
/@federicosaquimux1933,/@FranciscoRivera-sf7ne,1
/@federicosaquimux1933,/@davidisraelesquitsaquil,1
/@federicosaquimux1933,/@fredydomingo7062,1
/@federicosaquimux1933,/@edgarroldan5539,1
/@federicosaquimux1933,/@inge_vergueta,1
/@federicosaquimux1933,/@CARLOSSTREMS51,1
/@OsvaldoAguirre-l3i,/@oscarnavas9996,1
/@OsvaldoAguirre-l3i,/@cesarandreas7824,1
/@OsvaldoAguirre-l3i,/@vanigomez492,1
/@ernestogamboa8737,/@amyherrera7352,1
/@ernestogamboa8737,/@edwingeovanymarroquinmarro6684,1
/@ernestogamboa8737,/@virgiliogarcia3039,1
/@ernestogamboa8737,/@markoherrera,1
/@ernestogamboa8737,/@BenjaminLarios-jd8nk,1
/@ernestogamboa8737,/@federicosaquimux1933,1
/@ernestogamboa8737,/@JuanChang-r6k,1
/@ernestogamboa8737,/@LE_A22,1
/@ernestogamboa8737,/@ArielRodas-g5y,1
/@ernestogamboa8737,/@HaroldoCastillo-rh9iw,1
/@ernestogamboa8737,/@SoniaMarroquin-y6e,1
/@ernestogamboa8737,/@fredymendez1786,1
/@ernestogamboa8737,/@nestorlorenzana1168,1
/@ernestogamboa8737,/@luisletona2842,1
/@ernestogamboa8737,/@carlosaguilar-kz7ml,1
/@ernestogamboa8737,/@dantesarti4351,1
/@ernestogamboa8737,/@monkchapin,1
/@ernestogamboa8737,/@andyB5280,1
/@ernestogamboa8737,/@JuanDavila-qd7qj,1
/@ernestogamboa8737,/@Rogergh-nw4oj,1
/@ernestogamboa8737,/@byronpontaza,1
/@ernestogamboa8737,/@SuperVictor2005,1
/@ernestogamboa8737,/@raquelprado3643,1
/@ernestogamboa8737,/@ARGELIATELON,1
/@ernestogamboa8737,/@anaaguirre8985,1
/@ernestogamboa8737,/@RobertoZelaya-x1v,1
/@ernestogamboa8737,/@hectorcarranza3777,1
/@ernestogamboa8737,/@OscarHernandez-q8y,1
/@ernestogamboa8737,/@eddymunoz9789,1
/@ernestogamboa8737,/@dorisl.garciaroche7763,1
/@ernestogamboa8737,/@mdelcid01,1
/@ernestogamboa8737,/@eusebiovasquez4385,1
/@ernestogamboa8737,/@FranciscoRivera-sf7ne,1
/@ernestogamboa8737,/@davidisraelesquitsaquil,1
/@ernestogamboa8737,/@fredydomingo7062,1
/@ernestogamboa8737,/@edgarroldan5539,1
/@ernestogamboa8737,/@hectoroliva949,1
/@ernestogamboa8737,/@inge_vergueta,1
/@ernestogamboa8737,/@CARLOSSTREMS51,1
/@ernestogamboa8737,/@Jel.Awesh.M,1
/@ernestogamboa8737,/@JosueRamirez-ey3ih,1
/@ernestogamboa8737,/@victorarturoruanobautista7588,1
/@ernestogamboa8737,/@lizardomorataya8274,1
/@ernestogamboa8737,/@romeolopezherrarte799,1
/@ernestogamboa8737,/@ricardofigueroa5720,1
/@ernestogamboa8737,/@FidelZacarias-ph7dy,1
/@ernestogamboa8737,/@AndresMedina-v1s,1
/@ernestogamboa8737,/@SergioGarcia-z9c,1
/@ernestogamboa8737,/@domingopeneleu6457,1
/@ernestogamboa8737,/@OsvaldoAguirre-l3i,1
/@ernestogamboa8737,/@ronyarana8849,1
/@ernestogamboa8737,/@mariorodas593,1
/@ernestogamboa8737,/@Iv%C3%A1nP%C3%A9rez-j4j,1
/@ernestogamboa8737,/@allanmunoz7410,1
/@ernestogamboa8737,/@thelmamoran8565,1
/@ernestogamboa8737,/@diegoalejandrolopezmendez205,1
/@ernestogamboa8737,/@fredygarcia9151,1
/@ernestogamboa8737,/@TeresaLucero-b5o,1
/@ernestogamboa8737,/@vanigomez492,1
/@ernestogamboa8737,/@cesarandreas7824,1
/@ernestogamboa8737,/@carlosmedranovelasquez6380,1
/@ernestogamboa8737,/@OdilioRodr%C3%ADguez-c5w,1
/@ernestogamboa8737,/@jor77cas,1
/@ernestogamboa8737,/@mireyamorales6595,1
/@ernestogamboa8737,/@welfrealdana5559,1
/@ernestogamboa8737,/@MrDuenderojo,1
/@ernestogamboa8737,/@Joseroland21,1
/@ernestogamboa8737,/@davidgaher9550,1
/@ernestogamboa8737,/@belvettzapeta1251,1
/@ernestogamboa8737,/@edwinavila4876,1
/@ernestogamboa8737,/@yeniferaguirre4498,1
/@ernestogamboa8737,/@moisesvaldez4043,1
/@ernestogamboa8737,/@isaiaslopezvelasquez1539,1
/@ernestogamboa8737,/@alvaroesquivel563,1
/@ernestogamboa8737,/@nestormendez6216,1
/@ernestogamboa8737,/@cuabatzjj5924,1
/@ernestogamboa8737,/@marcomendez7509,1
/@ernestogamboa8737,/@elmorodriguez6978,1
/@ernestogamboa8737,/@danyraymundo2942,1
/@ernestogamboa8737,/@beneficioelcaminovillacana8540,1
/@ernestogamboa8737,/@RolandoRaguay,1
/@ernestogamboa8737,/@VidalVillatoro-p4w,1
/@ernestogamboa8737,/@josecarrera9623,1
/@OsvaldoAguirre-l3i,/@TeresaLucero-b5o,1
/@Aura-vf6dm,/@belvettzapeta1251,1
/@Aura-vf6dm,/@yeniferaguirre4498,1
/@Aura-vf6dm,/@moisesvaldez4043,1
/@Aura-vf6dm,/@isaiaslopezvelasquez1539,1
/@Aura-vf6dm,/@alvaroesquivel563,1
/@Aura-vf6dm,/@nestormendez6216,1
/@Aura-vf6dm,/@cuabatzjj5924,1
/@Aura-vf6dm,/@marcomendez7509,1
/@Aura-vf6dm,/@elmorodriguez6978,1
/@Aura-vf6dm,/@danyraymundo2942,1
/@Aura-vf6dm,/@beneficioelcaminovillacana8540,1
/@Aura-vf6dm,/@RolandoRaguay,1
/@Aura-vf6dm,/@mireyamorales6595,1
/@Aura-vf6dm,/@OdilioRodr%C3%ADguez-c5w,1
/@Aura-vf6dm,/@lizardomorataya8274,1
/@Aura-vf6dm,/@carlosmedranovelasquez6380,1
/@Aura-vf6dm,/@romeolopezherrarte799,1
/@Aura-vf6dm,/@ricardofigueroa5720,1
/@Aura-vf6dm,/@edwinavila4876,1
/@Aura-vf6dm,/@davidgaher9550,1
/@Aura-vf6dm,/@AndresMedina-v1s,1
/@Aura-vf6dm,/@Joseroland21,1
/@Aura-vf6dm,/@LE_A22,1
/@Aura-vf6dm,/@ArielRodas-g5y,1
/@Aura-vf6dm,/@HaroldoCastillo-rh9iw,1
/@Aura-vf6dm,/@SoniaMarroquin-y6e,1
/@Aura-vf6dm,/@fredymendez1786,1
/@Aura-vf6dm,/@nestorlorenzana1168,1
/@Aura-vf6dm,/@luisletona2842,1
/@Aura-vf6dm,/@carlosaguilar-kz7ml,1
/@Aura-vf6dm,/@dantesarti4351,1
/@Aura-vf6dm,/@monkchapin,1
/@Aura-vf6dm,/@andyB5280,1
/@Aura-vf6dm,/@Jel.Awesh.M,1
/@Aura-vf6dm,/@byronpontaza,1
/@Aura-vf6dm,/@JosueRamirez-ey3ih,1
/@Aura-vf6dm,/@jor77cas,1
/@Aura-vf6dm,/@welfrealdana5559,1
/@Aura-vf6dm,/@MrDuenderojo,1
/@Aura-vf6dm,/@FidelZacarias-ph7dy,1
/@Aura-vf6dm,/@SergioGarcia-z9c,1
/@ernestogamboa8737,/@pablochitay46,1
/@ruddydepaz322,/@edithsan7688,1
/@ruddydepaz322,/@franciscoflores3120,1
/@ruddydepaz322,/@Historia-wm4os,1
/@ruddydepaz322,/@RaulPerez-cw2vi,1
/@ernestogamboa8737,/@MacarioMartinezruiz,1
/@ernestogamboa8737,/@JavierBecerra-h6x,1
/@ernestogamboa8737,/@kanterra4584,1
/@ernestogamboa8737,/@belarminavillatoro6474,1
/@ernestogamboa8737,/@luisgpacheco5858,1
/@ernestogamboa8737,/@GilmarMaldonado-q9m,1
/@ernestogamboa8737,/@mariasamo8637,1
/@ernestogamboa8737,/@josehidalgo4875,1
/@ernestogamboa8737,/@JacintaTzoy,1
/@ernestogamboa8737,/@guillermogonzalez5153,1
/@ernestogamboa8737,/@MegaKristenstewart,1
/@ernestogamboa8737,/@gorrarota,1
/@ernestogamboa8737,/@mynorrodas8591,1
/@ernestogamboa8737,/@OseasSamayoa-ol5rz,1
/@ruddydepaz322,/@MariaSantos-c8y3h,1
/@ruddydepaz322,/@JessicaHuaz-96,1
/@Aura-vf6dm,/@domingopeneleu6457,1
/@ruddydepaz322,/@HonwayLee-z5g,1
/@Aura-vf6dm,/@ernestogamboa8737,1
/@Aura-vf6dm,/@OsvaldoAguirre-l3i,1
/@Aura-vf6dm,/@ronyarana8849,1
/@Aura-vf6dm,/@mariorodas593,1
/@Aura-vf6dm,/@Iv%C3%A1nP%C3%A9rez-j4j,1
/@Aura-vf6dm,/@allanmunoz7410,1
/@Aura-vf6dm,/@thelmamoran8565,1
/@Aura-vf6dm,/@diegoalejandrolopezmendez205,1
/@Aura-vf6dm,/@fredygarcia9151,1
/@Aura-vf6dm,/@TeresaLucero-b5o,1
/@Aura-vf6dm,/@vanigomez492,1
/@Aura-vf6dm,/@cesarandreas7824,1
/@Aura-vf6dm,/@oscarnavas9996,1
/@ruddydepaz322,/@jorgecifuentes-m5g,1
/@ruddydepaz322,/@elsalvador3605,1
/@ruddydepaz322,/@carlitosramirez4739,1
/@ruddydepaz322,/@MacoMorales-i2i2d,1
/@ernestogamboa8737,/@oscarnavas9996,1
/@rosadiaz6945,/@DoraSalas-j5o,1
/@rosadiaz6945,/@MariaNavarroYT,1
/@OsvaldoAguirre-l3i,/@inge_vergueta,1
/@OsvaldoAguirre-l3i,/@SuperVictor2005,1
/@OsvaldoAguirre-l3i,/@Rogergh-nw4oj,1
/@OsvaldoAguirre-l3i,/@amyherrera7352,1
/@OsvaldoAguirre-l3i,/@JuanDavila-qd7qj,1
/@OsvaldoAguirre-l3i,/@edwingeovanymarroquinmarro6684,1
/@OsvaldoAguirre-l3i,/@virgiliogarcia3039,1
/@OsvaldoAguirre-l3i,/@markoherrera,1
/@OsvaldoAguirre-l3i,/@BenjaminLarios-jd8nk,1
/@OsvaldoAguirre-l3i,/@federicosaquimux1933,1
/@OsvaldoAguirre-l3i,/@JuanChang-r6k,1
/@OsvaldoAguirre-l3i,/@LE_A22,1
/@OsvaldoAguirre-l3i,/@ArielRodas-g5y,1
/@OsvaldoAguirre-l3i,/@HaroldoCastillo-rh9iw,1
/@OsvaldoAguirre-l3i,/@SoniaMarroquin-y6e,1
/@OsvaldoAguirre-l3i,/@fredymendez1786,1
/@OsvaldoAguirre-l3i,/@nestorlorenzana1168,1
/@OsvaldoAguirre-l3i,/@luisletona2842,1
/@OsvaldoAguirre-l3i,/@CARLOSSTREMS51,1
/@OsvaldoAguirre-l3i,/@hectoroliva949,1
/@OsvaldoAguirre-l3i,/@dantesarti4351,1
/@OsvaldoAguirre-l3i,/@edgarroldan5539,1
/@OsvaldoAguirre-l3i,/@pablochitay46,1
/@OsvaldoAguirre-l3i,/@josecarrera9623,1
/@OsvaldoAguirre-l3i,/@victorarturoruanobautista7588,1
/@OsvaldoAguirre-l3i,/@VidalVillatoro-p4w,1
/@OsvaldoAguirre-l3i,/@raquelprado3643,1
/@OsvaldoAguirre-l3i,/@ARGELIATELON,1
/@OsvaldoAguirre-l3i,/@anaaguirre8985,1
/@OsvaldoAguirre-l3i,/@RobertoZelaya-x1v,1
/@OsvaldoAguirre-l3i,/@hectorcarranza3777,1
/@OsvaldoAguirre-l3i,/@OscarHernandez-q8y,1
/@OsvaldoAguirre-l3i,/@eddymunoz9789,1
/@OsvaldoAguirre-l3i,/@dorisl.garciaroche7763,1
/@OsvaldoAguirre-l3i,/@mdelcid01,1
/@OsvaldoAguirre-l3i,/@eusebiovasquez4385,1
/@OsvaldoAguirre-l3i,/@FranciscoRivera-sf7ne,1
/@OsvaldoAguirre-l3i,/@davidisraelesquitsaquil,1
/@OsvaldoAguirre-l3i,/@fredydomingo7062,1
/@OsvaldoAguirre-l3i,/@carlosaguilar-kz7ml,1
/@OsvaldoAguirre-l3i,/@monkchapin,1
/@rosadiaz6945,/@flornolberto2425,1
/@OsvaldoAguirre-l3i,/@beneficioelcaminovillacana8540,1
/@OsvaldoAguirre-l3i,/@mireyamorales6595,1
/@OsvaldoAguirre-l3i,/@OdilioRodr%C3%ADguez-c5w,1
/@OsvaldoAguirre-l3i,/@lizardomorataya8274,1
/@OsvaldoAguirre-l3i,/@carlosmedranovelasquez6380,1
/@OsvaldoAguirre-l3i,/@romeolopezherrarte799,1
/@OsvaldoAguirre-l3i,/@ricardofigueroa5720,1
/@OsvaldoAguirre-l3i,/@FidelZacarias-ph7dy,1
/@OsvaldoAguirre-l3i,/@AndresMedina-v1s,1
/@OsvaldoAguirre-l3i,/@SergioGarcia-z9c,1
/@OsvaldoAguirre-l3i,/@domingopeneleu6457,1
/@OsvaldoAguirre-l3i,/@ronyarana8849,1
/@OsvaldoAguirre-l3i,/@mariorodas593,1
/@OsvaldoAguirre-l3i,/@Iv%C3%A1nP%C3%A9rez-j4j,1
/@OsvaldoAguirre-l3i,/@allanmunoz7410,1
/@OsvaldoAguirre-l3i,/@thelmamoran8565,1
/@OsvaldoAguirre-l3i,/@diegoalejandrolopezmendez205,1
/@OsvaldoAguirre-l3i,/@fredygarcia9151,1
/@OsvaldoAguirre-l3i,/@RolandoRaguay,1
/@OsvaldoAguirre-l3i,/@danyraymundo2942,1
/@OsvaldoAguirre-l3i,/@andyB5280,1
/@OsvaldoAguirre-l3i,/@elmorodriguez6978,1
/@OsvaldoAguirre-l3i,/@Jel.Awesh.M,1
/@OsvaldoAguirre-l3i,/@byronpontaza,1
/@OsvaldoAguirre-l3i,/@JosueRamirez-ey3ih,1
/@OsvaldoAguirre-l3i,/@jor77cas,1
/@OsvaldoAguirre-l3i,/@welfrealdana5559,1
/@OsvaldoAguirre-l3i,/@MrDuenderojo,1
/@OsvaldoAguirre-l3i,/@Joseroland21,1
/@OsvaldoAguirre-l3i,/@davidgaher9550,1
/@OsvaldoAguirre-l3i,/@belvettzapeta1251,1
/@OsvaldoAguirre-l3i,/@edwinavila4876,1
/@OsvaldoAguirre-l3i,/@yeniferaguirre4498,1
/@OsvaldoAguirre-l3i,/@moisesvaldez4043,1
/@OsvaldoAguirre-l3i,/@isaiaslopezvelasquez1539,1
/@OsvaldoAguirre-l3i,/@alvaroesquivel563,1
/@OsvaldoAguirre-l3i,/@nestormendez6216,1
/@OsvaldoAguirre-l3i,/@cuabatzjj5924,1
/@OsvaldoAguirre-l3i,/@marcomendez7509,1
/@OsvaldoAguirre-l3i,/@OseasSamayoa-ol5rz,1
/@OsvaldoAguirre-l3i,/@mynorrodas8591,1
/@OsvaldoAguirre-l3i,/@gorrarota,1
/@lidiarodriguez3493,/@genarodelgado3929,1
/@lidiarodriguez3493,/@laboratorio5528,1
/@lidiarodriguez3493,/@Jel.Awesh.M,1
/@lidiarodriguez3493,/@MarcosCarillo-b1r,1
/@lidiarodriguez3493,/@dinoraoroxon5771,1
/@lidiarodriguez3493,/@hendersonlopez3864,1
/@lidiarodriguez3493,/@iamjimalesssa,1
/@lidiarodriguez3493,/@marlenareano-h4t,1
/@lidiarodriguez3493,/@FernandoGarcia-jg1fj,1
/@lidiarodriguez3493,/@AndresLemus-k2d,1
/@lidiarodriguez3493,/@inge_vergueta,1
/@lidiarodriguez3493,/@jorgeaguilar-bq3uj,1
/@lidiarodriguez3493,/@aguilar4254,1
/@lidiarodriguez3493,/@pedroros6358,1
/@lidiarodriguez3493,/@josecastillo4390,1
/@lidiarodriguez3493,/@quijotachapina1,1
/@lidiarodriguez3493,/@caminoseternos752,1
/@lidiarodriguez3493,/@OmarMartinez-vv8re,1
/@lidiarodriguez3493,/@eustaquiogomez9975,1
/@lidiarodriguez3493,/@Lyrics_GT,1
/@OsvaldoAguirre-l3i,/@MegaKristenstewart,1
/@lidiarodriguez3493,/@NataliaRodriguez-rx5mr,1
/@rosadiaz6945,/@MarioCortez-o6v,1
/@rosadiaz6945,/@aurahernandez5646,1
/@rosadiaz6945,/@jesusguzman2321,1
/@rosadiaz6945,/@eugeneramirez4405,1
/@rosadiaz6945,/@BelkisRodriguezRamirez,1
/@rosadiaz6945,/@RosaMontesdeOca777,1
/@rosadiaz6945,/@luisroldan7374,1
/@rosadiaz6945,/@pasionpornada,1
/@rosadiaz6945,/@WilR-s8r,1
/@rosadiaz6945,/@susievidal4134,1
/@rosadiaz6945,/@Ripped-Yoda,1
/@rosadiaz6945,/@Paul-gf7ec,1
/@alexmonzon4257,/@lazarobarillas3575,1
/@alexmonzon4257,/@JoelReynoso-d4r,1
/@alexmonzon4257,/@Williams-Garcia67E,1
/@alexmonzon4257,/@denilsonlopez4083,1
/@alexmonzon4257,/@MarcosCarillo-b1r,1
/@lidiarodriguez3493,/@mariocordon8873,1
/@lidiarodriguez3493,/@EdgarcalderonCalderong,1
/@lidiarodriguez3493,/@HectorElias-u2l,1
/@lidiarodriguez3493,/@gonzalo6075,1
/@alhvi,/@3762Jorge,1
/@alhvi,/@miguelbran1268,1
/@alhvi,/@angelmartinez9523,1
/@alhvi,/@hashojea7348,1
/@alhvi,/@herminiasaquimux7565,1
/@alhvi,/@11223344An,1
/@alhvi,/@capitanfrans,1
/@OsvaldoAguirre-l3i,/@MacarioMartinezruiz,1
/@OsvaldoAguirre-l3i,/@JavierBecerra-h6x,1
/@OsvaldoAguirre-l3i,/@kanterra4584,1
/@OsvaldoAguirre-l3i,/@belarminavillatoro6474,1
/@OsvaldoAguirre-l3i,/@luisgpacheco5858,1
/@OsvaldoAguirre-l3i,/@GilmarMaldonado-q9m,1
/@OsvaldoAguirre-l3i,/@mariasamo8637,1
/@OsvaldoAguirre-l3i,/@josehidalgo4875,1
/@OsvaldoAguirre-l3i,/@JacintaTzoy,1
/@OsvaldoAguirre-l3i,/@guillermogonzalez5153,1
/@alhvi,/@JBFlute92,1
/@alhvi,/@jabriz8152,1
/@alhvi,/@marioramirez299,1
/@lidiarodriguez3493,/@Silviazea,1
/@lidiarodriguez3493,/@EcPerez-zz9oh,1
/@lidiarodriguez3493,/@karensussetteleonvargas9794,1
/@lidiarodriguez3493,/@sergiohinestroza9709,1
/@lidiarodriguez3493,/@RolandoCastroP%C3%A9rez-d7y,1
/@lidiarodriguez3493,/@javiercifuentesarchila6041,1
/@lidiarodriguez3493,/@estuardoargueta137,1
/@lidiarodriguez3493,/@armindapenados2841,1
/@lidiarodriguez3493,/@AnaDiaz-re9sq,1
/@alhvi,/@sparkvalkov,1
/@lidiarodriguez3493,/@rogeraldana4289,1
/@lidiarodriguez3493,/@carloslam5333,1
/@lidiarodriguez3493,/@ligiaguerra3057,1
/@alhvi,/@DenisRMC,1
/@alhvi,/@franciscorodas9686,1
/@alhvi,/@Alejandro00710,1
/@alhvi,/@rockyscarlet,1
/@luisletona2842,/@ArielRodas-g5y,1
/@luisletona2842,/@SoniaMarroquin-y6e,1
/@alfredoortega9264,/@hendersonlopez3864,1
/@dorisl.garciaroche7763,/@Joseroland21,1
/@dorisl.garciaroche7763,/@belvettzapeta1251,1
/@dorisl.garciaroche7763,/@edwinavila4876,1
/@dorisl.garciaroche7763,/@yeniferaguirre4498,1
/@dorisl.garciaroche7763,/@moisesvaldez4043,1
/@dorisl.garciaroche7763,/@isaiaslopezvelasquez1539,1
/@dorisl.garciaroche7763,/@alvaroesquivel563,1
/@dorisl.garciaroche7763,/@nestormendez6216,1
/@dorisl.garciaroche7763,/@marcomendez7509,1
/@dorisl.garciaroche7763,/@elmorodriguez6978,1
/@dorisl.garciaroche7763,/@danyraymundo2942,1
/@dorisl.garciaroche7763,/@beneficioelcaminovillacana8540,1
/@dorisl.garciaroche7763,/@RolandoRaguay,1
/@dorisl.garciaroche7763,/@mireyamorales6595,1
/@dorisl.garciaroche7763,/@OdilioRodr%C3%ADguez-c5w,1
/@dorisl.garciaroche7763,/@carlosmedranovelasquez6380,1
/@dorisl.garciaroche7763,/@romeolopezherrarte799,1
/@dorisl.garciaroche7763,/@ricardofigueroa5720,1
/@dorisl.garciaroche7763,/@davidgaher9550,1
/@dorisl.garciaroche7763,/@MrDuenderojo,1
/@dorisl.garciaroche7763,/@AndresMedina-v1s,1
/@dorisl.garciaroche7763,/@welfrealdana5559,1
/@dorisl.garciaroche7763,/@virgiliogarcia3039,1
/@dorisl.garciaroche7763,/@markoherrera,1
/@dorisl.garciaroche7763,/@BenjaminLarios-jd8nk,1
/@dorisl.garciaroche7763,/@JuanChang-r6k,1
/@dorisl.garciaroche7763,/@LE_A22,1
/@dorisl.garciaroche7763,/@HaroldoCastillo-rh9iw,1
/@dorisl.garciaroche7763,/@SoniaMarroquin-y6e,1
/@dorisl.garciaroche7763,/@fredymendez1786,1
/@dorisl.garciaroche7763,/@nestorlorenzana1168,1
/@dorisl.garciaroche7763,/@carlosaguilar-kz7ml,1
/@dorisl.garciaroche7763,/@dantesarti4351,1
/@dorisl.garciaroche7763,/@monkchapin,1
/@dorisl.garciaroche7763,/@andyB5280,1
/@dorisl.garciaroche7763,/@Jel.Awesh.M,1
/@dorisl.garciaroche7763,/@byronpontaza,1
/@dorisl.garciaroche7763,/@JosueRamirez-ey3ih,1
/@dorisl.garciaroche7763,/@jor77cas,1
/@dorisl.garciaroche7763,/@FidelZacarias-ph7dy,1
/@dorisl.garciaroche7763,/@SergioGarcia-z9c,1
/@dorisl.garciaroche7763,/@JuanDavila-qd7qj,1
/@arielsarc09,/@melvinperez6710,1
/@arielsarc09,/@perritojuega1,1
/@arielsarc09,/@mynorgudiel8646,1
/@arielsarc09,/@jimmygomez724,1
/@arielsarc09,/@alexarcos8349,1
/@arielsarc09,/@WalksandSuch,1
/@arielsarc09,/@samuelaguilar529,1
/@arielsarc09,/@zetag,1
/@arielsarc09,/@crislexrubi4387,1
/@arielsarc09,/@jeanmorales1677,1
/@arielsarc09,/@kingr4706,1
/@arielsarc09,/@elenaluarca9377,1
/@arielsarc09,/@maynorcalel1442,1
/@arielsarc09,/@JoseReyes-rn6sh,1
/@arielsarc09,/@bryansicasales4280,1
/@allanmunoz7410,/@MacarioMartinezruiz,1
/@allanmunoz7410,/@JavierBecerra-h6x,1
/@allanmunoz7410,/@kanterra4584,1
/@arielsarc09,/@rolandojuchuna484,1
/@arielsarc09,/@ChRiStOpHeR7969,1
/@dorisl.garciaroche7763,/@domingopeneleu6457,1
/@arielsarc09,/@TheAlexX_C,1
/@dorisl.garciaroche7763,/@ronyarana8849,1
/@dorisl.garciaroche7763,/@mariorodas593,1
/@dorisl.garciaroche7763,/@Iv%C3%A1nP%C3%A9rez-j4j,1
/@dorisl.garciaroche7763,/@allanmunoz7410,1
/@dorisl.garciaroche7763,/@thelmamoran8565,1
/@dorisl.garciaroche7763,/@diegoalejandrolopezmendez205,1
/@dorisl.garciaroche7763,/@fredygarcia9151,1
/@dorisl.garciaroche7763,/@TeresaLucero-b5o,1
/@dorisl.garciaroche7763,/@vanigomez492,1
/@dorisl.garciaroche7763,/@cesarandreas7824,1
/@dorisl.garciaroche7763,/@oscarnavas9996,1
/@denilsonlopez4083,/@lazarobarillas3575,1
/@denilsonlopez4083,/@JoelReynoso-d4r,1
/@denilsonlopez4083,/@Williams-Garcia67E,1
/@denilsonlopez4083,/@MarcosCarillo-b1r,1
/@arielsarc09,/@alexandrevasquez4135,1
/@arielsarc09,/@carlosoliva9249,1
/@dorisl.garciaroche7763,/@edwingeovanymarroquinmarro6684,1
/@dorisl.garciaroche7763,/@amyherrera7352,1
/@allanmunoz7410,/@GilmarMaldonado-q9m,1
/@ArielRodas-g5y,/@isaiaslopezvelasquez1539,1
/@ArielRodas-g5y,/@nestormendez6216,1
/@ArielRodas-g5y,/@marcomendez7509,1
/@ArielRodas-g5y,/@elmorodriguez6978,1
/@ArielRodas-g5y,/@danyraymundo2942,1
/@ArielRodas-g5y,/@beneficioelcaminovillacana8540,1
/@ArielRodas-g5y,/@RolandoRaguay,1
/@ArielRodas-g5y,/@mireyamorales6595,1
/@ArielRodas-g5y,/@OdilioRodr%C3%ADguez-c5w,1
/@ArielRodas-g5y,/@carlosmedranovelasquez6380,1
/@ArielRodas-g5y,/@romeolopezherrarte799,1
/@ArielRodas-g5y,/@ricardofigueroa5720,1
/@ArielRodas-g5y,/@FidelZacarias-ph7dy,1
/@ArielRodas-g5y,/@AndresMedina-v1s,1
/@ArielRodas-g5y,/@SergioGarcia-z9c,1
/@ArielRodas-g5y,/@domingopeneleu6457,1
/@ArielRodas-g5y,/@ronyarana8849,1
/@ArielRodas-g5y,/@mariorodas593,1
/@ArielRodas-g5y,/@alvaroesquivel563,1
/@ArielRodas-g5y,/@moisesvaldez4043,1
/@ArielRodas-g5y,/@allanmunoz7410,1
/@ArielRodas-g5y,/@yeniferaguirre4498,1
/@ArielRodas-g5y,/@SoniaMarroquin-y6e,1
/@ArielRodas-g5y,/@fredymendez1786,1
/@ArielRodas-g5y,/@nestorlorenzana1168,1
/@ArielRodas-g5y,/@carlosaguilar-kz7ml,1
/@ArielRodas-g5y,/@dantesarti4351,1
/@ArielRodas-g5y,/@monkchapin,1
/@ArielRodas-g5y,/@andyB5280,1
/@ArielRodas-g5y,/@Jel.Awesh.M,1
/@ArielRodas-g5y,/@byronpontaza,1
/@ArielRodas-g5y,/@JosueRamirez-ey3ih,1
/@ArielRodas-g5y,/@jor77cas,1
/@ArielRodas-g5y,/@welfrealdana5559,1
/@ArielRodas-g5y,/@MrDuenderojo,1
/@ArielRodas-g5y,/@Joseroland21,1
/@ArielRodas-g5y,/@davidgaher9550,1
/@ArielRodas-g5y,/@belvettzapeta1251,1
/@ArielRodas-g5y,/@edwinavila4876,1
/@ArielRodas-g5y,/@Iv%C3%A1nP%C3%A9rez-j4j,1
/@ArielRodas-g5y,/@thelmamoran8565,1
/@dorisl.garciaroche7763,/@Rogergh-nw4oj,1
/@dorisl.garciaroche7763,/@josecarrera9623,1
/@dorisl.garciaroche7763,/@VidalVillatoro-p4w,1
/@dorisl.garciaroche7763,/@raquelprado3643,1
/@dorisl.garciaroche7763,/@ARGELIATELON,1
/@dorisl.garciaroche7763,/@anaaguirre8985,1
/@dorisl.garciaroche7763,/@RobertoZelaya-x1v,1
/@dorisl.garciaroche7763,/@hectorcarranza3777,1
/@dorisl.garciaroche7763,/@OscarHernandez-q8y,1
/@dorisl.garciaroche7763,/@eddymunoz9789,1
/@dorisl.garciaroche7763,/@mdelcid01,1
/@dorisl.garciaroche7763,/@eusebiovasquez4385,1
/@dorisl.garciaroche7763,/@FranciscoRivera-sf7ne,1
/@dorisl.garciaroche7763,/@davidisraelesquitsaquil,1
/@dorisl.garciaroche7763,/@fredydomingo7062,1
/@dorisl.garciaroche7763,/@edgarroldan5539,1
/@dorisl.garciaroche7763,/@inge_vergueta,1
/@dorisl.garciaroche7763,/@CARLOSSTREMS51,1
/@dorisl.garciaroche7763,/@SuperVictor2005,1
/@dorisl.garciaroche7763,/@victorarturoruanobautista7588,1
/@dorisl.garciaroche7763,/@pablochitay46,1
/@ArielRodas-g5y,/@diegoalejandrolopezmendez205,1
/@dorisl.garciaroche7763,/@OseasSamayoa-ol5rz,1
/@ArielRodas-g5y,/@fredygarcia9151,1
/@ArielRodas-g5y,/@TeresaLucero-b5o,1
/@ArielRodas-g5y,/@vanigomez492,1
/@ArielRodas-g5y,/@cesarandreas7824,1
/@ArielRodas-g5y,/@oscarnavas9996,1
/@dorisl.garciaroche7763,/@MacarioMartinezruiz,1
/@dorisl.garciaroche7763,/@JavierBecerra-h6x,1
/@dorisl.garciaroche7763,/@kanterra4584,1
/@dorisl.garciaroche7763,/@belarminavillatoro6474,1
/@dorisl.garciaroche7763,/@GilmarMaldonado-q9m,1
/@dorisl.garciaroche7763,/@mariasamo8637,1
/@dorisl.garciaroche7763,/@josehidalgo4875,1
/@dorisl.garciaroche7763,/@JacintaTzoy,1
/@dorisl.garciaroche7763,/@guillermogonzalez5153,1
/@dorisl.garciaroche7763,/@MegaKristenstewart,1
/@dorisl.garciaroche7763,/@gorrarota,1
/@dorisl.garciaroche7763,/@mynorrodas8591,1
/@allanmunoz7410,/@belarminavillatoro6474,1
/@allanmunoz7410,/@mariasamo8637,1
/@luisletona2842,/@fredymendez1786,1
/@diegoalejandrolopezmendez205,/@hectorcarranza3777,1
/@diegoalejandrolopezmendez205,/@eddymunoz9789,1
/@diegoalejandrolopezmendez205,/@mdelcid01,1
/@diegoalejandrolopezmendez205,/@eusebiovasquez4385,1
/@diegoalejandrolopezmendez205,/@FranciscoRivera-sf7ne,1
/@diegoalejandrolopezmendez205,/@davidisraelesquitsaquil,1
/@diegoalejandrolopezmendez205,/@fredydomingo7062,1
/@diegoalejandrolopezmendez205,/@edgarroldan5539,1
/@diegoalejandrolopezmendez205,/@inge_vergueta,1
/@diegoalejandrolopezmendez205,/@CARLOSSTREMS51,1
/@diegoalejandrolopezmendez205,/@SuperVictor2005,1
/@diegoalejandrolopezmendez205,/@Rogergh-nw4oj,1
/@diegoalejandrolopezmendez205,/@amyherrera7352,1
/@diegoalejandrolopezmendez205,/@JuanDavila-qd7qj,1
/@diegoalejandrolopezmendez205,/@edwingeovanymarroquinmarro6684,1
/@diegoalejandrolopezmendez205,/@virgiliogarcia3039,1
/@diegoalejandrolopezmendez205,/@markoherrera,1
/@diegoalejandrolopezmendez205,/@BenjaminLarios-jd8nk,1
/@diegoalejandrolopezmendez205,/@OscarHernandez-q8y,1
/@diegoalejandrolopezmendez205,/@RobertoZelaya-x1v,1
/@diegoalejandrolopezmendez205,/@LE_A22,1
/@diegoalejandrolopezmendez205,/@anaaguirre8985,1
/@diegoalejandrolopezmendez205,/@kanterra4584,1
/@diegoalejandrolopezmendez205,/@belarminavillatoro6474,1
/@diegoalejandrolopezmendez205,/@GilmarMaldonado-q9m,1
/@diegoalejandrolopezmendez205,/@mariasamo8637,1
/@diegoalejandrolopezmendez205,/@josehidalgo4875,1
/@diegoalejandrolopezmendez205,/@JacintaTzoy,1
/@diegoalejandrolopezmendez205,/@guillermogonzalez5153,1
/@diegoalejandrolopezmendez205,/@MegaKristenstewart,1
/@diegoalejandrolopezmendez205,/@gorrarota,1
/@diegoalejandrolopezmendez205,/@mynorrodas8591,1
/@diegoalejandrolopezmendez205,/@OseasSamayoa-ol5rz,1
/@diegoalejandrolopezmendez205,/@pablochitay46,1
/@diegoalejandrolopezmendez205,/@josecarrera9623,1
/@diegoalejandrolopezmendez205,/@victorarturoruanobautista7588,1
/@diegoalejandrolopezmendez205,/@VidalVillatoro-p4w,1
/@diegoalejandrolopezmendez205,/@raquelprado3643,1
/@diegoalejandrolopezmendez205,/@ARGELIATELON,1
/@diegoalejandrolopezmendez205,/@JuanChang-r6k,1
/@diegoalejandrolopezmendez205,/@HaroldoCastillo-rh9iw,1
/@diegoalejandrolopezmendez205,/@MacarioMartinezruiz,1
/@diegoalejandrolopezmendez205,/@alvaroesquivel563,1
/@diegoalejandrolopezmendez205,/@marcomendez7509,1
/@diegoalejandrolopezmendez205,/@elmorodriguez6978,1
/@diegoalejandrolopezmendez205,/@danyraymundo2942,1
/@diegoalejandrolopezmendez205,/@beneficioelcaminovillacana8540,1
/@diegoalejandrolopezmendez205,/@RolandoRaguay,1
/@diegoalejandrolopezmendez205,/@mireyamorales6595,1
/@diegoalejandrolopezmendez205,/@OdilioRodr%C3%ADguez-c5w,1
/@diegoalejandrolopezmendez205,/@carlosmedranovelasquez6380,1
/@diegoalejandrolopezmendez205,/@romeolopezherrarte799,1
/@diegoalejandrolopezmendez205,/@ricardofigueroa5720,1
/@diegoalejandrolopezmendez205,/@FidelZacarias-ph7dy,1
/@diegoalejandrolopezmendez205,/@AndresMedina-v1s,1
/@diegoalejandrolopezmendez205,/@SergioGarcia-z9c,1
/@diegoalejandrolopezmendez205,/@domingopeneleu6457,1
/@diegoalejandrolopezmendez205,/@ronyarana8849,1
/@diegoalejandrolopezmendez205,/@mariorodas593,1
/@diegoalejandrolopezmendez205,/@Iv%C3%A1nP%C3%A9rez-j4j,1
/@diegoalejandrolopezmendez205,/@nestormendez6216,1
/@diegoalejandrolopezmendez205,/@isaiaslopezvelasquez1539,1
/@diegoalejandrolopezmendez205,/@SoniaMarroquin-y6e,1
/@diegoalejandrolopezmendez205,/@moisesvaldez4043,1
/@diegoalejandrolopezmendez205,/@fredymendez1786,1
/@diegoalejandrolopezmendez205,/@nestorlorenzana1168,1
/@diegoalejandrolopezmendez205,/@carlosaguilar-kz7ml,1
/@diegoalejandrolopezmendez205,/@dantesarti4351,1
/@diegoalejandrolopezmendez205,/@monkchapin,1
/@diegoalejandrolopezmendez205,/@andyB5280,1
/@diegoalejandrolopezmendez205,/@Jel.Awesh.M,1
/@diegoalejandrolopezmendez205,/@byronpontaza,1
/@diegoalejandrolopezmendez205,/@JosueRamirez-ey3ih,1
/@diegoalejandrolopezmendez205,/@jor77cas,1
/@diegoalejandrolopezmendez205,/@welfrealdana5559,1
/@diegoalejandrolopezmendez205,/@MrDuenderojo,1
/@diegoalejandrolopezmendez205,/@Joseroland21,1
/@diegoalejandrolopezmendez205,/@davidgaher9550,1
/@diegoalejandrolopezmendez205,/@belvettzapeta1251,1
/@diegoalejandrolopezmendez205,/@edwinavila4876,1
/@diegoalejandrolopezmendez205,/@yeniferaguirre4498,1
/@diegoalejandrolopezmendez205,/@JavierBecerra-h6x,1
/@allanmunoz7410,/@oscarnavas9996,1
/@allanmunoz7410,/@josehidalgo4875,1
/@allanmunoz7410,/@FranciscoRivera-sf7ne,1
/@allanmunoz7410,/@fredydomingo7062,1
/@allanmunoz7410,/@edgarroldan5539,1
/@allanmunoz7410,/@inge_vergueta,1
/@allanmunoz7410,/@CARLOSSTREMS51,1
/@allanmunoz7410,/@SuperVictor2005,1
/@allanmunoz7410,/@Rogergh-nw4oj,1
/@allanmunoz7410,/@amyherrera7352,1
/@allanmunoz7410,/@JuanDavila-qd7qj,1
/@allanmunoz7410,/@edwingeovanymarroquinmarro6684,1
/@allanmunoz7410,/@virgiliogarcia3039,1
/@allanmunoz7410,/@markoherrera,1
/@allanmunoz7410,/@BenjaminLarios-jd8nk,1
/@allanmunoz7410,/@JuanChang-r6k,1
/@allanmunoz7410,/@LE_A22,1
/@allanmunoz7410,/@HaroldoCastillo-rh9iw,1
/@allanmunoz7410,/@SoniaMarroquin-y6e,1
/@allanmunoz7410,/@fredymendez1786,1
/@allanmunoz7410,/@davidisraelesquitsaquil,1
/@allanmunoz7410,/@eusebiovasquez4385,1
/@allanmunoz7410,/@carlosaguilar-kz7ml,1
/@allanmunoz7410,/@mdelcid01,1
/@allanmunoz7410,/@JacintaTzoy,1
/@allanmunoz7410,/@guillermogonzalez5153,1
/@allanmunoz7410,/@MegaKristenstewart,1
/@allanmunoz7410,/@gorrarota,1
/@allanmunoz7410,/@mynorrodas8591,1
/@allanmunoz7410,/@OseasSamayoa-ol5rz,1
/@allanmunoz7410,/@pablochitay46,1
/@allanmunoz7410,/@josecarrera9623,1
/@allanmunoz7410,/@victorarturoruanobautista7588,1
/@allanmunoz7410,/@VidalVillatoro-p4w,1
/@allanmunoz7410,/@raquelprado3643,1
/@allanmunoz7410,/@ARGELIATELON,1
/@allanmunoz7410,/@anaaguirre8985,1
/@allanmunoz7410,/@RobertoZelaya-x1v,1
/@allanmunoz7410,/@hectorcarranza3777,1
/@allanmunoz7410,/@OscarHernandez-q8y,1
/@allanmunoz7410,/@eddymunoz9789,1
/@allanmunoz7410,/@nestorlorenzana1168,1
/@allanmunoz7410,/@dantesarti4351,1
/@allanmunoz7410,/@cesarandreas7824,1
/@allanmunoz7410,/@beneficioelcaminovillacana8540,1
/@allanmunoz7410,/@mireyamorales6595,1
/@allanmunoz7410,/@OdilioRodr%C3%ADguez-c5w,1
/@allanmunoz7410,/@carlosmedranovelasquez6380,1
/@allanmunoz7410,/@romeolopezherrarte799,1
/@allanmunoz7410,/@ricardofigueroa5720,1
/@allanmunoz7410,/@FidelZacarias-ph7dy,1
/@allanmunoz7410,/@AndresMedina-v1s,1
/@allanmunoz7410,/@SergioGarcia-z9c,1
/@allanmunoz7410,/@domingopeneleu6457,1
/@allanmunoz7410,/@ronyarana8849,1
/@allanmunoz7410,/@mariorodas593,1
/@allanmunoz7410,/@Iv%C3%A1nP%C3%A9rez-j4j,1
/@allanmunoz7410,/@thelmamoran8565,1
/@allanmunoz7410,/@diegoalejandrolopezmendez205,1
/@allanmunoz7410,/@fredygarcia9151,1
/@allanmunoz7410,/@TeresaLucero-b5o,1
/@allanmunoz7410,/@vanigomez492,1
/@allanmunoz7410,/@RolandoRaguay,1
/@allanmunoz7410,/@danyraymundo2942,1
/@allanmunoz7410,/@monkchapin,1
/@allanmunoz7410,/@elmorodriguez6978,1
/@allanmunoz7410,/@andyB5280,1
/@allanmunoz7410,/@Jel.Awesh.M,1
/@allanmunoz7410,/@byronpontaza,1
/@allanmunoz7410,/@JosueRamirez-ey3ih,1
/@allanmunoz7410,/@jor77cas,1
/@allanmunoz7410,/@welfrealdana5559,1
/@allanmunoz7410,/@MrDuenderojo,1
/@allanmunoz7410,/@Joseroland21,1
/@allanmunoz7410,/@davidgaher9550,1
/@allanmunoz7410,/@belvettzapeta1251,1
/@allanmunoz7410,/@edwinavila4876,1
/@allanmunoz7410,/@yeniferaguirre4498,1
/@allanmunoz7410,/@moisesvaldez4043,1
/@allanmunoz7410,/@isaiaslopezvelasquez1539,1
/@allanmunoz7410,/@alvaroesquivel563,1
/@allanmunoz7410,/@nestormendez6216,1
/@allanmunoz7410,/@marcomendez7509,1
/@ArielRodas-g5y,/@HaroldoCastillo-rh9iw,1
/@ArielRodas-g5y,/@LE_A22,1
/@ArielRodas-g5y,/@JuanChang-r6k,1
/@luisgpacheco5858,/@MrDuenderojo,1
/@luisgpacheco5858,/@davidgaher9550,1
/@luisgpacheco5858,/@belvettzapeta1251,1
/@luisgpacheco5858,/@edwinavila4876,1
/@luisgpacheco5858,/@yeniferaguirre4498,1
/@luisgpacheco5858,/@moisesvaldez4043,1
/@luisgpacheco5858,/@isaiaslopezvelasquez1539,1
/@luisgpacheco5858,/@alvaroesquivel563,1
/@luisgpacheco5858,/@nestormendez6216,1
/@luisgpacheco5858,/@cuabatzjj5924,1
/@luisgpacheco5858,/@marcomendez7509,1
/@luisgpacheco5858,/@elmorodriguez6978,1
/@luisgpacheco5858,/@danyraymundo2942,1
/@luisgpacheco5858,/@beneficioelcaminovillacana8540,1
/@luisgpacheco5858,/@RolandoRaguay,1
/@luisgpacheco5858,/@mireyamorales6595,1
/@luisgpacheco5858,/@OdilioRodr%C3%ADguez-c5w,1
/@luisgpacheco5858,/@carlosmedranovelasquez6380,1
/@luisgpacheco5858,/@Joseroland21,1
/@luisgpacheco5858,/@welfrealdana5559,1
/@luisgpacheco5858,/@ricardofigueroa5720,1
/@luisgpacheco5858,/@jor77cas,1
/@luisgpacheco5858,/@virgiliogarcia3039,1
/@luisgpacheco5858,/@markoherrera,1
/@luisgpacheco5858,/@BenjaminLarios-jd8nk,1
/@luisgpacheco5858,/@JuanChang-r6k,1
/@luisgpacheco5858,/@LE_A22,1
/@luisgpacheco5858,/@ArielRodas-g5y,1
/@luisgpacheco5858,/@HaroldoCastillo-rh9iw,1
/@luisgpacheco5858,/@SoniaMarroquin-y6e,1
/@luisgpacheco5858,/@fredymendez1786,1
/@luisgpacheco5858,/@nestorlorenzana1168,1
/@luisgpacheco5858,/@carlosaguilar-kz7ml,1
/@luisgpacheco5858,/@dantesarti4351,1
/@luisgpacheco5858,/@monkchapin,1
/@luisgpacheco5858,/@andyB5280,1
/@luisgpacheco5858,/@Jel.Awesh.M,1
/@luisgpacheco5858,/@byronpontaza,1
/@luisgpacheco5858,/@JosueRamirez-ey3ih,1
/@luisgpacheco5858,/@romeolopezherrarte799,1
/@luisgpacheco5858,/@FidelZacarias-ph7dy,1
/@luisgpacheco5858,/@JuanDavila-qd7qj,1
/@cuabatzjj5924,/@josehidalgo4875,1
/@cuabatzjj5924,/@guillermogonzalez5153,1
/@cuabatzjj5924,/@MegaKristenstewart,1
/@cuabatzjj5924,/@gorrarota,1
/@cuabatzjj5924,/@mynorrodas8591,1
/@cuabatzjj5924,/@OseasSamayoa-ol5rz,1
/@cuabatzjj5924,/@pablochitay46,1
/@cuabatzjj5924,/@josecarrera9623,1
/@cuabatzjj5924,/@victorarturoruanobautista7588,1
/@cuabatzjj5924,/@VidalVillatoro-p4w,1
/@cuabatzjj5924,/@raquelprado3643,1
/@cuabatzjj5924,/@ARGELIATELON,1
/@cuabatzjj5924,/@anaaguirre8985,1
/@cuabatzjj5924,/@RobertoZelaya-x1v,1
/@cuabatzjj5924,/@hectorcarranza3777,1
/@cuabatzjj5924,/@OscarHernandez-q8y,1
/@cuabatzjj5924,/@eddymunoz9789,1
/@cuabatzjj5924,/@dorisl.garciaroche7763,1
/@cuabatzjj5924,/@JacintaTzoy,1
/@cuabatzjj5924,/@mariasamo8637,1
/@luisgpacheco5858,/@AndresMedina-v1s,1
/@cuabatzjj5924,/@GilmarMaldonado-q9m,1
/@luisgpacheco5858,/@SergioGarcia-z9c,1
/@luisgpacheco5858,/@domingopeneleu6457,1
/@luisgpacheco5858,/@ronyarana8849,1
/@luisgpacheco5858,/@mariorodas593,1
/@luisgpacheco5858,/@Iv%C3%A1nP%C3%A9rez-j4j,1
/@luisgpacheco5858,/@allanmunoz7410,1
/@luisgpacheco5858,/@thelmamoran8565,1
/@luisgpacheco5858,/@diegoalejandrolopezmendez205,1
/@luisgpacheco5858,/@fredygarcia9151,1
/@luisgpacheco5858,/@TeresaLucero-b5o,1
/@luisgpacheco5858,/@vanigomez492,1
/@luisgpacheco5858,/@cesarandreas7824,1
/@luisgpacheco5858,/@oscarnavas9996,1
/@cuabatzjj5924,/@MacarioMartinezruiz,1
/@cuabatzjj5924,/@JavierBecerra-h6x,1
/@cuabatzjj5924,/@kanterra4584,1
/@cuabatzjj5924,/@belarminavillatoro6474,1
/@luisgpacheco5858,/@edwingeovanymarroquinmarro6684,1
/@luisgpacheco5858,/@amyherrera7352,1
/@ArielRodas-g5y,/@BenjaminLarios-jd8nk,1
/@luisletona2842,/@nestormendez6216,1
/@luisletona2842,/@marcomendez7509,1
/@luisletona2842,/@elmorodriguez6978,1
/@luisletona2842,/@danyraymundo2942,1
/@luisletona2842,/@beneficioelcaminovillacana8540,1
/@luisletona2842,/@RolandoRaguay,1
/@luisletona2842,/@mireyamorales6595,1
/@luisletona2842,/@OdilioRodr%C3%ADguez-c5w,1
/@luisletona2842,/@carlosmedranovelasquez6380,1
/@luisletona2842,/@romeolopezherrarte799,1
/@luisletona2842,/@ricardofigueroa5720,1
/@luisletona2842,/@FidelZacarias-ph7dy,1
/@luisletona2842,/@AndresMedina-v1s,1
/@luisletona2842,/@SergioGarcia-z9c,1
/@luisletona2842,/@domingopeneleu6457,1
/@luisletona2842,/@ronyarana8849,1
/@luisletona2842,/@mariorodas593,1
/@luisletona2842,/@Iv%C3%A1nP%C3%A9rez-j4j,1
/@luisletona2842,/@cuabatzjj5924,1
/@luisletona2842,/@alvaroesquivel563,1
/@luisletona2842,/@thelmamoran8565,1
/@luisletona2842,/@isaiaslopezvelasquez1539,1
/@luisletona2842,/@nestorlorenzana1168,1
/@luisletona2842,/@carlosaguilar-kz7ml,1
/@luisletona2842,/@dantesarti4351,1
/@luisletona2842,/@monkchapin,1
/@luisletona2842,/@andyB5280,1
/@luisletona2842,/@Jel.Awesh.M,1
/@luisletona2842,/@byronpontaza,1
/@luisletona2842,/@JosueRamirez-ey3ih,1
/@luisletona2842,/@jor77cas,1
/@luisletona2842,/@welfrealdana5559,1
/@luisletona2842,/@MrDuenderojo,1
/@luisletona2842,/@Joseroland21,1
/@luisletona2842,/@davidgaher9550,1
/@luisletona2842,/@belvettzapeta1251,1
/@luisletona2842,/@edwinavila4876,1
/@luisletona2842,/@yeniferaguirre4498,1
/@luisletona2842,/@moisesvaldez4043,1
/@luisletona2842,/@allanmunoz7410,1
/@luisletona2842,/@diegoalejandrolopezmendez205,1
/@luisgpacheco5858,/@Rogergh-nw4oj,1
/@luisgpacheco5858,/@victorarturoruanobautista7588,1
/@luisgpacheco5858,/@raquelprado3643,1
/@luisgpacheco5858,/@ARGELIATELON,1
/@luisgpacheco5858,/@anaaguirre8985,1
/@luisgpacheco5858,/@RobertoZelaya-x1v,1
/@luisgpacheco5858,/@hectorcarranza3777,1
/@luisgpacheco5858,/@OscarHernandez-q8y,1
/@luisgpacheco5858,/@eddymunoz9789,1
/@luisgpacheco5858,/@dorisl.garciaroche7763,1
/@luisgpacheco5858,/@mdelcid01,1
/@luisgpacheco5858,/@eusebiovasquez4385,1
/@luisgpacheco5858,/@FranciscoRivera-sf7ne,1
/@luisgpacheco5858,/@davidisraelesquitsaquil,1
/@luisgpacheco5858,/@fredydomingo7062,1
/@luisgpacheco5858,/@edgarroldan5539,1
/@luisgpacheco5858,/@inge_vergueta,1
/@luisgpacheco5858,/@CARLOSSTREMS51,1
/@luisgpacheco5858,/@SuperVictor2005,1
/@luisgpacheco5858,/@VidalVillatoro-p4w,1
/@luisgpacheco5858,/@josecarrera9623,1
/@luisletona2842,/@fredygarcia9151,1
/@luisgpacheco5858,/@pablochitay46,1
/@luisletona2842,/@TeresaLucero-b5o,1
/@luisletona2842,/@vanigomez492,1
/@luisletona2842,/@cesarandreas7824,1
/@luisletona2842,/@oscarnavas9996,1
/@luisgpacheco5858,/@MacarioMartinezruiz,1
/@luisgpacheco5858,/@JavierBecerra-h6x,1
/@luisgpacheco5858,/@kanterra4584,1
/@luisgpacheco5858,/@belarminavillatoro6474,1
/@luisgpacheco5858,/@GilmarMaldonado-q9m,1
/@luisgpacheco5858,/@mariasamo8637,1
/@luisgpacheco5858,/@josehidalgo4875,1
/@luisgpacheco5858,/@JacintaTzoy,1
/@luisgpacheco5858,/@guillermogonzalez5153,1
/@luisgpacheco5858,/@MegaKristenstewart,1
/@luisgpacheco5858,/@gorrarota,1
/@luisgpacheco5858,/@mynorrodas8591,1
/@luisgpacheco5858,/@OseasSamayoa-ol5rz,1
/@cuabatzjj5924,/@mdelcid01,1
/@cuabatzjj5924,/@eusebiovasquez4385,1
/@cuabatzjj5924,/@FranciscoRivera-sf7ne,1
/@anibalg47,/@lara11roberto,1
/@anibalg47,/@Israel-u5i7i,1
/@anibalg47,/@cristianescobedo8296,1
/@anibalg47,/@Murmullodelbarrio,1
/@anibalg47,/@robertoescobar5507,1
/@anibalg47,/@josegil3813,1
/@anibalg47,/@AntonioChiyal-x5s,1
/@anibalg47,/@hectormaaz5523,1
/@anibalg47,/@vitalianochavez8382,1
/@anibalg47,/@elmilenial4064,1
/@anibalg47,/@maydamorales4395,1
/@anibalg47,/@rosaoliva9389,1
/@anibalg47,/@franciscojuarez9223,1
/@anibalg47,/@carlosgranados9875,1
/@anibalg47,/@pattyfigueroa5609,1
/@anibalg47,/@mariogonzalezorellana8956,1
/@anibalg47,/@vic-bonivideos,1
/@anibalg47,/@franciscoflores3120,1
/@anibalg47,/@elsasalguero6914,1
/@anibalg47,/@luisricardo9671,1
/@anibalg47,/@RolandoGonzalez-o7g,1
/@anibalg47,/@AlejandroP%C3%A9rez-b6r,1
/@laboratorio5528,/@mariocordon8873,1
/@laboratorio5528,/@EdgarcalderonCalderong,1
/@laboratorio5528,/@HectorElias-u2l,1
/@laboratorio5528,/@gonzalo6075,1
/@laboratorio5528,/@EcPerez-zz9oh,1
/@laboratorio5528,/@karensussetteleonvargas9794,1
/@laboratorio5528,/@sergiohinestroza9709,1
/@laboratorio5528,/@RolandoCastroP%C3%A9rez-d7y,1
/@laboratorio5528,/@javiercifuentesarchila6041,1
/@laboratorio5528,/@estuardoargueta137,1
/@laboratorio5528,/@armindapenados2841,1
/@laboratorio5528,/@Silviazea,1
/@laboratorio5528,/@AnaDiaz-re9sq,1
/@laboratorio5528,/@rogeraldana4289,1
/@laboratorio5528,/@carloslam5333,1
/@laboratorio5528,/@ligiaguerra3057,1
/@anibalg47,/@BernerSoza-mg3vx,1
/@anibalg47,/@albertoshernandez5251,1
/@ArielRodas-g5y,/@MacarioMartinezruiz,1
/@cuabatzjj5924,/@davidisraelesquitsaquil,1
/@ArielRodas-g5y,/@hectorcarranza3777,1
/@ArielRodas-g5y,/@eddymunoz9789,1
/@ArielRodas-g5y,/@dorisl.garciaroche7763,1
/@ArielRodas-g5y,/@mdelcid01,1
/@ArielRodas-g5y,/@eusebiovasquez4385,1
/@ArielRodas-g5y,/@FranciscoRivera-sf7ne,1
/@ArielRodas-g5y,/@davidisraelesquitsaquil,1
/@ArielRodas-g5y,/@fredydomingo7062,1
/@ArielRodas-g5y,/@edgarroldan5539,1
/@ArielRodas-g5y,/@inge_vergueta,1
/@ArielRodas-g5y,/@CARLOSSTREMS51,1
/@ArielRodas-g5y,/@SuperVictor2005,1
/@ArielRodas-g5y,/@Rogergh-nw4oj,1
/@ArielRodas-g5y,/@amyherrera7352,1
/@ArielRodas-g5y,/@JuanDavila-qd7qj,1
/@ArielRodas-g5y,/@edwingeovanymarroquinmarro6684,1
/@ArielRodas-g5y,/@virgiliogarcia3039,1
/@ArielRodas-g5y,/@markoherrera,1
/@ArielRodas-g5y,/@OscarHernandez-q8y,1
/@ArielRodas-g5y,/@RobertoZelaya-x1v,1
/@ArielRodas-g5y,/@JavierBecerra-h6x,1
/@ArielRodas-g5y,/@anaaguirre8985,1
/@ArielRodas-g5y,/@kanterra4584,1
/@ArielRodas-g5y,/@belarminavillatoro6474,1
/@ArielRodas-g5y,/@GilmarMaldonado-q9m,1
/@ArielRodas-g5y,/@mariasamo8637,1
/@ArielRodas-g5y,/@josehidalgo4875,1
/@ArielRodas-g5y,/@JacintaTzoy,1
/@ArielRodas-g5y,/@guillermogonzalez5153,1
/@ArielRodas-g5y,/@MegaKristenstewart,1
/@ArielRodas-g5y,/@gorrarota,1
/@ArielRodas-g5y,/@mynorrodas8591,1
/@ArielRodas-g5y,/@OseasSamayoa-ol5rz,1
/@ArielRodas-g5y,/@pablochitay46,1
/@ArielRodas-g5y,/@josecarrera9623,1
/@ArielRodas-g5y,/@victorarturoruanobautista7588,1
/@ArielRodas-g5y,/@VidalVillatoro-p4w,1
/@ArielRodas-g5y,/@raquelprado3643,1
/@ArielRodas-g5y,/@ARGELIATELON,1
/@laboratorio5528,/@OmarMartinez-vv8re,1
/@laboratorio5528,/@caminoseternos752,1
/@laboratorio5528,/@quijotachapina1,1
/@cuabatzjj5924,/@carlosaguilar-kz7ml,1
/@cuabatzjj5924,/@monkchapin,1
/@cuabatzjj5924,/@andyB5280,1
/@cuabatzjj5924,/@Jel.Awesh.M,1
/@cuabatzjj5924,/@byronpontaza,1
/@cuabatzjj5924,/@JosueRamirez-ey3ih,1
/@cuabatzjj5924,/@jor77cas,1
/@cuabatzjj5924,/@welfrealdana5559,1
/@cuabatzjj5924,/@MrDuenderojo,1
/@cuabatzjj5924,/@Joseroland21,1
/@cuabatzjj5924,/@davidgaher9550,1
/@cuabatzjj5924,/@belvettzapeta1251,1
/@cuabatzjj5924,/@edwinavila4876,1
/@cuabatzjj5924,/@yeniferaguirre4498,1
/@cuabatzjj5924,/@moisesvaldez4043,1
/@cuabatzjj5924,/@isaiaslopezvelasquez1539,1
/@cuabatzjj5924,/@alvaroesquivel563,1
/@cuabatzjj5924,/@nestormendez6216,1
/@cuabatzjj5924,/@dantesarti4351,1
/@cuabatzjj5924,/@nestorlorenzana1168,1
/@laboratorio5528,/@josecastillo4390,1
/@cuabatzjj5924,/@fredymendez1786,1
/@cuabatzjj5924,/@fredydomingo7062,1
/@cuabatzjj5924,/@edgarroldan5539,1
/@cuabatzjj5924,/@inge_vergueta,1
/@cuabatzjj5924,/@CARLOSSTREMS51,1
/@cuabatzjj5924,/@SuperVictor2005,1
/@cuabatzjj5924,/@Rogergh-nw4oj,1
/@cuabatzjj5924,/@amyherrera7352,1
/@cuabatzjj5924,/@JuanDavila-qd7qj,1
/@cuabatzjj5924,/@edwingeovanymarroquinmarro6684,1
/@cuabatzjj5924,/@virgiliogarcia3039,1
/@cuabatzjj5924,/@markoherrera,1
/@cuabatzjj5924,/@BenjaminLarios-jd8nk,1
/@cuabatzjj5924,/@JuanChang-r6k,1
/@cuabatzjj5924,/@LE_A22,1
/@cuabatzjj5924,/@ArielRodas-g5y,1
/@cuabatzjj5924,/@HaroldoCastillo-rh9iw,1
/@cuabatzjj5924,/@SoniaMarroquin-y6e,1
/@cuabatzjj5924,/@marcomendez7509,1
/@cuabatzjj5924,/@elmorodriguez6978,1
/@cuabatzjj5924,/@danyraymundo2942,1
/@cuabatzjj5924,/@beneficioelcaminovillacana8540,1
/@cuabatzjj5924,/@oscarnavas9996,1
/@laboratorio5528,/@NataliaRodriguez-rx5mr,1
/@laboratorio5528,/@Lyrics_GT,1
/@laboratorio5528,/@genarodelgado3929,1
/@laboratorio5528,/@eustaquiogomez9975,1
/@laboratorio5528,/@Jel.Awesh.M,1
/@laboratorio5528,/@MarcosCarillo-b1r,1
/@laboratorio5528,/@dinoraoroxon5771,1
/@laboratorio5528,/@hendersonlopez3864,1
/@laboratorio5528,/@iamjimalesssa,1
/@laboratorio5528,/@marlenareano-h4t,1
/@laboratorio5528,/@FernandoGarcia-jg1fj,1
/@laboratorio5528,/@AndresLemus-k2d,1
/@laboratorio5528,/@inge_vergueta,1
/@laboratorio5528,/@jorgeaguilar-bq3uj,1
/@laboratorio5528,/@aguilar4254,1
/@laboratorio5528,/@pedroros6358,1
/@cuabatzjj5924,/@cesarandreas7824,1
/@cuabatzjj5924,/@vanigomez492,1
/@cuabatzjj5924,/@TeresaLucero-b5o,1
/@cuabatzjj5924,/@AndresMedina-v1s,1
/@cuabatzjj5924,/@RolandoRaguay,1
/@cuabatzjj5924,/@mireyamorales6595,1
/@cuabatzjj5924,/@OdilioRodr%C3%ADguez-c5w,1
/@cuabatzjj5924,/@carlosmedranovelasquez6380,1
/@cuabatzjj5924,/@romeolopezherrarte799,1
/@cuabatzjj5924,/@ricardofigueroa5720,1
/@cuabatzjj5924,/@FidelZacarias-ph7dy,1
/@cuabatzjj5924,/@SergioGarcia-z9c,1
/@cuabatzjj5924,/@fredygarcia9151,1
/@cuabatzjj5924,/@domingopeneleu6457,1
/@cuabatzjj5924,/@ronyarana8849,1
/@cuabatzjj5924,/@mariorodas593,1
/@cuabatzjj5924,/@Iv%C3%A1nP%C3%A9rez-j4j,1
/@cuabatzjj5924,/@allanmunoz7410,1
/@cuabatzjj5924,/@thelmamoran8565,1
/@cuabatzjj5924,/@diegoalejandrolopezmendez205,1
/@Aura-vf6dm,/@JuanChang-r6k,1
/@Aura-vf6dm,/@federicosaquimux1933,1
/@Aura-vf6dm,/@BenjaminLarios-jd8nk,1
/@ingenieroar,/@caminoseternos752,1
/@ingenieroar,/@mariocordon8873,1
/@ingenieroar,/@EdgarcalderonCalderong,1
/@ingenieroar,/@HectorElias-u2l,1
/@ingenieroar,/@gonzalo6075,1
/@ingenieroar,/@EcPerez-zz9oh,1
/@ingenieroar,/@karensussetteleonvargas9794,1
/@ingenieroar,/@sergiohinestroza9709,1
/@ingenieroar,/@RolandoCastroP%C3%A9rez-d7y,1
/@ingenieroar,/@javiercifuentesarchila6041,1
/@ingenieroar,/@estuardoargueta137,1
/@ingenieroar,/@armindapenados2841,1
/@ingenieroar,/@Silviazea,1
/@ingenieroar,/@AnaDiaz-re9sq,1
/@ingenieroar,/@rogeraldana4289,1
/@ingenieroar,/@carloslam5333,1
/@ingenieroar,/@lidiarodriguez3493,1
/@ingenieroar,/@ligiaguerra3057,1
/@ingenieroar,/@OmarMartinez-vv8re,1
/@ingenieroar,/@quijotachapina1,1
/@carmenr6311,/@JavierBecerra-h6x,1
/@ingenieroar,/@josecastillo4390,1
/@ingenieroar,/@genarodelgado3929,1
/@ingenieroar,/@eustaquiogomez9975,1
/@ingenieroar,/@laboratorio5528,1
/@ingenieroar,/@melvinlopez7096,1
/@ingenieroar,/@Jel.Awesh.M,1
/@ingenieroar,/@MarcosCarillo-b1r,1
/@ingenieroar,/@dinoraoroxon5771,1
/@ingenieroar,/@hendersonlopez3864,1
/@ingenieroar,/@iamjimalesssa,1
/@ingenieroar,/@marlenareano-h4t,1
/@ingenieroar,/@FernandoGarcia-jg1fj,1
/@ingenieroar,/@lisss1908,1
/@ingenieroar,/@AndresLemus-k2d,1
/@ingenieroar,/@inge_vergueta,1
/@ingenieroar,/@jorgeaguilar-bq3uj,1
/@ingenieroar,/@aguilar4254,1
/@ingenieroar,/@pedroros6358,1
/@carmenr6311,/@MacarioMartinezruiz,1
/@carmenr6311,/@kanterra4584,1
/@ingenieroar,/@NataliaRodriguez-rx5mr,1
/@carmenr6311,/@RobertoZelaya-x1v,1
/@carmenr6311,/@OscarHernandez-q8y,1
/@carmenr6311,/@eddymunoz9789,1
/@carmenr6311,/@dorisl.garciaroche7763,1
/@carmenr6311,/@carlossoto3252,1
/@carmenr6311,/@mdelcid01,1
/@carmenr6311,/@eusebiovasquez4385,1
/@carmenr6311,/@FranciscoRivera-sf7ne,1
/@carmenr6311,/@davidisraelesquitsaquil,1
/@carmenr6311,/@fredydomingo7062,1
/@carmenr6311,/@edgarroldan5539,1
/@carmenr6311,/@hectoroliva949,1
/@carmenr6311,/@inge_vergueta,1
/@carmenr6311,/@CARLOSSTREMS51,1
/@carmenr6311,/@SuperVictor2005,1
/@carmenr6311,/@Rogergh-nw4oj,1
/@carmenr6311,/@amyherrera7352,1
/@carmenr6311,/@JuanDavila-qd7qj,1
/@carmenr6311,/@hectorcarranza3777,1
/@carmenr6311,/@anaaguirre8985,1
/@carmenr6311,/@belarminavillatoro6474,1
/@carmenr6311,/@ARGELIATELON,1
/@carmenr6311,/@luisgpacheco5858,1
/@carmenr6311,/@GilmarMaldonado-q9m,1
/@carmenr6311,/@mariasamo8637,1
/@carmenr6311,/@josehidalgo4875,1
/@carmenr6311,/@JacintaTzoy,1
/@carmenr6311,/@guillermogonzalez5153,1
/@carmenr6311,/@MegaKristenstewart,1
/@carmenr6311,/@gorrarota,1
/@carmenr6311,/@mynorrodas8591,1
/@carmenr6311,/@OseasSamayoa-ol5rz,1
/@carmenr6311,/@cesaraugustomoralesmonroy6907,1
/@carmenr6311,/@pablochitay46,1
/@carmenr6311,/@josecarrera9623,1
/@carmenr6311,/@victorarturoruanobautista7588,1
/@carmenr6311,/@VidalVillatoro-p4w,1
/@carmenr6311,/@luisparedes-pw6qt,1
/@carmenr6311,/@raquelprado3643,1
/@ingenieroar,/@Lyrics_GT,1
/@lesolorzano,/@ligiaguerra3057,1
/@carmenr6311,/@MariaaliciaColonmorales,1
/@LuisCastillo-oz4df,/@OdilioRodr%C3%ADguez-c5w,1
/@LuisCastillo-oz4df,/@carlosmedranovelasquez6380,1
/@LuisCastillo-oz4df,/@romeolopezherrarte799,1
/@LuisCastillo-oz4df,/@ricardofigueroa5720,1
/@LuisCastillo-oz4df,/@FidelZacarias-ph7dy,1
/@LuisCastillo-oz4df,/@AndresMedina-v1s,1
/@LuisCastillo-oz4df,/@SergioGarcia-z9c,1
/@LuisCastillo-oz4df,/@domingopeneleu6457,1
/@LuisCastillo-oz4df,/@ernestogamboa8737,1
/@LuisCastillo-oz4df,/@OsvaldoAguirre-l3i,1
/@LuisCastillo-oz4df,/@ronyarana8849,1
/@LuisCastillo-oz4df,/@mariorodas593,1
/@LuisCastillo-oz4df,/@Iv%C3%A1nP%C3%A9rez-j4j,1
/@LuisCastillo-oz4df,/@allanmunoz7410,1
/@LuisCastillo-oz4df,/@thelmamoran8565,1
/@LuisCastillo-oz4df,/@diegoalejandrolopezmendez205,1
/@LuisCastillo-oz4df,/@fredygarcia9151,1
/@LuisCastillo-oz4df,/@TeresaLucero-b5o,1
/@LuisCastillo-oz4df,/@lizardomorataya8274,1
/@LuisCastillo-oz4df,/@mireyamorales6595,1
/@LuisCastillo-oz4df,/@cesarandreas7824,1
/@LuisCastillo-oz4df,/@RolandoRaguay,1
/@LuisCastillo-oz4df,/@welfrealdana5559,1
/@LuisCastillo-oz4df,/@MrDuenderojo,1
/@LuisCastillo-oz4df,/@Joseroland21,1
/@LuisCastillo-oz4df,/@davidgaher9550,1
/@LuisCastillo-oz4df,/@belvettzapeta1251,1
/@LuisCastillo-oz4df,/@edwinavila4876,1
/@LuisCastillo-oz4df,/@yeniferaguirre4498,1
/@LuisCastillo-oz4df,/@moisesvaldez4043,1
/@LuisCastillo-oz4df,/@isaiaslopezvelasquez1539,1
/@LuisCastillo-oz4df,/@alvaroesquivel563,1
/@LuisCastillo-oz4df,/@nestormendez6216,1
/@LuisCastillo-oz4df,/@cuabatzjj5924,1
/@LuisCastillo-oz4df,/@marcomendez7509,1
/@LuisCastillo-oz4df,/@elmorodriguez6978,1
/@LuisCastillo-oz4df,/@danyraymundo2942,1
/@LuisCastillo-oz4df,/@ErvinLeonardoCarreraLat%C3%ADn,1
/@LuisCastillo-oz4df,/@beneficioelcaminovillacana8540,1
/@LuisCastillo-oz4df,/@vanigomez492,1
/@LuisCastillo-oz4df,/@oscarnavas9996,1
/@lesolorzano,/@lidiarodriguez3493,1
/@lesolorzano,/@quijotachapina1,1
/@lesolorzano,/@OmarMartinez-vv8re,1
/@lesolorzano,/@mariocordon8873,1
/@lesolorzano,/@EdgarcalderonCalderong,1
/@lesolorzano,/@HectorElias-u2l,1
/@lesolorzano,/@gonzalo6075,1
/@lesolorzano,/@EcPerez-zz9oh,1
/@lesolorzano,/@karensussetteleonvargas9794,1
/@lesolorzano,/@sergiohinestroza9709,1
/@lesolorzano,/@RolandoCastroP%C3%A9rez-d7y,1
/@lesolorzano,/@javiercifuentesarchila6041,1
/@lesolorzano,/@ingenieroar,1
/@lesolorzano,/@estuardoargueta137,1
/@lesolorzano,/@armindapenados2841,1
/@lesolorzano,/@Silviazea,1
/@lesolorzano,/@AnaDiaz-re9sq,1
/@lesolorzano,/@rogeraldana4289,1
/@lesolorzano,/@carloslam5333,1
/@lesolorzano,/@caminoseternos752,1
/@lesolorzano,/@josecastillo4390,1
/@lesolorzano,/@NataliaRodriguez-rx5mr,1
/@lesolorzano,/@pedroros6358,1
/@lesolorzano,/@Lyrics_GT,1
/@lesolorzano,/@genarodelgado3929,1
/@lesolorzano,/@eustaquiogomez9975,1
/@lesolorzano,/@laboratorio5528,1
/@lesolorzano,/@melvinlopez7096,1
/@lesolorzano,/@Jel.Awesh.M,1
/@lesolorzano,/@MarcosCarillo-b1r,1
/@lesolorzano,/@dinoraoroxon5771,1
/@lesolorzano,/@hendersonlopez3864,1
/@lesolorzano,/@iamjimalesssa,1
/@lesolorzano,/@marlenareano-h4t,1
/@lesolorzano,/@FernandoGarcia-jg1fj,1
/@lesolorzano,/@lisss1908,1
/@lesolorzano,/@AndresLemus-k2d,1
/@lesolorzano,/@inge_vergueta,1
/@lesolorzano,/@jorgeaguilar-bq3uj,1
/@lesolorzano,/@aguilar4254,1
/@carmenr6311,/@edwingeovanymarroquinmarro6684,1
/@carmenr6311,/@virgiliogarcia3039,1
/@Aura-vf6dm,/@markoherrera,1
/@luisparedes-pw6qt,/@MariaaliciaColonmorales,1
/@luisparedes-pw6qt,/@markoherrera,1
/@luisparedes-pw6qt,/@BenjaminLarios-jd8nk,1
/@luisparedes-pw6qt,/@Aura-vf6dm,1
/@luisparedes-pw6qt,/@federicosaquimux1933,1
/@luisparedes-pw6qt,/@JuanChang-r6k,1
/@luisparedes-pw6qt,/@LE_A22,1
/@luisparedes-pw6qt,/@ArielRodas-g5y,1
/@luisparedes-pw6qt,/@HaroldoCastillo-rh9iw,1
/@luisparedes-pw6qt,/@SoniaMarroquin-y6e,1
/@luisparedes-pw6qt,/@fredymendez1786,1
/@luisparedes-pw6qt,/@nestorlorenzana1168,1
/@luisparedes-pw6qt,/@luisletona2842,1
/@luisparedes-pw6qt,/@carlosaguilar-kz7ml,1
/@luisparedes-pw6qt,/@dantesarti4351,1
/@luisparedes-pw6qt,/@monkchapin,1
/@luisparedes-pw6qt,/@andyB5280,1
/@luisparedes-pw6qt,/@Jel.Awesh.M,1
/@luisparedes-pw6qt,/@virgiliogarcia3039,1
/@luisparedes-pw6qt,/@edwingeovanymarroquinmarro6684,1
/@luisparedes-pw6qt,/@JosueRamirez-ey3ih,1
/@luisparedes-pw6qt,/@JuanDavila-qd7qj,1
/@luisparedes-pw6qt,/@hectorcarranza3777,1
/@luisparedes-pw6qt,/@OscarHernandez-q8y,1
/@luisparedes-pw6qt,/@eddymunoz9789,1
/@luisparedes-pw6qt,/@dorisl.garciaroche7763,1
/@luisparedes-pw6qt,/@carlossoto3252,1
/@luisparedes-pw6qt,/@mdelcid01,1
/@luisparedes-pw6qt,/@eusebiovasquez4385,1
/@luisparedes-pw6qt,/@FranciscoRivera-sf7ne,1
/@luisparedes-pw6qt,/@davidisraelesquitsaquil,1
/@luisparedes-pw6qt,/@fredydomingo7062,1
/@luisparedes-pw6qt,/@edgarroldan5539,1
/@luisparedes-pw6qt,/@hectoroliva949,1
/@luisparedes-pw6qt,/@inge_vergueta,1
/@luisparedes-pw6qt,/@CARLOSSTREMS51,1
/@luisparedes-pw6qt,/@SuperVictor2005,1
/@luisparedes-pw6qt,/@Rogergh-nw4oj,1
/@luisparedes-pw6qt,/@amyherrera7352,1
/@luisparedes-pw6qt,/@byronpontaza,1
/@luisparedes-pw6qt,/@oswaldosolis8728,1
/@luisparedes-pw6qt,/@anaaguirre8985,1
/@luisparedes-pw6qt,/@OdilioRodr%C3%ADguez-c5w,1
/@luisparedes-pw6qt,/@carlosmedranovelasquez6380,1
/@luisparedes-pw6qt,/@romeolopezherrarte799,1
/@luisparedes-pw6qt,/@ricardofigueroa5720,1
/@luisparedes-pw6qt,/@FidelZacarias-ph7dy,1
/@luisparedes-pw6qt,/@AndresMedina-v1s,1
/@luisparedes-pw6qt,/@SergioGarcia-z9c,1
/@luisparedes-pw6qt,/@domingopeneleu6457,1
/@luisparedes-pw6qt,/@ernestogamboa8737,1
/@luisparedes-pw6qt,/@OsvaldoAguirre-l3i,1
/@luisparedes-pw6qt,/@ronyarana8849,1
/@luisparedes-pw6qt,/@mariorodas593,1
/@luisparedes-pw6qt,/@Iv%C3%A1nP%C3%A9rez-j4j,1
/@luisparedes-pw6qt,/@allanmunoz7410,1
/@luisparedes-pw6qt,/@thelmamoran8565,1
/@luisparedes-pw6qt,/@diegoalejandrolopezmendez205,1
/@luisparedes-pw6qt,/@fredygarcia9151,1
/@luisparedes-pw6qt,/@TeresaLucero-b5o,1
/@luisparedes-pw6qt,/@lizardomorataya8274,1
/@luisparedes-pw6qt,/@mireyamorales6595,1
/@luisparedes-pw6qt,/@jor77cas,1
/@luisparedes-pw6qt,/@RolandoRaguay,1
/@luisparedes-pw6qt,/@welfrealdana5559,1
/@luisparedes-pw6qt,/@MrDuenderojo,1
/@luisparedes-pw6qt,/@Joseroland21,1
/@luisparedes-pw6qt,/@davidgaher9550,1
/@luisparedes-pw6qt,/@belvettzapeta1251,1
/@luisparedes-pw6qt,/@edwinavila4876,1
/@luisparedes-pw6qt,/@yeniferaguirre4498,1
/@luisparedes-pw6qt,/@moisesvaldez4043,1
/@luisparedes-pw6qt,/@isaiaslopezvelasquez1539,1
/@luisparedes-pw6qt,/@alvaroesquivel563,1
/@luisparedes-pw6qt,/@nestormendez6216,1
/@luisparedes-pw6qt,/@cuabatzjj5924,1
/@luisparedes-pw6qt,/@marcomendez7509,1
/@luisparedes-pw6qt,/@elmorodriguez6978,1
/@luisparedes-pw6qt,/@danyraymundo2942,1
/@luisparedes-pw6qt,/@ErvinLeonardoCarreraLat%C3%ADn,1
/@luisparedes-pw6qt,/@beneficioelcaminovillacana8540,1
/@luisparedes-pw6qt,/@RobertoZelaya-x1v,1
/@luisparedes-pw6qt,/@ARGELIATELON,1
/@carmenr6311,/@markoherrera,1
/@carmenr6311,/@jor77cas,1
/@carmenr6311,/@MrDuenderojo,1
/@carmenr6311,/@Joseroland21,1
/@carmenr6311,/@davidgaher9550,1
/@carmenr6311,/@belvettzapeta1251,1
/@carmenr6311,/@edwinavila4876,1
/@carmenr6311,/@yeniferaguirre4498,1
/@carmenr6311,/@moisesvaldez4043,1
/@carmenr6311,/@isaiaslopezvelasquez1539,1
/@carmenr6311,/@alvaroesquivel563,1
/@carmenr6311,/@nestormendez6216,1
/@carmenr6311,/@cuabatzjj5924,1
/@carmenr6311,/@marcomendez7509,1
/@carmenr6311,/@elmorodriguez6978,1
/@carmenr6311,/@danyraymundo2942,1
/@carmenr6311,/@ErvinLeonardoCarreraLat%C3%ADn,1
/@carmenr6311,/@beneficioelcaminovillacana8540,1
/@carmenr6311,/@RolandoRaguay,1
/@carmenr6311,/@welfrealdana5559,1
/@carmenr6311,/@oswaldosolis8728,1
/@carmenr6311,/@OdilioRodr%C3%ADguez-c5w,1
/@carmenr6311,/@JosueRamirez-ey3ih,1
/@carmenr6311,/@BenjaminLarios-jd8nk,1
/@carmenr6311,/@Aura-vf6dm,1
/@carmenr6311,/@federicosaquimux1933,1
/@carmenr6311,/@JuanChang-r6k,1
/@carmenr6311,/@LE_A22,1
/@carmenr6311,/@ArielRodas-g5y,1
/@carmenr6311,/@HaroldoCastillo-rh9iw,1
/@carmenr6311,/@SoniaMarroquin-y6e,1
/@carmenr6311,/@fredymendez1786,1
/@carmenr6311,/@nestorlorenzana1168,1
/@carmenr6311,/@luisletona2842,1
/@carmenr6311,/@carlosaguilar-kz7ml,1
/@carmenr6311,/@dantesarti4351,1
/@carmenr6311,/@monkchapin,1
/@carmenr6311,/@andyB5280,1
/@carmenr6311,/@Jel.Awesh.M,1
/@carmenr6311,/@byronpontaza,1
/@carmenr6311,/@mireyamorales6595,1
/@carmenr6311,/@lizardomorataya8274,1
/@luisparedes-pw6qt,/@raquelprado3643,1
/@luisparedes-pw6qt,/@MacarioMartinezruiz,1
/@luisparedes-pw6qt,/@kanterra4584,1
/@luisparedes-pw6qt,/@belarminavillatoro6474,1
/@luisparedes-pw6qt,/@luisgpacheco5858,1
/@luisparedes-pw6qt,/@GilmarMaldonado-q9m,1
/@luisparedes-pw6qt,/@mariasamo8637,1
/@luisparedes-pw6qt,/@josehidalgo4875,1
/@luisparedes-pw6qt,/@JacintaTzoy,1
/@luisparedes-pw6qt,/@guillermogonzalez5153,1
/@luisparedes-pw6qt,/@MegaKristenstewart,1
/@luisparedes-pw6qt,/@gorrarota,1
/@luisparedes-pw6qt,/@mynorrodas8591,1
/@luisparedes-pw6qt,/@OseasSamayoa-ol5rz,1
/@luisparedes-pw6qt,/@cesaraugustomoralesmonroy6907,1
/@luisparedes-pw6qt,/@pablochitay46,1
/@luisparedes-pw6qt,/@josecarrera9623,1
/@luisparedes-pw6qt,/@victorarturoruanobautista7588,1
/@luisparedes-pw6qt,/@VidalVillatoro-p4w,1
/@luisparedes-pw6qt,/@JavierBecerra-h6x,1
/@carmenr6311,/@oscarnavas9996,1
/@carmenr6311,/@carlosmedranovelasquez6380,1
/@carmenr6311,/@cesarandreas7824,1
/@carmenr6311,/@romeolopezherrarte799,1
/@carmenr6311,/@ricardofigueroa5720,1
/@carmenr6311,/@FidelZacarias-ph7dy,1
/@carmenr6311,/@AndresMedina-v1s,1
/@carmenr6311,/@SergioGarcia-z9c,1
/@carmenr6311,/@domingopeneleu6457,1
/@carmenr6311,/@ernestogamboa8737,1
/@carmenr6311,/@OsvaldoAguirre-l3i,1
/@carmenr6311,/@ronyarana8849,1
/@carmenr6311,/@mariorodas593,1
/@carmenr6311,/@Iv%C3%A1nP%C3%A9rez-j4j,1
/@carmenr6311,/@allanmunoz7410,1
/@carmenr6311,/@thelmamoran8565,1
/@carmenr6311,/@diegoalejandrolopezmendez205,1
/@carmenr6311,/@fredygarcia9151,1
/@carmenr6311,/@TeresaLucero-b5o,1
/@carmenr6311,/@vanigomez492,1
/@LuisCastillo-oz4df,/@jor77cas,1
/@LuisCastillo-oz4df,/@oswaldosolis8728,1
/@LuisCastillo-oz4df,/@JosueRamirez-ey3ih,1
/@maxwellsales885,/@belvettzapeta1251,1
/@maxwellsales885,/@yeniferaguirre4498,1
/@maxwellsales885,/@moisesvaldez4043,1
/@maxwellsales885,/@isaiaslopezvelasquez1539,1
/@maxwellsales885,/@alvaroesquivel563,1
/@maxwellsales885,/@nestormendez6216,1
/@maxwellsales885,/@cuabatzjj5924,1
/@maxwellsales885,/@marcomendez7509,1
/@maxwellsales885,/@elmorodriguez6978,1
/@maxwellsales885,/@danyraymundo2942,1
/@maxwellsales885,/@ErvinLeonardoCarreraLat%C3%ADn,1
/@maxwellsales885,/@beneficioelcaminovillacana8540,1
/@maxwellsales885,/@RolandoRaguay,1
/@maxwellsales885,/@mireyamorales6595,1
/@maxwellsales885,/@OdilioRodr%C3%ADguez-c5w,1
/@maxwellsales885,/@lizardomorataya8274,1
/@maxwellsales885,/@carlosmedranovelasquez6380,1
/@maxwellsales885,/@romeolopezherrarte799,1
/@maxwellsales885,/@edwinavila4876,1
/@maxwellsales885,/@davidgaher9550,1
/@maxwellsales885,/@FidelZacarias-ph7dy,1
/@maxwellsales885,/@Joseroland21,1
/@maxwellsales885,/@ArielRodas-g5y,1
/@maxwellsales885,/@HaroldoCastillo-rh9iw,1
/@maxwellsales885,/@SoniaMarroquin-y6e,1
/@maxwellsales885,/@fredymendez1786,1
/@maxwellsales885,/@nestorlorenzana1168,1
/@maxwellsales885,/@luisletona2842,1
/@maxwellsales885,/@carlosaguilar-kz7ml,1
/@maxwellsales885,/@dantesarti4351,1
/@maxwellsales885,/@monkchapin,1
/@maxwellsales885,/@andyB5280,1
/@maxwellsales885,/@Jel.Awesh.M,1
/@maxwellsales885,/@byronpontaza,1
/@maxwellsales885,/@JosueRamirez-ey3ih,1
/@maxwellsales885,/@oswaldosolis8728,1
/@maxwellsales885,/@jor77cas,1
/@maxwellsales885,/@welfrealdana5559,1
/@maxwellsales885,/@MrDuenderojo,1
/@maxwellsales885,/@ricardofigueroa5720,1
/@maxwellsales885,/@AndresMedina-v1s,1
/@maxwellsales885,/@JuanChang-r6k,1
/@osmanmorales3012,/@belarminavillatoro6474,1
/@osmanmorales3012,/@GilmarMaldonado-q9m,1
/@osmanmorales3012,/@mariasamo8637,1
/@osmanmorales3012,/@josehidalgo4875,1
/@osmanmorales3012,/@JacintaTzoy,1
/@osmanmorales3012,/@carmenr6311,1
/@osmanmorales3012,/@guillermogonzalez5153,1
/@osmanmorales3012,/@MegaKristenstewart,1
/@osmanmorales3012,/@gorrarota,1
/@osmanmorales3012,/@mynorrodas8591,1
/@osmanmorales3012,/@OseasSamayoa-ol5rz,1
/@osmanmorales3012,/@cesaraugustomoralesmonroy6907,1
/@osmanmorales3012,/@pablochitay46,1
/@osmanmorales3012,/@josecarrera9623,1
/@osmanmorales3012,/@victorarturoruanobautista7588,1
/@osmanmorales3012,/@VidalVillatoro-p4w,1
/@osmanmorales3012,/@luisparedes-pw6qt,1
/@osmanmorales3012,/@raquelprado3643,1
/@osmanmorales3012,/@luisgpacheco5858,1
/@osmanmorales3012,/@kanterra4584,1
/@maxwellsales885,/@SergioGarcia-z9c,1
/@osmanmorales3012,/@JavierBecerra-h6x,1
/@maxwellsales885,/@domingopeneleu6457,1
/@maxwellsales885,/@ernestogamboa8737,1
/@maxwellsales885,/@osmanmorales3012,1
/@maxwellsales885,/@LuisCastillo-oz4df,1
/@maxwellsales885,/@OsvaldoAguirre-l3i,1
/@maxwellsales885,/@ronyarana8849,1
/@maxwellsales885,/@mariorodas593,1
/@maxwellsales885,/@Iv%C3%A1nP%C3%A9rez-j4j,1
/@maxwellsales885,/@allanmunoz7410,1
/@maxwellsales885,/@thelmamoran8565,1
/@maxwellsales885,/@diegoalejandrolopezmendez205,1
/@maxwellsales885,/@fredygarcia9151,1
/@maxwellsales885,/@TeresaLucero-b5o,1
/@maxwellsales885,/@vanigomez492,1
/@maxwellsales885,/@cesarandreas7824,1
/@maxwellsales885,/@oscarnavas9996,1
/@osmanmorales3012,/@MacarioMartinezruiz,1
/@maxwellsales885,/@LE_A22,1
/@maxwellsales885,/@federicosaquimux1933,1
/@LuisCastillo-oz4df,/@byronpontaza,1
/@alfredoortega9264,/@karensussetteleonvargas9794,1
/@alfredoortega9264,/@RolandoCastroP%C3%A9rez-d7y,1
/@alfredoortega9264,/@javiercifuentesarchila6041,1
/@alfredoortega9264,/@ingenieroar,1
/@alfredoortega9264,/@estuardoargueta137,1
/@alfredoortega9264,/@armindapenados2841,1
/@alfredoortega9264,/@Silviazea,1
/@alfredoortega9264,/@AnaDiaz-re9sq,1
/@alfredoortega9264,/@rogeraldana4289,1
/@alfredoortega9264,/@carloslam5333,1
/@alfredoortega9264,/@lidiarodriguez3493,1
/@alfredoortega9264,/@ligiaguerra3057,1
/@maxwellsales885,/@MacarioMartinezruiz,1
/@maxwellsales885,/@JavierBecerra-h6x,1
/@maxwellsales885,/@kanterra4584,1
/@maxwellsales885,/@belarminavillatoro6474,1
/@maxwellsales885,/@luisgpacheco5858,1
/@maxwellsales885,/@GilmarMaldonado-q9m,1
/@alfredoortega9264,/@sergiohinestroza9709,1
/@alfredoortega9264,/@EcPerez-zz9oh,1
/@maxwellsales885,/@josehidalgo4875,1
/@alfredoortega9264,/@gonzalo6075,1
/@alfredoortega9264,/@lesolorzano,1
/@alfredoortega9264,/@iamjimalesssa,1
/@alfredoortega9264,/@marlenareano-h4t,1
/@alfredoortega9264,/@FernandoGarcia-jg1fj,1
/@alfredoortega9264,/@lisss1908,1
/@alfredoortega9264,/@AndresLemus-k2d,1
/@alfredoortega9264,/@inge_vergueta,1
/@alfredoortega9264,/@jorgeaguilar-bq3uj,1
/@alfredoortega9264,/@aguilar4254,1
/@alfredoortega9264,/@pedroros6358,1
/@alfredoortega9264,/@josecastillo4390,1
/@alfredoortega9264,/@quijotachapina1,1
/@alfredoortega9264,/@caminoseternos752,1
/@alfredoortega9264,/@OmarMartinez-vv8re,1
/@alfredoortega9264,/@mariocordon8873,1
/@alfredoortega9264,/@EdgarcalderonCalderong,1
/@alfredoortega9264,/@HectorElias-u2l,1
/@maxwellsales885,/@mariasamo8637,1
/@maxwellsales885,/@JacintaTzoy,1
/@maxwellsales885,/@Aura-vf6dm,1
/@maxwellsales885,/@carlossoto3252,1
/@maxwellsales885,/@eusebiovasquez4385,1
/@maxwellsales885,/@FranciscoRivera-sf7ne,1
/@maxwellsales885,/@davidisraelesquitsaquil,1
/@maxwellsales885,/@fredydomingo7062,1
/@maxwellsales885,/@edgarroldan5539,1
/@maxwellsales885,/@hectoroliva949,1
/@maxwellsales885,/@inge_vergueta,1
/@maxwellsales885,/@CARLOSSTREMS51,1
/@maxwellsales885,/@SuperVictor2005,1
/@maxwellsales885,/@Rogergh-nw4oj,1
/@maxwellsales885,/@amyherrera7352,1
/@maxwellsales885,/@JuanDavila-qd7qj,1
/@maxwellsales885,/@edwingeovanymarroquinmarro6684,1
/@maxwellsales885,/@MariaaliciaColonmorales,1
/@maxwellsales885,/@virgiliogarcia3039,1
/@maxwellsales885,/@markoherrera,1
/@maxwellsales885,/@BenjaminLarios-jd8nk,1
/@maxwellsales885,/@mdelcid01,1
/@maxwellsales885,/@dorisl.garciaroche7763,1
/@maxwellsales885,/@carmenr6311,1
/@maxwellsales885,/@eddymunoz9789,1
/@maxwellsales885,/@guillermogonzalez5153,1
/@maxwellsales885,/@MegaKristenstewart,1
/@maxwellsales885,/@gorrarota,1
/@maxwellsales885,/@mynorrodas8591,1
/@maxwellsales885,/@OseasSamayoa-ol5rz,1
/@maxwellsales885,/@cesaraugustomoralesmonroy6907,1
/@maxwellsales885,/@pablochitay46,1
/@maxwellsales885,/@josecarrera9623,1
/@maxwellsales885,/@victorarturoruanobautista7588,1
/@maxwellsales885,/@VidalVillatoro-p4w,1
/@maxwellsales885,/@luisparedes-pw6qt,1
/@maxwellsales885,/@raquelprado3643,1
/@maxwellsales885,/@ARGELIATELON,1
/@maxwellsales885,/@anaaguirre8985,1
/@maxwellsales885,/@RobertoZelaya-x1v,1
/@maxwellsales885,/@hectorcarranza3777,1
/@maxwellsales885,/@OscarHernandez-q8y,1
/@osmanmorales3012,/@ARGELIATELON,1
/@osmanmorales3012,/@anaaguirre8985,1
/@osmanmorales3012,/@RobertoZelaya-x1v,1
/@LuisCastillo-oz4df,/@kanterra4584,1
/@LuisCastillo-oz4df,/@luisgpacheco5858,1
/@LuisCastillo-oz4df,/@GilmarMaldonado-q9m,1
/@LuisCastillo-oz4df,/@mariasamo8637,1
/@LuisCastillo-oz4df,/@josehidalgo4875,1
/@LuisCastillo-oz4df,/@JacintaTzoy,1
/@LuisCastillo-oz4df,/@carmenr6311,1
/@LuisCastillo-oz4df,/@guillermogonzalez5153,1
/@LuisCastillo-oz4df,/@MegaKristenstewart,1
/@LuisCastillo-oz4df,/@gorrarota,1
/@LuisCastillo-oz4df,/@mynorrodas8591,1
/@LuisCastillo-oz4df,/@OseasSamayoa-ol5rz,1
/@LuisCastillo-oz4df,/@cesaraugustomoralesmonroy6907,1
/@LuisCastillo-oz4df,/@pablochitay46,1
/@LuisCastillo-oz4df,/@josecarrera9623,1
/@LuisCastillo-oz4df,/@victorarturoruanobautista7588,1
/@LuisCastillo-oz4df,/@VidalVillatoro-p4w,1
/@LuisCastillo-oz4df,/@luisparedes-pw6qt,1
/@LuisCastillo-oz4df,/@belarminavillatoro6474,1
/@LuisCastillo-oz4df,/@JavierBecerra-h6x,1
/@LuisCastillo-oz4df,/@ARGELIATELON,1
/@LuisCastillo-oz4df,/@MacarioMartinezruiz,1
/@Burgos68,/@DennisseLopetegi,1
/@Burgos68,/@ErmeP%C3%A9rez-q4s,1
/@Burgos68,/@Luis-gn3fj,1
/@Burgos68,/@NormaL%C3%B3pez-v7e,1
/@Burgos68,/@virgiliogarcia3039,1
/@Burgos68,/@mariavail8998,1
/@Burgos68,/@juandeleon9060,1
/@Burgos68,/@pablobarrios7931,1
/@Burgos68,/@ronaldgarcia8522,1
/@Burgos68,/@herbertaguilar1387,1
/@Burgos68,/@CarlosCortez-v5r,1
/@Burgos68,/@aureliomaldonado4793,1
/@Burgos68,/@danielantoniogonzalezflore4901,1
/@Burgos68,/@ericapaz5406,1
/@Burgos68,/@srms70,1
/@Burgos68,/@josegil3813,1
/@Burgos68,/@kevinochoa3695,1
/@LuisCastillo-oz4df,/@raquelprado3643,1
/@LuisCastillo-oz4df,/@anaaguirre8985,1
/@osmanmorales3012,/@hectorcarranza3777,1
/@LuisCastillo-oz4df,/@MariaaliciaColonmorales,1
/@LuisCastillo-oz4df,/@markoherrera,1
/@LuisCastillo-oz4df,/@BenjaminLarios-jd8nk,1
/@LuisCastillo-oz4df,/@Aura-vf6dm,1
/@LuisCastillo-oz4df,/@federicosaquimux1933,1
/@LuisCastillo-oz4df,/@JuanChang-r6k,1
/@LuisCastillo-oz4df,/@LE_A22,1
/@LuisCastillo-oz4df,/@ArielRodas-g5y,1
/@LuisCastillo-oz4df,/@HaroldoCastillo-rh9iw,1
/@LuisCastillo-oz4df,/@SoniaMarroquin-y6e,1
/@LuisCastillo-oz4df,/@fredymendez1786,1
/@LuisCastillo-oz4df,/@nestorlorenzana1168,1
/@LuisCastillo-oz4df,/@luisletona2842,1
/@LuisCastillo-oz4df,/@carlosaguilar-kz7ml,1
/@LuisCastillo-oz4df,/@dantesarti4351,1
/@LuisCastillo-oz4df,/@monkchapin,1
/@LuisCastillo-oz4df,/@andyB5280,1
/@LuisCastillo-oz4df,/@Jel.Awesh.M,1
/@LuisCastillo-oz4df,/@virgiliogarcia3039,1
/@LuisCastillo-oz4df,/@edwingeovanymarroquinmarro6684,1
/@LuisCastillo-oz4df,/@RobertoZelaya-x1v,1
/@LuisCastillo-oz4df,/@JuanDavila-qd7qj,1
/@LuisCastillo-oz4df,/@hectorcarranza3777,1
/@LuisCastillo-oz4df,/@OscarHernandez-q8y,1
/@LuisCastillo-oz4df,/@eddymunoz9789,1
/@LuisCastillo-oz4df,/@dorisl.garciaroche7763,1
/@LuisCastillo-oz4df,/@carlossoto3252,1
/@LuisCastillo-oz4df,/@mdelcid01,1
/@LuisCastillo-oz4df,/@eusebiovasquez4385,1
/@LuisCastillo-oz4df,/@FranciscoRivera-sf7ne,1
/@LuisCastillo-oz4df,/@davidisraelesquitsaquil,1
/@LuisCastillo-oz4df,/@fredydomingo7062,1
/@LuisCastillo-oz4df,/@edgarroldan5539,1
/@LuisCastillo-oz4df,/@hectoroliva949,1
/@LuisCastillo-oz4df,/@inge_vergueta,1
/@LuisCastillo-oz4df,/@CARLOSSTREMS51,1
/@LuisCastillo-oz4df,/@SuperVictor2005,1
/@LuisCastillo-oz4df,/@Rogergh-nw4oj,1
/@LuisCastillo-oz4df,/@amyherrera7352,1
/@osmanmorales3012,/@oscarnavas9996,1
/@osmanmorales3012,/@cesarandreas7824,1
/@osmanmorales3012,/@vanigomez492,1
/@osmanmorales3012,/@virgiliogarcia3039,1
/@osmanmorales3012,/@BenjaminLarios-jd8nk,1
/@osmanmorales3012,/@Aura-vf6dm,1
/@osmanmorales3012,/@federicosaquimux1933,1
/@osmanmorales3012,/@JuanChang-r6k,1
/@osmanmorales3012,/@LE_A22,1
/@osmanmorales3012,/@ArielRodas-g5y,1
/@osmanmorales3012,/@HaroldoCastillo-rh9iw,1
/@osmanmorales3012,/@SoniaMarroquin-y6e,1
/@osmanmorales3012,/@fredymendez1786,1
/@osmanmorales3012,/@nestorlorenzana1168,1
/@osmanmorales3012,/@luisletona2842,1
/@osmanmorales3012,/@carlosaguilar-kz7ml,1
/@osmanmorales3012,/@dantesarti4351,1
/@osmanmorales3012,/@monkchapin,1
/@osmanmorales3012,/@andyB5280,1
/@osmanmorales3012,/@Jel.Awesh.M,1
/@osmanmorales3012,/@byronpontaza,1
/@osmanmorales3012,/@markoherrera,1
/@osmanmorales3012,/@MariaaliciaColonmorales,1
/@osmanmorales3012,/@TeresaLucero-b5o,1
/@osmanmorales3012,/@edwingeovanymarroquinmarro6684,1
/@osmanmorales3012,/@OscarHernandez-q8y,1
/@osmanmorales3012,/@eddymunoz9789,1
/@osmanmorales3012,/@dorisl.garciaroche7763,1
/@osmanmorales3012,/@carlossoto3252,1
/@osmanmorales3012,/@mdelcid01,1
/@osmanmorales3012,/@eusebiovasquez4385,1
/@osmanmorales3012,/@FranciscoRivera-sf7ne,1
/@osmanmorales3012,/@davidisraelesquitsaquil,1
/@osmanmorales3012,/@fredydomingo7062,1
/@osmanmorales3012,/@edgarroldan5539,1
/@osmanmorales3012,/@hectoroliva949,1
/@osmanmorales3012,/@inge_vergueta,1
/@osmanmorales3012,/@CARLOSSTREMS51,1
/@osmanmorales3012,/@SuperVictor2005,1
/@osmanmorales3012,/@Rogergh-nw4oj,1
/@osmanmorales3012,/@amyherrera7352,1
/@osmanmorales3012,/@JuanDavila-qd7qj,1
/@osmanmorales3012,/@JosueRamirez-ey3ih,1
/@osmanmorales3012,/@oswaldosolis8728,1
/@osmanmorales3012,/@jor77cas,1
/@osmanmorales3012,/@welfrealdana5559,1
/@osmanmorales3012,/@carlosmedranovelasquez6380,1
/@osmanmorales3012,/@romeolopezherrarte799,1
/@osmanmorales3012,/@ricardofigueroa5720,1
/@osmanmorales3012,/@FidelZacarias-ph7dy,1
/@osmanmorales3012,/@AndresMedina-v1s,1
/@osmanmorales3012,/@SergioGarcia-z9c,1
/@osmanmorales3012,/@domingopeneleu6457,1
/@osmanmorales3012,/@ernestogamboa8737,1
/@osmanmorales3012,/@LuisCastillo-oz4df,1
/@osmanmorales3012,/@OsvaldoAguirre-l3i,1
/@osmanmorales3012,/@ronyarana8849,1
/@osmanmorales3012,/@mariorodas593,1
/@osmanmorales3012,/@Iv%C3%A1nP%C3%A9rez-j4j,1
/@osmanmorales3012,/@allanmunoz7410,1
/@osmanmorales3012,/@thelmamoran8565,1
/@osmanmorales3012,/@diegoalejandrolopezmendez205,1
/@osmanmorales3012,/@fredygarcia9151,1
/@osmanmorales3012,/@lizardomorataya8274,1
/@osmanmorales3012,/@OdilioRodr%C3%ADguez-c5w,1
/@osmanmorales3012,/@mireyamorales6595,1
/@osmanmorales3012,/@isaiaslopezvelasquez1539,1
/@osmanmorales3012,/@MrDuenderojo,1
/@osmanmorales3012,/@Joseroland21,1
/@osmanmorales3012,/@davidgaher9550,1
/@osmanmorales3012,/@belvettzapeta1251,1
/@osmanmorales3012,/@edwinavila4876,1
/@osmanmorales3012,/@yeniferaguirre4498,1
/@osmanmorales3012,/@moisesvaldez4043,1
/@osmanmorales3012,/@alvaroesquivel563,1
/@osmanmorales3012,/@RolandoRaguay,1
/@osmanmorales3012,/@nestormendez6216,1
/@osmanmorales3012,/@cuabatzjj5924,1
/@osmanmorales3012,/@marcomendez7509,1
/@osmanmorales3012,/@elmorodriguez6978,1
/@osmanmorales3012,/@danyraymundo2942,1
/@osmanmorales3012,/@ErvinLeonardoCarreraLat%C3%ADn,1
/@osmanmorales3012,/@beneficioelcaminovillacana8540,1
/@luisparedes-pw6qt,/@vanigomez492,1
/@luisparedes-pw6qt,/@cesarandreas7824,1
/@luisparedes-pw6qt,/@oscarnavas9996,1
/@oswaldosolis8728,/@moisesvaldez4043,1
/@oswaldosolis8728,/@alvaroesquivel563,1
/@oswaldosolis8728,/@nestormendez6216,1
/@oswaldosolis8728,/@cuabatzjj5924,1
/@oswaldosolis8728,/@marcomendez7509,1
/@oswaldosolis8728,/@elmorodriguez6978,1
/@oswaldosolis8728,/@danyraymundo2942,1
/@oswaldosolis8728,/@beneficioelcaminovillacana8540,1
/@oswaldosolis8728,/@RolandoRaguay,1
/@oswaldosolis8728,/@mireyamorales6595,1
/@oswaldosolis8728,/@OdilioRodr%C3%ADguez-c5w,1
/@oswaldosolis8728,/@lizardomorataya8274,1
/@oswaldosolis8728,/@carlosmedranovelasquez6380,1
/@oswaldosolis8728,/@romeolopezherrarte799,1
/@oswaldosolis8728,/@ricardofigueroa5720,1
/@oswaldosolis8728,/@FidelZacarias-ph7dy,1
/@oswaldosolis8728,/@AndresMedina-v1s,1
/@oswaldosolis8728,/@SergioGarcia-z9c,1
/@oswaldosolis8728,/@isaiaslopezvelasquez1539,1
/@oswaldosolis8728,/@yeniferaguirre4498,1
/@oswaldosolis8728,/@ernestogamboa8737,1
/@oswaldosolis8728,/@edwinavila4876,1
/@oswaldosolis8728,/@SoniaMarroquin-y6e,1
/@oswaldosolis8728,/@fredymendez1786,1
/@oswaldosolis8728,/@nestorlorenzana1168,1
/@oswaldosolis8728,/@luisletona2842,1
/@oswaldosolis8728,/@carlosaguilar-kz7ml,1
/@oswaldosolis8728,/@dantesarti4351,1
/@oswaldosolis8728,/@monkchapin,1
/@oswaldosolis8728,/@andyB5280,1
/@oswaldosolis8728,/@Jel.Awesh.M,1
/@oswaldosolis8728,/@byronpontaza,1
/@oswaldosolis8728,/@JosueRamirez-ey3ih,1
/@oswaldosolis8728,/@jor77cas,1
/@oswaldosolis8728,/@welfrealdana5559,1
/@oswaldosolis8728,/@MrDuenderojo,1
/@oswaldosolis8728,/@Joseroland21,1
/@oswaldosolis8728,/@davidgaher9550,1
/@oswaldosolis8728,/@belvettzapeta1251,1
/@oswaldosolis8728,/@domingopeneleu6457,1
/@oswaldosolis8728,/@OsvaldoAguirre-l3i,1
/@oswaldosolis8728,/@ArielRodas-g5y,1
/@melvinlopez7096,/@iamjimalesssa,1
/@melvinlopez7096,/@FernandoGarcia-jg1fj,1
/@melvinlopez7096,/@AndresLemus-k2d,1
/@melvinlopez7096,/@inge_vergueta,1
/@melvinlopez7096,/@jorgeaguilar-bq3uj,1
/@melvinlopez7096,/@aguilar4254,1
/@melvinlopez7096,/@pedroros6358,1
/@melvinlopez7096,/@josecastillo4390,1
/@melvinlopez7096,/@quijotachapina1,1
/@melvinlopez7096,/@caminoseternos752,1
/@melvinlopez7096,/@OmarMartinez-vv8re,1
/@melvinlopez7096,/@mariocordon8873,1
/@melvinlopez7096,/@EdgarcalderonCalderong,1
/@melvinlopez7096,/@HectorElias-u2l,1
/@melvinlopez7096,/@gonzalo6075,1
/@melvinlopez7096,/@EcPerez-zz9oh,1
/@melvinlopez7096,/@karensussetteleonvargas9794,1
/@melvinlopez7096,/@sergiohinestroza9709,1
/@melvinlopez7096,/@marlenareano-h4t,1
/@melvinlopez7096,/@hendersonlopez3864,1
/@oswaldosolis8728,/@ronyarana8849,1
/@melvinlopez7096,/@dinoraoroxon5771,1
/@oswaldosolis8728,/@mariorodas593,1
/@oswaldosolis8728,/@Iv%C3%A1nP%C3%A9rez-j4j,1
/@oswaldosolis8728,/@allanmunoz7410,1
/@oswaldosolis8728,/@thelmamoran8565,1
/@oswaldosolis8728,/@diegoalejandrolopezmendez205,1
/@oswaldosolis8728,/@fredygarcia9151,1
/@oswaldosolis8728,/@TeresaLucero-b5o,1
/@oswaldosolis8728,/@vanigomez492,1
/@oswaldosolis8728,/@cesarandreas7824,1
/@oswaldosolis8728,/@oscarnavas9996,1
/@melvinlopez7096,/@NataliaRodriguez-rx5mr,1
/@melvinlopez7096,/@Lyrics_GT,1
/@melvinlopez7096,/@genarodelgado3929,1
/@melvinlopez7096,/@eustaquiogomez9975,1
/@melvinlopez7096,/@laboratorio5528,1
/@melvinlopez7096,/@Jel.Awesh.M,1
/@melvinlopez7096,/@MarcosCarillo-b1r,1
/@oswaldosolis8728,/@HaroldoCastillo-rh9iw,1
/@oswaldosolis8728,/@LE_A22,1
/@MariaaliciaColonmorales,/@belvettzapeta1251,1
/@MariaaliciaColonmorales,/@SergioGarcia-z9c,1
/@MariaaliciaColonmorales,/@ernestogamboa8737,1
/@MariaaliciaColonmorales,/@OsvaldoAguirre-l3i,1
/@MariaaliciaColonmorales,/@ronyarana8849,1
/@MariaaliciaColonmorales,/@mariorodas593,1
/@MariaaliciaColonmorales,/@Iv%C3%A1nP%C3%A9rez-j4j,1
/@MariaaliciaColonmorales,/@allanmunoz7410,1
/@MariaaliciaColonmorales,/@thelmamoran8565,1
/@MariaaliciaColonmorales,/@diegoalejandrolopezmendez205,1
/@MariaaliciaColonmorales,/@fredygarcia9151,1
/@MariaaliciaColonmorales,/@TeresaLucero-b5o,1
/@MariaaliciaColonmorales,/@vanigomez492,1
/@MariaaliciaColonmorales,/@cesarandreas7824,1
/@MariaaliciaColonmorales,/@oscarnavas9996,1
/@oswaldosolis8728,/@MacarioMartinezruiz,1
/@oswaldosolis8728,/@JavierBecerra-h6x,1
/@oswaldosolis8728,/@kanterra4584,1
/@oswaldosolis8728,/@belarminavillatoro6474,1
/@MariaaliciaColonmorales,/@domingopeneleu6457,1
/@MariaaliciaColonmorales,/@AndresMedina-v1s,1
/@oswaldosolis8728,/@GilmarMaldonado-q9m,1
/@MariaaliciaColonmorales,/@FidelZacarias-ph7dy,1
/@MariaaliciaColonmorales,/@yeniferaguirre4498,1
/@MariaaliciaColonmorales,/@moisesvaldez4043,1
/@MariaaliciaColonmorales,/@isaiaslopezvelasquez1539,1
/@MariaaliciaColonmorales,/@alvaroesquivel563,1
/@MariaaliciaColonmorales,/@nestormendez6216,1
/@MariaaliciaColonmorales,/@cuabatzjj5924,1
/@MariaaliciaColonmorales,/@marcomendez7509,1
/@MariaaliciaColonmorales,/@elmorodriguez6978,1
/@MariaaliciaColonmorales,/@danyraymundo2942,1
/@MariaaliciaColonmorales,/@beneficioelcaminovillacana8540,1
/@MariaaliciaColonmorales,/@RolandoRaguay,1
/@MariaaliciaColonmorales,/@mireyamorales6595,1
/@MariaaliciaColonmorales,/@OdilioRodr%C3%ADguez-c5w,1
/@MariaaliciaColonmorales,/@lizardomorataya8274,1
/@MariaaliciaColonmorales,/@carlosmedranovelasquez6380,1
/@MariaaliciaColonmorales,/@romeolopezherrarte799,1
/@MariaaliciaColonmorales,/@ricardofigueroa5720,1
/@oswaldosolis8728,/@luisgpacheco5858,1
/@oswaldosolis8728,/@mariasamo8637,1
/@oswaldosolis8728,/@JuanChang-r6k,1
/@oswaldosolis8728,/@mdelcid01,1
/@oswaldosolis8728,/@FranciscoRivera-sf7ne,1
/@oswaldosolis8728,/@davidisraelesquitsaquil,1
/@oswaldosolis8728,/@fredydomingo7062,1
/@oswaldosolis8728,/@edgarroldan5539,1
/@oswaldosolis8728,/@hectoroliva949,1
/@oswaldosolis8728,/@inge_vergueta,1
/@oswaldosolis8728,/@CARLOSSTREMS51,1
/@oswaldosolis8728,/@SuperVictor2005,1
/@oswaldosolis8728,/@Rogergh-nw4oj,1
/@oswaldosolis8728,/@amyherrera7352,1
/@oswaldosolis8728,/@JuanDavila-qd7qj,1
/@oswaldosolis8728,/@edwingeovanymarroquinmarro6684,1
/@oswaldosolis8728,/@virgiliogarcia3039,1
/@oswaldosolis8728,/@markoherrera,1
/@oswaldosolis8728,/@BenjaminLarios-jd8nk,1
/@oswaldosolis8728,/@Aura-vf6dm,1
/@oswaldosolis8728,/@federicosaquimux1933,1
/@oswaldosolis8728,/@eusebiovasquez4385,1
/@oswaldosolis8728,/@carlossoto3252,1
/@oswaldosolis8728,/@josehidalgo4875,1
/@oswaldosolis8728,/@dorisl.garciaroche7763,1
/@oswaldosolis8728,/@JacintaTzoy,1
/@oswaldosolis8728,/@guillermogonzalez5153,1
/@oswaldosolis8728,/@MegaKristenstewart,1
/@oswaldosolis8728,/@gorrarota,1
/@oswaldosolis8728,/@mynorrodas8591,1
/@oswaldosolis8728,/@OseasSamayoa-ol5rz,1
/@oswaldosolis8728,/@pablochitay46,1
/@oswaldosolis8728,/@josecarrera9623,1
/@oswaldosolis8728,/@victorarturoruanobautista7588,1
/@oswaldosolis8728,/@VidalVillatoro-p4w,1
/@oswaldosolis8728,/@raquelprado3643,1
/@oswaldosolis8728,/@ARGELIATELON,1
/@oswaldosolis8728,/@anaaguirre8985,1
/@oswaldosolis8728,/@RobertoZelaya-x1v,1
/@oswaldosolis8728,/@hectorcarranza3777,1
/@oswaldosolis8728,/@OscarHernandez-q8y,1
/@oswaldosolis8728,/@eddymunoz9789,1
/@melvinlopez7096,/@RolandoCastroP%C3%A9rez-d7y,1
/@melvinlopez7096,/@javiercifuentesarchila6041,1
/@melvinlopez7096,/@estuardoargueta137,1
/@carlossoto3252,/@carlosmedranovelasquez6380,1
/@carlossoto3252,/@ricardofigueroa5720,1
/@carlossoto3252,/@FidelZacarias-ph7dy,1
/@carlossoto3252,/@AndresMedina-v1s,1
/@carlossoto3252,/@SergioGarcia-z9c,1
/@carlossoto3252,/@domingopeneleu6457,1
/@carlossoto3252,/@ernestogamboa8737,1
/@carlossoto3252,/@OsvaldoAguirre-l3i,1
/@carlossoto3252,/@ronyarana8849,1
/@carlossoto3252,/@mariorodas593,1
/@carlossoto3252,/@Iv%C3%A1nP%C3%A9rez-j4j,1
/@carlossoto3252,/@allanmunoz7410,1
/@carlossoto3252,/@thelmamoran8565,1
/@carlossoto3252,/@diegoalejandrolopezmendez205,1
/@carlossoto3252,/@fredygarcia9151,1
/@carlossoto3252,/@TeresaLucero-b5o,1
/@carlossoto3252,/@vanigomez492,1
/@carlossoto3252,/@cesarandreas7824,1
/@carlossoto3252,/@romeolopezherrarte799,1
/@carlossoto3252,/@lizardomorataya8274,1
/@Aura-vf6dm,/@MacarioMartinezruiz,1
/@carlossoto3252,/@OdilioRodr%C3%ADguez-c5w,1
/@carlossoto3252,/@MrDuenderojo,1
/@carlossoto3252,/@Joseroland21,1
/@carlossoto3252,/@davidgaher9550,1
/@carlossoto3252,/@belvettzapeta1251,1
/@carlossoto3252,/@edwinavila4876,1
/@carlossoto3252,/@yeniferaguirre4498,1
/@carlossoto3252,/@moisesvaldez4043,1
/@carlossoto3252,/@isaiaslopezvelasquez1539,1
/@carlossoto3252,/@alvaroesquivel563,1
/@carlossoto3252,/@nestormendez6216,1
/@carlossoto3252,/@cuabatzjj5924,1
/@carlossoto3252,/@marcomendez7509,1
/@carlossoto3252,/@elmorodriguez6978,1
/@carlossoto3252,/@danyraymundo2942,1
/@carlossoto3252,/@beneficioelcaminovillacana8540,1
/@carlossoto3252,/@RolandoRaguay,1
/@carlossoto3252,/@mireyamorales6595,1
/@carlossoto3252,/@oscarnavas9996,1
/@Aura-vf6dm,/@JavierBecerra-h6x,1
/@melvinlopez7096,/@armindapenados2841,1
/@Aura-vf6dm,/@hectorcarranza3777,1
/@Aura-vf6dm,/@eddymunoz9789,1
/@Aura-vf6dm,/@dorisl.garciaroche7763,1
/@Aura-vf6dm,/@mdelcid01,1
/@Aura-vf6dm,/@eusebiovasquez4385,1
/@Aura-vf6dm,/@FranciscoRivera-sf7ne,1
/@Aura-vf6dm,/@davidisraelesquitsaquil,1
/@Aura-vf6dm,/@fredydomingo7062,1
/@Aura-vf6dm,/@edgarroldan5539,1
/@Aura-vf6dm,/@hectoroliva949,1
/@Aura-vf6dm,/@inge_vergueta,1
/@Aura-vf6dm,/@CARLOSSTREMS51,1
/@Aura-vf6dm,/@SuperVictor2005,1
/@Aura-vf6dm,/@Rogergh-nw4oj,1
/@Aura-vf6dm,/@amyherrera7352,1
/@Aura-vf6dm,/@JuanDavila-qd7qj,1
/@Aura-vf6dm,/@edwingeovanymarroquinmarro6684,1
/@Aura-vf6dm,/@virgiliogarcia3039,1
/@Aura-vf6dm,/@OscarHernandez-q8y,1
/@Aura-vf6dm,/@RobertoZelaya-x1v,1
/@Aura-vf6dm,/@kanterra4584,1
/@Aura-vf6dm,/@anaaguirre8985,1
/@Aura-vf6dm,/@belarminavillatoro6474,1
/@Aura-vf6dm,/@luisgpacheco5858,1
/@Aura-vf6dm,/@GilmarMaldonado-q9m,1
/@Aura-vf6dm,/@mariasamo8637,1
/@Aura-vf6dm,/@josehidalgo4875,1
/@Aura-vf6dm,/@JacintaTzoy,1
/@Aura-vf6dm,/@guillermogonzalez5153,1
/@Aura-vf6dm,/@MegaKristenstewart,1
/@Aura-vf6dm,/@gorrarota,1
/@Aura-vf6dm,/@mynorrodas8591,1
/@Aura-vf6dm,/@OseasSamayoa-ol5rz,1
/@Aura-vf6dm,/@pablochitay46,1
/@Aura-vf6dm,/@josecarrera9623,1
/@Aura-vf6dm,/@victorarturoruanobautista7588,1
/@Aura-vf6dm,/@VidalVillatoro-p4w,1
/@Aura-vf6dm,/@raquelprado3643,1
/@Aura-vf6dm,/@ARGELIATELON,1
/@carlossoto3252,/@welfrealdana5559,1
/@carlossoto3252,/@jor77cas,1
/@carlossoto3252,/@JosueRamirez-ey3ih,1
/@mariavail8998,/@josegil3813,1
/@carlossoto3252,/@MacarioMartinezruiz,1
/@carlossoto3252,/@JavierBecerra-h6x,1
/@carlossoto3252,/@kanterra4584,1
/@carlossoto3252,/@belarminavillatoro6474,1
/@carlossoto3252,/@luisgpacheco5858,1
/@carlossoto3252,/@GilmarMaldonado-q9m,1
/@carlossoto3252,/@mariasamo8637,1
/@carlossoto3252,/@josehidalgo4875,1
/@carlossoto3252,/@JacintaTzoy,1
/@carlossoto3252,/@guillermogonzalez5153,1
/@carlossoto3252,/@MegaKristenstewart,1
/@carlossoto3252,/@gorrarota,1
/@carlossoto3252,/@mynorrodas8591,1
/@carlossoto3252,/@OseasSamayoa-ol5rz,1
/@carlossoto3252,/@pablochitay46,1
/@carlossoto3252,/@josecarrera9623,1
/@carlossoto3252,/@victorarturoruanobautista7588,1
/@mariavail8998,/@kevinochoa3695,1
/@mariavail8998,/@srms70,1
/@carlossoto3252,/@byronpontaza,1
/@mariavail8998,/@ericapaz5406,1
/@melvinlopez7096,/@Silviazea,1
/@melvinlopez7096,/@AnaDiaz-re9sq,1
/@melvinlopez7096,/@rogeraldana4289,1
/@melvinlopez7096,/@carloslam5333,1
/@melvinlopez7096,/@lidiarodriguez3493,1
/@melvinlopez7096,/@ligiaguerra3057,1
/@mariavail8998,/@DennisseLopetegi,1
/@mariavail8998,/@ErmeP%C3%A9rez-q4s,1
/@mariavail8998,/@Luis-gn3fj,1
/@mariavail8998,/@virgiliogarcia3039,1
/@mariavail8998,/@juandeleon9060,1
/@mariavail8998,/@pablobarrios7931,1
/@mariavail8998,/@ronaldgarcia8522,1
/@mariavail8998,/@herbertaguilar1387,1
/@mariavail8998,/@CarlosCortez-v5r,1
/@mariavail8998,/@aureliomaldonado4793,1
/@mariavail8998,/@danielantoniogonzalezflore4901,1
/@carlossoto3252,/@VidalVillatoro-p4w,1
/@carlossoto3252,/@raquelprado3643,1
/@carlossoto3252,/@ARGELIATELON,1
/@carlossoto3252,/@anaaguirre8985,1
/@carlossoto3252,/@markoherrera,1
/@carlossoto3252,/@BenjaminLarios-jd8nk,1
/@carlossoto3252,/@Aura-vf6dm,1
/@carlossoto3252,/@federicosaquimux1933,1
/@carlossoto3252,/@JuanChang-r6k,1
/@carlossoto3252,/@LE_A22,1
/@carlossoto3252,/@ArielRodas-g5y,1
/@carlossoto3252,/@HaroldoCastillo-rh9iw,1
/@carlossoto3252,/@SoniaMarroquin-y6e,1
/@carlossoto3252,/@fredymendez1786,1
/@carlossoto3252,/@nestorlorenzana1168,1
/@carlossoto3252,/@luisletona2842,1
/@carlossoto3252,/@carlosaguilar-kz7ml,1
/@carlossoto3252,/@dantesarti4351,1
/@carlossoto3252,/@monkchapin,1
/@carlossoto3252,/@andyB5280,1
/@carlossoto3252,/@Jel.Awesh.M,1
/@carlossoto3252,/@virgiliogarcia3039,1
/@carlossoto3252,/@edwingeovanymarroquinmarro6684,1
/@carlossoto3252,/@JuanDavila-qd7qj,1
/@carlossoto3252,/@FranciscoRivera-sf7ne,1
/@carlossoto3252,/@RobertoZelaya-x1v,1
/@carlossoto3252,/@hectorcarranza3777,1
/@carlossoto3252,/@OscarHernandez-q8y,1
/@carlossoto3252,/@eddymunoz9789,1
/@carlossoto3252,/@dorisl.garciaroche7763,1
/@carlossoto3252,/@mdelcid01,1
/@carlossoto3252,/@eusebiovasquez4385,1
/@carlossoto3252,/@davidisraelesquitsaquil,1
/@carlossoto3252,/@amyherrera7352,1
/@carlossoto3252,/@fredydomingo7062,1
/@carlossoto3252,/@edgarroldan5539,1
/@carlossoto3252,/@hectoroliva949,1
/@carlossoto3252,/@inge_vergueta,1
/@carlossoto3252,/@CARLOSSTREMS51,1
/@carlossoto3252,/@SuperVictor2005,1
/@carlossoto3252,/@Rogergh-nw4oj,1
/@MariaaliciaColonmorales,/@edwinavila4876,1
/@MariaaliciaColonmorales,/@davidgaher9550,1
/@cesaraugustomoralesmonroy6907,/@MacarioMartinezruiz,1
/@cesaraugustomoralesmonroy6907,/@oscarnavas9996,1
/@NormaL%C3%B3pez-v7e,/@ErmeP%C3%A9rez-q4s,1
/@NormaL%C3%B3pez-v7e,/@Luis-gn3fj,1
/@NormaL%C3%B3pez-v7e,/@virgiliogarcia3039,1
/@NormaL%C3%B3pez-v7e,/@mariavail8998,1
/@NormaL%C3%B3pez-v7e,/@juandeleon9060,1
/@NormaL%C3%B3pez-v7e,/@pablobarrios7931,1
/@NormaL%C3%B3pez-v7e,/@ronaldgarcia8522,1
/@NormaL%C3%B3pez-v7e,/@herbertaguilar1387,1
/@NormaL%C3%B3pez-v7e,/@CarlosCortez-v5r,1
/@NormaL%C3%B3pez-v7e,/@aureliomaldonado4793,1
/@NormaL%C3%B3pez-v7e,/@danielantoniogonzalezflore4901,1
/@NormaL%C3%B3pez-v7e,/@ericapaz5406,1
/@NormaL%C3%B3pez-v7e,/@srms70,1
/@NormaL%C3%B3pez-v7e,/@josegil3813,1
/@NormaL%C3%B3pez-v7e,/@kevinochoa3695,1
/@lisss1908,/@NataliaRodriguez-rx5mr,1
/@lisss1908,/@Lyrics_GT,1
/@NormaL%C3%B3pez-v7e,/@DennisseLopetegi,1
/@cesaraugustomoralesmonroy6907,/@cesarandreas7824,1
/@lisss1908,/@eustaquiogomez9975,1
/@cesaraugustomoralesmonroy6907,/@vanigomez492,1
/@cesaraugustomoralesmonroy6907,/@carlosmedranovelasquez6380,1
/@cesaraugustomoralesmonroy6907,/@romeolopezherrarte799,1
/@cesaraugustomoralesmonroy6907,/@ricardofigueroa5720,1
/@cesaraugustomoralesmonroy6907,/@FidelZacarias-ph7dy,1
/@cesaraugustomoralesmonroy6907,/@AndresMedina-v1s,1
/@cesaraugustomoralesmonroy6907,/@SergioGarcia-z9c,1
/@cesaraugustomoralesmonroy6907,/@domingopeneleu6457,1
/@cesaraugustomoralesmonroy6907,/@ernestogamboa8737,1
/@cesaraugustomoralesmonroy6907,/@OsvaldoAguirre-l3i,1
/@cesaraugustomoralesmonroy6907,/@ronyarana8849,1
/@cesaraugustomoralesmonroy6907,/@mariorodas593,1
/@cesaraugustomoralesmonroy6907,/@Iv%C3%A1nP%C3%A9rez-j4j,1
/@cesaraugustomoralesmonroy6907,/@allanmunoz7410,1
/@cesaraugustomoralesmonroy6907,/@thelmamoran8565,1
/@cesaraugustomoralesmonroy6907,/@diegoalejandrolopezmendez205,1
/@cesaraugustomoralesmonroy6907,/@fredygarcia9151,1
/@cesaraugustomoralesmonroy6907,/@TeresaLucero-b5o,1
/@lisss1908,/@genarodelgado3929,1
/@lisss1908,/@laboratorio5528,1
/@cesaraugustomoralesmonroy6907,/@OdilioRodr%C3%ADguez-c5w,1
/@lisss1908,/@gonzalo6075,1
/@lisss1908,/@karensussetteleonvargas9794,1
/@lisss1908,/@sergiohinestroza9709,1
/@lisss1908,/@RolandoCastroP%C3%A9rez-d7y,1
/@lisss1908,/@javiercifuentesarchila6041,1
/@lisss1908,/@estuardoargueta137,1
/@lisss1908,/@armindapenados2841,1
/@lisss1908,/@Silviazea,1
/@lisss1908,/@AnaDiaz-re9sq,1
/@lisss1908,/@rogeraldana4289,1
/@lisss1908,/@carloslam5333,1
/@lisss1908,/@lidiarodriguez3493,1
/@lisss1908,/@ligiaguerra3057,1
/@ManuelSanchez-b8q2z,/@Jos%C3%A9Lopez-g6k,1
/@ManuelSanchez-b8q2z,/@moisesvaldez4043,1
/@ManuelSanchez-b8q2z,/@Hernandez-i1o,1
/@ErvinLeonardoCarreraLat%C3%ADn,/@MacarioMartinezruiz,1
/@ErvinLeonardoCarreraLat%C3%ADn,/@JavierBecerra-h6x,1
/@lisss1908,/@EcPerez-zz9oh,1
/@lisss1908,/@HectorElias-u2l,1
/@lisss1908,/@melvinlopez7096,1
/@lisss1908,/@EdgarcalderonCalderong,1
/@lisss1908,/@Jel.Awesh.M,1
/@lisss1908,/@MarcosCarillo-b1r,1
/@lisss1908,/@dinoraoroxon5771,1
/@lisss1908,/@hendersonlopez3864,1
/@lisss1908,/@iamjimalesssa,1
/@lisss1908,/@marlenareano-h4t,1
/@lisss1908,/@FernandoGarcia-jg1fj,1
/@lisss1908,/@AndresLemus-k2d,1
/@lisss1908,/@inge_vergueta,1
/@lisss1908,/@jorgeaguilar-bq3uj,1
/@lisss1908,/@aguilar4254,1
/@lisss1908,/@pedroros6358,1
/@lisss1908,/@josecastillo4390,1
/@lisss1908,/@quijotachapina1,1
/@lisss1908,/@caminoseternos752,1
/@lisss1908,/@OmarMartinez-vv8re,1
/@lisss1908,/@mariocordon8873,1
/@cesaraugustomoralesmonroy6907,/@lizardomorataya8274,1
/@cesaraugustomoralesmonroy6907,/@mireyamorales6595,1
/@MariaaliciaColonmorales,/@Joseroland21,1
/@cesaraugustomoralesmonroy6907,/@anaaguirre8985,1
/@cesaraugustomoralesmonroy6907,/@hectorcarranza3777,1
/@cesaraugustomoralesmonroy6907,/@OscarHernandez-q8y,1
/@cesaraugustomoralesmonroy6907,/@eddymunoz9789,1
/@cesaraugustomoralesmonroy6907,/@dorisl.garciaroche7763,1
/@cesaraugustomoralesmonroy6907,/@carlossoto3252,1
/@cesaraugustomoralesmonroy6907,/@mdelcid01,1
/@cesaraugustomoralesmonroy6907,/@eusebiovasquez4385,1
/@cesaraugustomoralesmonroy6907,/@FranciscoRivera-sf7ne,1
/@cesaraugustomoralesmonroy6907,/@davidisraelesquitsaquil,1
/@cesaraugustomoralesmonroy6907,/@fredydomingo7062,1
/@cesaraugustomoralesmonroy6907,/@edgarroldan5539,1
/@cesaraugustomoralesmonroy6907,/@hectoroliva949,1
/@cesaraugustomoralesmonroy6907,/@inge_vergueta,1
/@cesaraugustomoralesmonroy6907,/@CARLOSSTREMS51,1
/@cesaraugustomoralesmonroy6907,/@SuperVictor2005,1
/@cesaraugustomoralesmonroy6907,/@Rogergh-nw4oj,1
/@cesaraugustomoralesmonroy6907,/@amyherrera7352,1
/@cesaraugustomoralesmonroy6907,/@RobertoZelaya-x1v,1
/@cesaraugustomoralesmonroy6907,/@ARGELIATELON,1
/@cesaraugustomoralesmonroy6907,/@edwingeovanymarroquinmarro6684,1
/@cesaraugustomoralesmonroy6907,/@raquelprado3643,1
/@cesaraugustomoralesmonroy6907,/@JavierBecerra-h6x,1
/@cesaraugustomoralesmonroy6907,/@kanterra4584,1
/@cesaraugustomoralesmonroy6907,/@belarminavillatoro6474,1
/@cesaraugustomoralesmonroy6907,/@luisgpacheco5858,1
/@cesaraugustomoralesmonroy6907,/@GilmarMaldonado-q9m,1
/@cesaraugustomoralesmonroy6907,/@mariasamo8637,1
/@cesaraugustomoralesmonroy6907,/@josehidalgo4875,1
/@cesaraugustomoralesmonroy6907,/@JacintaTzoy,1
/@cesaraugustomoralesmonroy6907,/@guillermogonzalez5153,1
/@cesaraugustomoralesmonroy6907,/@MegaKristenstewart,1
/@cesaraugustomoralesmonroy6907,/@gorrarota,1
/@cesaraugustomoralesmonroy6907,/@mynorrodas8591,1
/@cesaraugustomoralesmonroy6907,/@OseasSamayoa-ol5rz,1
/@cesaraugustomoralesmonroy6907,/@pablochitay46,1
/@cesaraugustomoralesmonroy6907,/@josecarrera9623,1
/@cesaraugustomoralesmonroy6907,/@victorarturoruanobautista7588,1
/@cesaraugustomoralesmonroy6907,/@VidalVillatoro-p4w,1
/@cesaraugustomoralesmonroy6907,/@JuanDavila-qd7qj,1
/@cesaraugustomoralesmonroy6907,/@MariaaliciaColonmorales,1
/@cesaraugustomoralesmonroy6907,/@RolandoRaguay,1
/@cesaraugustomoralesmonroy6907,/@oswaldosolis8728,1
/@cesaraugustomoralesmonroy6907,/@welfrealdana5559,1
/@cesaraugustomoralesmonroy6907,/@MrDuenderojo,1
/@cesaraugustomoralesmonroy6907,/@Joseroland21,1
/@cesaraugustomoralesmonroy6907,/@davidgaher9550,1
/@cesaraugustomoralesmonroy6907,/@belvettzapeta1251,1
/@cesaraugustomoralesmonroy6907,/@edwinavila4876,1
/@cesaraugustomoralesmonroy6907,/@yeniferaguirre4498,1
/@cesaraugustomoralesmonroy6907,/@moisesvaldez4043,1
/@cesaraugustomoralesmonroy6907,/@isaiaslopezvelasquez1539,1
/@cesaraugustomoralesmonroy6907,/@alvaroesquivel563,1
/@cesaraugustomoralesmonroy6907,/@nestormendez6216,1
/@cesaraugustomoralesmonroy6907,/@cuabatzjj5924,1
/@cesaraugustomoralesmonroy6907,/@marcomendez7509,1
/@cesaraugustomoralesmonroy6907,/@elmorodriguez6978,1
/@cesaraugustomoralesmonroy6907,/@danyraymundo2942,1
/@cesaraugustomoralesmonroy6907,/@ErvinLeonardoCarreraLat%C3%ADn,1
/@cesaraugustomoralesmonroy6907,/@beneficioelcaminovillacana8540,1
/@cesaraugustomoralesmonroy6907,/@jor77cas,1
/@cesaraugustomoralesmonroy6907,/@JosueRamirez-ey3ih,1
/@cesaraugustomoralesmonroy6907,/@virgiliogarcia3039,1
/@cesaraugustomoralesmonroy6907,/@byronpontaza,1
/@cesaraugustomoralesmonroy6907,/@markoherrera,1
/@cesaraugustomoralesmonroy6907,/@BenjaminLarios-jd8nk,1
/@cesaraugustomoralesmonroy6907,/@Aura-vf6dm,1
/@cesaraugustomoralesmonroy6907,/@federicosaquimux1933,1
/@cesaraugustomoralesmonroy6907,/@JuanChang-r6k,1
/@cesaraugustomoralesmonroy6907,/@LE_A22,1
/@cesaraugustomoralesmonroy6907,/@ArielRodas-g5y,1
/@cesaraugustomoralesmonroy6907,/@HaroldoCastillo-rh9iw,1
/@cesaraugustomoralesmonroy6907,/@SoniaMarroquin-y6e,1
/@cesaraugustomoralesmonroy6907,/@fredymendez1786,1
/@cesaraugustomoralesmonroy6907,/@nestorlorenzana1168,1
/@cesaraugustomoralesmonroy6907,/@luisletona2842,1
/@cesaraugustomoralesmonroy6907,/@carlosaguilar-kz7ml,1
/@cesaraugustomoralesmonroy6907,/@dantesarti4351,1
/@cesaraugustomoralesmonroy6907,/@monkchapin,1
/@cesaraugustomoralesmonroy6907,/@andyB5280,1
/@cesaraugustomoralesmonroy6907,/@Jel.Awesh.M,1
/@ErvinLeonardoCarreraLat%C3%ADn,/@kanterra4584,1
/@ErvinLeonardoCarreraLat%C3%ADn,/@belarminavillatoro6474,1
/@ErvinLeonardoCarreraLat%C3%ADn,/@luisgpacheco5858,1
/@MariaaliciaColonmorales,/@luisgpacheco5858,1
/@MariaaliciaColonmorales,/@mariasamo8637,1
/@MariaaliciaColonmorales,/@josehidalgo4875,1
/@MariaaliciaColonmorales,/@JacintaTzoy,1
/@MariaaliciaColonmorales,/@guillermogonzalez5153,1
/@MariaaliciaColonmorales,/@MegaKristenstewart,1
/@MariaaliciaColonmorales,/@gorrarota,1
/@MariaaliciaColonmorales,/@mynorrodas8591,1
/@MariaaliciaColonmorales,/@OseasSamayoa-ol5rz,1
/@MariaaliciaColonmorales,/@pablochitay46,1
/@MariaaliciaColonmorales,/@josecarrera9623,1
/@MariaaliciaColonmorales,/@victorarturoruanobautista7588,1
/@MariaaliciaColonmorales,/@VidalVillatoro-p4w,1
/@MariaaliciaColonmorales,/@raquelprado3643,1
/@MariaaliciaColonmorales,/@ARGELIATELON,1
/@MariaaliciaColonmorales,/@anaaguirre8985,1
/@MariaaliciaColonmorales,/@RobertoZelaya-x1v,1
/@MariaaliciaColonmorales,/@hectorcarranza3777,1
/@MariaaliciaColonmorales,/@GilmarMaldonado-q9m,1
/@MariaaliciaColonmorales,/@belarminavillatoro6474,1
/@MariaaliciaColonmorales,/@eddymunoz9789,1
/@MariaaliciaColonmorales,/@kanterra4584,1
/@ErvinLeonardoCarreraLat%C3%ADn,/@SergioGarcia-z9c,1
/@ErvinLeonardoCarreraLat%C3%ADn,/@domingopeneleu6457,1
/@ErvinLeonardoCarreraLat%C3%ADn,/@ernestogamboa8737,1
/@ErvinLeonardoCarreraLat%C3%ADn,/@OsvaldoAguirre-l3i,1
/@ErvinLeonardoCarreraLat%C3%ADn,/@ronyarana8849,1
/@ErvinLeonardoCarreraLat%C3%ADn,/@mariorodas593,1
/@ErvinLeonardoCarreraLat%C3%ADn,/@Iv%C3%A1nP%C3%A9rez-j4j,1
/@ErvinLeonardoCarreraLat%C3%ADn,/@allanmunoz7410,1
/@ErvinLeonardoCarreraLat%C3%ADn,/@thelmamoran8565,1
/@ErvinLeonardoCarreraLat%C3%ADn,/@diegoalejandrolopezmendez205,1
/@ErvinLeonardoCarreraLat%C3%ADn,/@fredygarcia9151,1
/@ErvinLeonardoCarreraLat%C3%ADn,/@TeresaLucero-b5o,1
/@ErvinLeonardoCarreraLat%C3%ADn,/@vanigomez492,1
/@ErvinLeonardoCarreraLat%C3%ADn,/@cesarandreas7824,1
/@ErvinLeonardoCarreraLat%C3%ADn,/@oscarnavas9996,1
/@MariaaliciaColonmorales,/@MacarioMartinezruiz,1
/@MariaaliciaColonmorales,/@JavierBecerra-h6x,1
/@MariaaliciaColonmorales,/@OscarHernandez-q8y,1
/@MariaaliciaColonmorales,/@dorisl.garciaroche7763,1
/@ErvinLeonardoCarreraLat%C3%ADn,/@GilmarMaldonado-q9m,1
/@MariaaliciaColonmorales,/@JuanChang-r6k,1
/@MariaaliciaColonmorales,/@ArielRodas-g5y,1
/@MariaaliciaColonmorales,/@HaroldoCastillo-rh9iw,1
/@MariaaliciaColonmorales,/@SoniaMarroquin-y6e,1
/@MariaaliciaColonmorales,/@fredymendez1786,1
/@MariaaliciaColonmorales,/@nestorlorenzana1168,1
/@MariaaliciaColonmorales,/@luisletona2842,1
/@MariaaliciaColonmorales,/@carlosaguilar-kz7ml,1
/@MariaaliciaColonmorales,/@dantesarti4351,1
/@MariaaliciaColonmorales,/@monkchapin,1
/@MariaaliciaColonmorales,/@andyB5280,1
/@MariaaliciaColonmorales,/@Jel.Awesh.M,1
/@MariaaliciaColonmorales,/@byronpontaza,1
/@MariaaliciaColonmorales,/@JosueRamirez-ey3ih,1
/@MariaaliciaColonmorales,/@oswaldosolis8728,1
/@MariaaliciaColonmorales,/@jor77cas,1
/@MariaaliciaColonmorales,/@welfrealdana5559,1
/@MariaaliciaColonmorales,/@MrDuenderojo,1
/@MariaaliciaColonmorales,/@LE_A22,1
/@MariaaliciaColonmorales,/@federicosaquimux1933,1
/@MariaaliciaColonmorales,/@carlossoto3252,1
/@MariaaliciaColonmorales,/@Aura-vf6dm,1
/@MariaaliciaColonmorales,/@mdelcid01,1
/@MariaaliciaColonmorales,/@eusebiovasquez4385,1
/@MariaaliciaColonmorales,/@FranciscoRivera-sf7ne,1
/@MariaaliciaColonmorales,/@davidisraelesquitsaquil,1
/@MariaaliciaColonmorales,/@fredydomingo7062,1
/@MariaaliciaColonmorales,/@edgarroldan5539,1
/@MariaaliciaColonmorales,/@hectoroliva949,1
/@MariaaliciaColonmorales,/@inge_vergueta,1
/@MariaaliciaColonmorales,/@CARLOSSTREMS51,1
/@MariaaliciaColonmorales,/@SuperVictor2005,1
/@MariaaliciaColonmorales,/@Rogergh-nw4oj,1
/@MariaaliciaColonmorales,/@amyherrera7352,1
/@MariaaliciaColonmorales,/@JuanDavila-qd7qj,1
/@MariaaliciaColonmorales,/@edwingeovanymarroquinmarro6684,1
/@MariaaliciaColonmorales,/@virgiliogarcia3039,1
/@MariaaliciaColonmorales,/@markoherrera,1
/@MariaaliciaColonmorales,/@BenjaminLarios-jd8nk,1
/@ErvinLeonardoCarreraLat%C3%ADn,/@AndresMedina-v1s,1
/@ErvinLeonardoCarreraLat%C3%ADn,/@FidelZacarias-ph7dy,1
/@ErvinLeonardoCarreraLat%C3%ADn,/@ricardofigueroa5720,1
/@ErvinLeonardoCarreraLat%C3%ADn,/@dorisl.garciaroche7763,1
/@ErvinLeonardoCarreraLat%C3%ADn,/@mdelcid01,1
/@ErvinLeonardoCarreraLat%C3%ADn,/@eusebiovasquez4385,1
/@ErvinLeonardoCarreraLat%C3%ADn,/@FranciscoRivera-sf7ne,1
/@ErvinLeonardoCarreraLat%C3%ADn,/@davidisraelesquitsaquil,1
/@ErvinLeonardoCarreraLat%C3%ADn,/@fredydomingo7062,1
/@ErvinLeonardoCarreraLat%C3%ADn,/@edgarroldan5539,1
/@ErvinLeonardoCarreraLat%C3%ADn,/@hectoroliva949,1
/@ErvinLeonardoCarreraLat%C3%ADn,/@inge_vergueta,1
/@ErvinLeonardoCarreraLat%C3%ADn,/@CARLOSSTREMS51,1
/@ErvinLeonardoCarreraLat%C3%ADn,/@SuperVictor2005,1
/@ErvinLeonardoCarreraLat%C3%ADn,/@Rogergh-nw4oj,1
/@ErvinLeonardoCarreraLat%C3%ADn,/@amyherrera7352,1
/@ErvinLeonardoCarreraLat%C3%ADn,/@JuanDavila-qd7qj,1
/@ErvinLeonardoCarreraLat%C3%ADn,/@edwingeovanymarroquinmarro6684,1
/@ErvinLeonardoCarreraLat%C3%ADn,/@MariaaliciaColonmorales,1
/@ErvinLeonardoCarreraLat%C3%ADn,/@virgiliogarcia3039,1
/@ErvinLeonardoCarreraLat%C3%ADn,/@markoherrera,1
/@ErvinLeonardoCarreraLat%C3%ADn,/@carlossoto3252,1
/@ErvinLeonardoCarreraLat%C3%ADn,/@eddymunoz9789,1
/@ErvinLeonardoCarreraLat%C3%ADn,/@romeolopezherrarte799,1
/@ErvinLeonardoCarreraLat%C3%ADn,/@OscarHernandez-q8y,1
/@ErvinLeonardoCarreraLat%C3%ADn,/@mariasamo8637,1
/@ErvinLeonardoCarreraLat%C3%ADn,/@josehidalgo4875,1
/@ErvinLeonardoCarreraLat%C3%ADn,/@JacintaTzoy,1
/@ErvinLeonardoCarreraLat%C3%ADn,/@guillermogonzalez5153,1
/@ErvinLeonardoCarreraLat%C3%ADn,/@MegaKristenstewart,1
/@ErvinLeonardoCarreraLat%C3%ADn,/@gorrarota,1
/@ErvinLeonardoCarreraLat%C3%ADn,/@mynorrodas8591,1
/@ErvinLeonardoCarreraLat%C3%ADn,/@OseasSamayoa-ol5rz,1
/@ErvinLeonardoCarreraLat%C3%ADn,/@pablochitay46,1
/@ErvinLeonardoCarreraLat%C3%ADn,/@josecarrera9623,1
/@ErvinLeonardoCarreraLat%C3%ADn,/@victorarturoruanobautista7588,1
/@ErvinLeonardoCarreraLat%C3%ADn,/@VidalVillatoro-p4w,1
/@ErvinLeonardoCarreraLat%C3%ADn,/@raquelprado3643,1
/@ErvinLeonardoCarreraLat%C3%ADn,/@ARGELIATELON,1
/@ErvinLeonardoCarreraLat%C3%ADn,/@anaaguirre8985,1
/@ErvinLeonardoCarreraLat%C3%ADn,/@RobertoZelaya-x1v,1
/@ErvinLeonardoCarreraLat%C3%ADn,/@hectorcarranza3777,1
/@ErvinLeonardoCarreraLat%C3%ADn,/@BenjaminLarios-jd8nk,1
/@ErvinLeonardoCarreraLat%C3%ADn,/@Aura-vf6dm,1
/@ErvinLeonardoCarreraLat%C3%ADn,/@federicosaquimux1933,1
/@ErvinLeonardoCarreraLat%C3%ADn,/@JuanChang-r6k,1
/@ErvinLeonardoCarreraLat%C3%ADn,/@belvettzapeta1251,1
/@ErvinLeonardoCarreraLat%C3%ADn,/@edwinavila4876,1
/@ErvinLeonardoCarreraLat%C3%ADn,/@yeniferaguirre4498,1
/@ErvinLeonardoCarreraLat%C3%ADn,/@moisesvaldez4043,1
/@ErvinLeonardoCarreraLat%C3%ADn,/@isaiaslopezvelasquez1539,1
/@ErvinLeonardoCarreraLat%C3%ADn,/@alvaroesquivel563,1
/@ErvinLeonardoCarreraLat%C3%ADn,/@nestormendez6216,1
/@ErvinLeonardoCarreraLat%C3%ADn,/@cuabatzjj5924,1
/@ErvinLeonardoCarreraLat%C3%ADn,/@marcomendez7509,1
/@ErvinLeonardoCarreraLat%C3%ADn,/@elmorodriguez6978,1
/@ErvinLeonardoCarreraLat%C3%ADn,/@danyraymundo2942,1
/@ErvinLeonardoCarreraLat%C3%ADn,/@beneficioelcaminovillacana8540,1
/@ErvinLeonardoCarreraLat%C3%ADn,/@RolandoRaguay,1
/@ErvinLeonardoCarreraLat%C3%ADn,/@mireyamorales6595,1
/@ErvinLeonardoCarreraLat%C3%ADn,/@OdilioRodr%C3%ADguez-c5w,1
/@ErvinLeonardoCarreraLat%C3%ADn,/@lizardomorataya8274,1
/@ErvinLeonardoCarreraLat%C3%ADn,/@carlosmedranovelasquez6380,1
/@ErvinLeonardoCarreraLat%C3%ADn,/@davidgaher9550,1
/@ErvinLeonardoCarreraLat%C3%ADn,/@Joseroland21,1
/@ErvinLeonardoCarreraLat%C3%ADn,/@MrDuenderojo,1
/@ErvinLeonardoCarreraLat%C3%ADn,/@carlosaguilar-kz7ml,1
/@ErvinLeonardoCarreraLat%C3%ADn,/@LE_A22,1
/@ErvinLeonardoCarreraLat%C3%ADn,/@ArielRodas-g5y,1
/@ErvinLeonardoCarreraLat%C3%ADn,/@HaroldoCastillo-rh9iw,1
/@ErvinLeonardoCarreraLat%C3%ADn,/@SoniaMarroquin-y6e,1
/@ErvinLeonardoCarreraLat%C3%ADn,/@fredymendez1786,1
/@ErvinLeonardoCarreraLat%C3%ADn,/@nestorlorenzana1168,1
/@ErvinLeonardoCarreraLat%C3%ADn,/@luisletona2842,1
/@ErvinLeonardoCarreraLat%C3%ADn,/@dantesarti4351,1
/@ErvinLeonardoCarreraLat%C3%ADn,/@welfrealdana5559,1
/@ErvinLeonardoCarreraLat%C3%ADn,/@monkchapin,1
/@ErvinLeonardoCarreraLat%C3%ADn,/@andyB5280,1
/@ErvinLeonardoCarreraLat%C3%ADn,/@Jel.Awesh.M,1
/@ErvinLeonardoCarreraLat%C3%ADn,/@byronpontaza,1
/@ErvinLeonardoCarreraLat%C3%ADn,/@JosueRamirez-ey3ih,1
/@ErvinLeonardoCarreraLat%C3%ADn,/@oswaldosolis8728,1
/@ErvinLeonardoCarreraLat%C3%ADn,/@jor77cas,1
/@GilmarMaldonado-q9m,/@jor77cas,1
